artist,event_year,release_year,release_title,release_country
Måns Zelmerlöw,2015,2009,Hope & Glory,SE
Måns Zelmerlöw,2015,2014,Barcelona Sessions,SE
Måns Zelmerlöw,2015,2016,Love Love Peace Peace,XW
Måns Zelmerlöw,2015,2021,Circles and Squares,XW
Måns Zelmerlöw,2015,2013,Beautiful Life,
Måns Zelmerlöw,2015,2014,Barcelona Sessions,AL
Måns Zelmerlöw,2015,2010,Christmas With Friends,SE
Måns Zelmerlöw,2015,2025,Revolution,XW
Måns Zelmerlöw,2015,2007,Cara Mia,SE
Måns Zelmerlöw,2015,2009,MZW,XW
Måns Zelmerlöw,2015,2015,Heroes (Remixes),XW
Måns Zelmerlöw,2015,2015,Kära Vinter,SE
Måns Zelmerlöw,2015,2016,Fire In The Rain,SE
Måns Zelmerlöw,2015,2007,Stand by for…,XW
Måns Zelmerlöw,2015,2009,MZW,PL
Måns Zelmerlöw,2015,2015,Heroes (Remixes),
Måns Zelmerlöw,2015,2019,Walk With Me,XW
Måns Zelmerlöw,2015,2007,All I Want For Christmas Is You,SE
Måns Zelmerlöw,2015,2011,Kära Vinter,AL
Måns Zelmerlöw,2015,2015,Heroes (Alex Moreno remix),XW
Måns Zelmerlöw,2015,2015,Heroes,SE
Måns Zelmerlöw,2015,2019,Fuego,XE
Måns Zelmerlöw,2015,2009,MZW,MX
Måns Zelmerlöw,2015,2009,MZW,SE
Måns Zelmerlöw,2015,2007,Stand by for...,SE
Måns Zelmerlöw,2015,2022,Let´s Sing (It´s Christmas Time),XW
Måns Zelmerlöw,2015,2019,TIME,XW
Måns Zelmerlöw,2015,2015,Perfectly Damaged,XW
Måns Zelmerlöw,2015,2015,Heroes,
Måns Zelmerlöw,2015,2015,Perfectly Damaged,SE
Måns Zelmerlöw,2015,2015,Heroes,DK
Måns Zelmerlöw,2015,2016,Chameleon,XW
Måns Zelmerlöw,2015,2007,Work of Art (Da Vinci),SE
Måns Zelmerlöw,2015,2019,Walk With Me (live),XW
Måns Zelmerlöw,2015,2016,Stayin' Alive,
Måns Zelmerlöw,2015,2016,Perfectly Re:Damaged,AT
Måns Zelmerlöw,2015,2016,Rien Que Nous Deux (Hanging On To Nothing),XW
Måns Zelmerlöw,2015,2007,Brother Oh Brother,
Måns Zelmerlöw,2015,2013,Broken Parts,
Måns Zelmerlöw,2015,2016,Perfectly Re:Damaged,BE
Måns Zelmerlöw,2015,2016,Chameleon,SE
Måns Zelmerlöw,2015,2016,Perfectly Re:Damaged,US
Il Volo,2015,2013,Buon Natale: The Christmas Album,US
Il Volo,2015,2013,Constantemente mía,US
Il Volo,2015,2019,Musica,
Il Volo,2015,2011,Il volo,US
Il Volo,2015,2011,Il volo (Special Christmas Edition),
Il Volo,2015,2017,Notte Magica - A Tribute to the Three Tenors,XW
Il Volo,2015,2019,Musica,IT
Il Volo,2015,2015,Grande amore,AU
Il Volo,2015,2024,Capolavoro (English version),XW
Il Volo,2015,2011,Il volo,
Il Volo,2015,2025,Live at the Valley of the Temples,
Il Volo,2015,2024,Ad astra,XE
Il Volo,2015,2015,Grande amore,
Il Volo,2015,2021,Tribute To Ennio Morricone - Live At Arena Di Verona,
Il Volo,2015,2013,Más que amor,US
Il Volo,2015,2015,L'amore si muove,
Il Volo,2015,2015,The Platinum Collection,IT
Il Volo,2015,2018,Ámame,
Il Volo,2015,2016,Notte Magica - A Tribute to the Three Tenors,MX
Il Volo,2015,2011,Il volo,US
Il Volo,2015,2013,We Are Love (Live From The Fillmore Miami Beach At Jackie Gleason Theater),XW
Il Volo,2015,2011,Il volo,IT
Il Volo,2015,2015,L'amore si muove,IT
Il Volo,2015,2024,Ad astra (international edition),IT
Il Volo,2015,2016,Grande Amore (UK deluxe edition),GB
Il Volo,2015,2012,Il Volo…Takes Flight: Live from the Detroit Opera House,XE
Il Volo,2015,2019,The Best Of 10 Years,IT
Il Volo,2015,2012,Il Volo…Takes Flight: Live from the Detroit Opera House,AR
Il Volo,2015,2015,Sanremo grande amore,
Il Volo,2015,2021,Il Volo Sings Morricone,DE
Il Volo,2015,2011,'O sole mio,
Il Volo,2015,2019,Musica che resta,XW
Il Volo,2015,2024,Ad astra (international edition),IT
Il Volo,2015,2001,Buon Natale: The Christmas Album,US
Il Volo,2015,2015,Sanremo grande amore,
Il Volo,2015,2015,Grande amore,
Il Volo,2015,2012,Il Volo...Takes Flight,US
Il Volo,2015,2024,Capolavoro,XW
Il Volo,2015,2010,Il Volo,
Il Volo,2015,2015,Grande amor,XE
Il Volo,2015,2012,We Are Love,
Il Volo,2015,2016,Notte Magica - A Tribute To The Three Tenors,XE
Il Volo,2015,2011,Christmas Favorites,
Il Volo,2015,2011,Il volo,IT
Il Volo,2015,2011,Il volo (edición en español),US
Il Volo,2015,2018,Noche sin día,US
Il Volo,2015,2015,Grande amore (international version),
Il Volo,2015,2019,Musica,JP
Il Volo,2015,2019,10 Years - The Best Of,XW
Il Volo,2015,2024,Ad astra,IT
Il Volo,2015,2012,We Are Love,XE
Il Volo,2015,2011,Il volo,
Il Volo,2015,2015,Grande amore (Eurovision version),
Il Volo,2015,2024,Capolavoro,XW
Il Volo,2015,2019,Musica,
Loïc Nottet,2015,2020,Heartbreaker,XW
Loïc Nottet,2015,2024,Addictocrate*,XW
Loïc Nottet,2015,2019,Candy,XW
Loïc Nottet,2015,2023,Addictocrate,XE
Loïc Nottet,2015,2023,Addictocrate,
Loïc Nottet,2015,2015,Rhythm Inside,BE
Loïc Nottet,2015,2016,Million Eyes,XW
Loïc Nottet,2015,2017,Selfocracy,FR
Loïc Nottet,2015,2017,Doctor,XW
Loïc Nottet,2015,2020,Sillygomania,XW
Guy Sebastian,2015,2015,Spirit of the Anzacs,GB
Guy Sebastian,2015,2018,Feel Alright (Steerner remix),
Guy Sebastian,2015,2012,Message In A Bottle,XW
Guy Sebastian,2015,2009,Like It Like That,AL
Guy Sebastian,2015,2013,Bed of Clouds,AU
Guy Sebastian,2015,2009,Art of Love,IT
Guy Sebastian,2015,2007,Cover On My Heart,AU
Guy Sebastian,2015,2004,Beautiful Life,AU
Guy Sebastian,2015,2012,Armageddon,AU
Guy Sebastian,2015,2020,Standing With You,AU
Guy Sebastian,2015,2010,Who’s That Girl,AU
Guy Sebastian,2015,2007,The Memphis Album,AF
Guy Sebastian,2015,2015,Tonight Again (short edit),
Guy Sebastian,2015,2025,Get It Done,XW
Guy Sebastian,2015,2012,Gold,XW
Guy Sebastian,2015,2014,Madness,AU
Guy Sebastian,2015,2020,T. R. U. T. H.,
Guy Sebastian,2015,2014,Madness,AF
Guy Sebastian,2015,2023,I Chose Good,
Guy Sebastian,2015,2012,Armageddon,AU
Guy Sebastian,2015,2013,Battle Scars,XW
Guy Sebastian,2015,2015,Black And Blue,XW
Guy Sebastian,2015,2006,Elevator Love,AU
Guy Sebastian,2015,2007,The Memphis Album,AU
Guy Sebastian,2015,2008,The Memphis Album,AI
Guy Sebastian,2015,2024,Antidote,XW
Guy Sebastian,2015,2020,T. R. U. T. H.,AU
Guy Sebastian,2015,2003,Angels Brought Me Here,AU
Guy Sebastian,2015,2019,Choir (remix),US
Guy Sebastian,2015,2009,Art of Love,IT
Guy Sebastian,2015,2008,The Memphis Tour,AU
Guy Sebastian,2015,2012,Battle Scars,US
Guy Sebastian,2015,2024,Antidote (Acoustic),XW
Guy Sebastian,2015,2003,Just as I Am,AU
Guy Sebastian,2015,2016,Part 1 EP,XW
Guy Sebastian,2015,2010,Twenty Ten,AU
Guy Sebastian,2015,2018,Before I Go,AF
Guy Sebastian,2015,2013,Battle Scars (Official Remixes),XW
Guy Sebastian,2015,2009,Like It Like That,AL
Guy Sebastian,2015,2012,Armageddon,AU
Guy Sebastian,2015,2015,Madness,XE
Guy Sebastian,2015,2009,Like It Like That,
Guy Sebastian,2015,2017,Conscious,AU
Guy Sebastian,2015,2025,100 Times Around the Sun,
Guy Sebastian,2015,2009,Like It Like That,AU
Guy Sebastian,2015,2012,Armageddon,AU
Guy Sebastian,2015,2004,Out With My Baby,AU
Guy Sebastian,2015,2006,Closer To The Sun,XW
Guy Sebastian,2015,2011,Don’t Worry Be Happy,
Guy Sebastian,2015,2025,Cupid,XW
Guy Sebastian,2015,2025,100 Times Around the Sun,AU
Guy Sebastian,2015,2003,Just as I Am,ID
Guy Sebastian,2015,2015,Madness,DZ
Guy Sebastian,2015,2006,Closer to the Sun,AU
Guy Sebastian,2015,2017,Conscious,GB
Guy Sebastian,2015,2008,Receive the Power,AU
Guy Sebastian,2015,2014,Madness,AF
Guy Sebastian,2015,2018,Before I Go,AT
Guy Sebastian,2015,2016,Set in Stone,AU
Guy Sebastian,2015,2012,Armageddon,AU
Guy Sebastian,2015,2016,Desert,
Guy Sebastian,2015,2017,High on Me,AU
Guy Sebastian,2015,2008,The Memphis Tour,AI
Guy Sebastian,2015,2019,Choir,XW
Guy Sebastian,2015,2014,Madness,DZ
Guy Sebastian,2015,2014,Like a Drum,DE
Guy Sebastian,2015,2010,Twenty Ten,DZ
Guy Sebastian,2015,2015,Tonight Again,XW
Guy Sebastian,2015,2018,Feel Alright (remixes),
Guy Sebastian,2015,2017,Feel Alright,
Guy Sebastian,2015,2010,All to Myself,
Guy Sebastian,2015,2017,Stay in Bed,XW
Mørland,2015,2015,A Monster Like Me (singback),XW
Mørland,2015,2016,Make a Sail,XW
Bojana Stamenov,2015,2015,Beauty Never Lies,
Nadav Guedj,2015,2015,Nadav Guedj,XW
Nadav Guedj,2015,2018,מה את אומרת,
Nadav Guedj,2015,2018,Ma At Omeret,IL
Nadav Guedj,2015,2017,Ulay Nedaber,XW
Nadav Guedj,2015,2026,בלי יד על הדופק,XW
Nadav Guedj,2015,2018,לרקוד ולזוז,XW
Jamala,2016,2015,Подих,XW
Jamala,2016,2026,Обіймай,XW
Jamala,2016,2021,Вдячна,XW
Jamala,2016,2023,QIRIM,XW
Jamala,2016,2016,1944,XE
Jamala,2016,2026,РУХ МІЙ,XW
Jamala,2016,2023,10,
Jamala,2016,2022,ПОКЛИК,XW
Jamala,2016,2013,All Or Nothing,UA
Jamala,2016,2021,Ми,XW
Jamala,2016,2015,Шлях додому,XW
Jamala,2016,2016,1944,XW
Jamala,2016,2011,For Every Heart,UA
Jamala,2016,2026,РУХ МІЙ,UA
Jamala,2016,2017,I Believe in U,XW
Jamala,2016,2026,Замовкни,XW
Jamala,2016,2018,Крила,XW
Jamala,2016,2023,Spotify Singles,
Jamala,2016,2023,Ми,XW
Jamala,2016,2023,I Believe in U,XW
Jamala,2016,2024,QIRIM,UA
Jamala,2016,2019,10,UA
Jamala,2016,2014,Заплуталась,XW
Jamala,2016,2014,Чому квіти мають очі,XW
Jamala,2016,2025,Ми ховаємся,XW
Jamala,2016,2014,Thank You,UA
Jamala,2016,2015,Подих,XW
Jamala,2016,2022,05:45,XW
Jamala,2016,2018,Крила,XW
Jamala,2016,2016,Подих,UA
Jamala,2016,2021,05:45,XW
Jamala,2016,2019,Крила,UA
Jamala,2016,2014,Thank You,XW
Jamala,2016,2015,Дыхание,XW
Jamala,2016,2023,Крила,XW
Jamala,2016,2019,Забирай,XW
Jamala,2016,2023,Spotify Singles,
Jamala,2016,2015,Подих,UA
Jamala,2016,2016,1944,XW
Jamala,2016,2019,10,XW
Dami Im,2016,2014,Gladiator,AU
Dami Im,2016,2014,Heart Beats,AU
Dami Im,2016,2021,My Reality,XW
Dami Im,2016,2021,We’re All Fruit Salad! (Korean & English Version),
Dami Im,2016,2021,My Reality,AU
Dami Im,2016,2014,I Am Australian,
Dami Im,2016,2014,Heart Beats,AU
Dami Im,2016,2013,Alive,AU
Dami Im,2016,2013,One (X Factor Performance),
Dami Im,2016,2013,Dami Im,AU
Dami Im,2016,2023,Christmas Songbook,AU
Dami Im,2016,2018,I Hear a Song,AU
Dami Im,2016,2019,Live Sessions EP,XW
Dami Im,2016,2019,Crying Underwater,XW
Dami Im,2016,2016,Classic Carpenters,AU
Dami Im,2016,2023,In Between,AU
Dami Im,2016,2016,Classic Carpenters,AU
Dami Im,2016,2016,Sounds of Silence,AU
Dami Im,2016,2014,Gladiator (7th Heaven Remixes),XW
Dami Im,2016,2020,Marching On,XW
Dami Im,2016,2016,Fighting for Love,AF
Dami Im,2016,2018,I Hear a Song,AU
Dami Im,2016,2016,Sound of Silence (Remixes),XW
Dami Im,2016,2020,Kiss You Anyway,XW
Dami Im,2016,2015,Smile,AU
Dami Im,2016,2010,Dream,AU
Dami Im,2016,2014,Super Love (7th Heaven Remix),XW
Dami Im,2016,2014,Jolene (Acoustic),AU
Dami Im,2016,2014,Super Love,AU
Dami Im,2016,2024,A New Era,XW
Dami Im,2016,2015,Smile,XW
Dami Im,2016,2019,Isn’t She Lovely,AU
Dami Im,2016,2016,Sound of Silence,XW
Dami Im,2016,2016,Fighting For Love (7th Heaven Remix),XW
Dami Im,2016,2014,Gladiator,
Frans,2016,1999,Ik pluk 'n ster / Ein Stern am Himmel ist noch frei,NL
Frans,2016,1997,Eens schijnt weer de zon,NL
Frans,2016,2003,Live in Ahoy 2003,NL
Frans,2016,1999,Plezier In Wat We Doen,NZ
Frans,2016,1996,Voor jou,NL
Frans,2016,1998,Wat ik je zeggen wil,NL
Frans,2016,2004,Kerst met Frans Bauer,NL
Frans,2016,1997,Weil ich Dich liebe,DE
Frans,2016,1999,Diep in mijn hart / Santa Lucia,NL
Frans,2016,1995,'n Dag uit duizend dromen,NL
Frans,2016,2003,Jouw hart is als chocolade,NL
Frans,2016,1999,Torero,NL
Frans,2016,1987,Ben je jong / Als we helpen,NL
Frans,2016,1993,Op weg naar het geluk,NL
Frans,2016,2005,10 jaar hits,NL
Frans,2016,2001,Durf te dromen,NL
Frans,2016,2004,Rondje Hollands,NL
Frans,2016,1997,Frans Bauer & Marianne Weber,NL
Frans,2016,2003,’n Ons geluk,NL
Frans,2016,2000,Voor een ieder die mij lief is,NL
Frans,2016,2001,Zie je al die zonnestralen,NL
Frans,2016,1998,Ik wil met jou dansen,NL
Frans,2016,1995,Veel Liefs,NL
Frans,2016,2005,Om van te dromen,NL
Frans,2016,2000,Wat ik zou willen,NL
Frans,2016,1998,Ich hör' dein Herz ganz leise Weinen / Ein Stern am Himmel ist noch frei,NL
Frans,2016,1993,Eens komt er 'n dag,NL
Frans,2016,1998,Was Dir mein Herz nicht sagen kann,DE
Frans,2016,1996,Julio Medley,NL
Frans,2016,2000,In Venedig fängt der Himmel an / Santa Lucia,DE
Frans,2016,1996,Nu zijn we alle twee artiesten,NL
Frans,2016,2003,Die heißen Nächte von San Jose / Grenzenlos,DE
Frans,2016,2005,Hé lekker ding,NL
Frans,2016,1994,Als sterren aan de hemel staan,NL
Frans,2016,1996,Eens komt er voor jou 'n dag,NL
Frans,2016,2002,"Sieben Rosen, sieben Tränen",DE
Frans,2016,1995,Verloren,NL
Frans,2016,2004,Daar heb je vrienden voor...,NL
Frans,2016,2005,Weet dat het zonnetje schijnt,
Frans,2016,1997,De regenboog,NL
Frans,2016,2001,Weine nicht Corinna,
Frans,2016,2001,'n Beetje liefde,NL
Frans,2016,2001,Wer an Träume glaubt,DE
Frans,2016,2000,Op weg naar het geluk,NL
Frans,2016,2002,"Zeven rozen, zeven jaren / Always Look on the Bright Side of Life",NL
Frans,2016,1998,Live in Ahoy,NL
Frans,2016,2000,Wat ik zou willen,NL
Frans,2016,1998,Der letze Tango,AT
Frans,2016,2004,Had ik maar nooit naar jou gekeken,NL
Frans,2016,2005,Daar heb je vrienden voor...,NL
Frans,2016,2000,Kijk in m’n ogen,NL
Frans,2016,2000,Gold - 32 Original Hits,
Frans,2016,2002,Eens schijnt voor jou de zon,NL
Frans,2016,1999,De luchtballon,NL
Frans,2016,2004,Hollandse hits,NL
Frans,2016,1996,Liebesbriefe,DE
Frans,2016,2003,Tausend Träume,DE
Frans,2016,2001,Kerstfeest met Frans Bauer & Marianne Weber,NL
Frans,2016,2000,Ganz tief ins Herz,DE
Frans,2016,1997,Ich träum von Dir heut Nacht (Weil ich Dich liebe) / Verloren,NL
Frans,2016,2003,Grenzenlos,DE
Frans,2016,2001,"Ay, ay, ay... 'n beetje amore",NL
Frans,2016,2000,Für Dich - die 32 schönsten Liebeslieder,NL
Frans,2016,1996,Buenos dias weiße Taube / Teenager Melodie,NL
Frans,2016,1998,Was dir mein Herz sagen kann,DE
Frans,2016,1998,Wat ik je zeggen wil,NL
Frans,2016,2005,Ich will mit Dir tanzen,XE
Frans,2016,1994,Frans Bauer,NL
Frans,2016,1997,Bella Madonna,NL
Frans,2016,2002,Dicht bij jou,NL
Frans,2016,1999,Für Dich,DE
Frans,2016,1995,Het leven is te mooi,NL
Frans,2016,1998,Op zoek naar jouw liefde,NL
Frans,2016,2003,Heb je even voor mij,NL
Frans,2016,1999,Samen met jou,NL
Frans,2016,2000,Zeven brieven,NL
Frans,2016,2000,Jouw ogen stralen als de zon / Kon ik maar voor altijd bij jou zijn,NL
Frans,2016,1996,Nu zijn we alle twee artiesten,NL
Frans,2016,2002,Zie je al die zonnestralen,NL
Frans,2016,2001,Sehnsucht,DE
Frans,2016,1988,Samen naar Griekenland / Oma,NL
Frans,2016,2002,Live in Ahoy’ 2001,NL
Frans,2016,2001,Heut' fängt die Sehnsucht an,DE
Frans,2016,1996,Op rode rozen vallen tranen / Ik ben en blijf je kind,NL
Frans,2016,1999,Für Dich … Die schönsten Liebeslieder,DE
Frans,2016,1999,Frans Bauer & Corry Konings,NL
Frans,2016,2003,Heb je even voor mij,NL
Frans,2016,2004,Kerst met Frans Bauer,NL
Frans,2016,1995,Waarom heb jij mij verlaten?,NL
Frans,2016,1989,Eens / Maar het zijn slechts dromen,NL
Frans,2016,2006,De leipe Bauer flavour,NL
Frans,2016,2000,Zijn Grootste Hits,NL
Frans,2016,2003,'n Ons geluk,NL
Frans,2016,1999,Ich will mit dir tanzen,AT
Frans,2016,1999,Die zomernachten van San José / Geluk is ’n klein moment,NL
Frans,2016,2006,Liefde is,
Frans,2016,2000,Zijn Grootste Hits,NL
Frans,2016,1990,"Op weg naar het geluk / Darling, oui je t'aime",NL
Frans,2016,2008,Al duurt de nacht tot morgenvroeg,BE
Frans,2016,2009,Amore,NL
Frans,2016,2011,Mijn hart gaat zo tekeer,BE
Frans,2016,2008,Duetten,NL
Frans,2016,2012,Alle 40 goed,NL
Frans,2016,2020,Geen centen maar spullen,XW
Frans,2016,2022,"Hoofd, schouders, knie en teen",
Frans,2016,2011,Gloednieuw,NL
Frans,2016,2008,Kerstfeest,BE
Frans,2016,2025,Heb je al genoeg genoten,XW
Frans,2016,2011,Mijn hart gaat zo tekeer,NL
Frans,2016,2014,Ra ta ta da da da,NL
Frans,2016,2009,Geen woorden,NL
Frans,2016,2018,De Bauer 100,NL
Frans,2016,2006,'n Beetje zonneschijn,NL
Frans,2016,2011,Wat moet ik toch zonder jou? / Frans Bauer familiedag,BE
Frans,2016,2016,"Geluk, hoop & liefde",NL
Frans,2016,2006,Liefde is ...,NL
Frans,2016,2013,Feesten met de Sam,BE
Frans,2016,2009,Om van te dromen,XW
Frans,2016,2006,Het beste van Frans Bauer in Ahoy,NL
Frans,2016,2006,’n Zalige Kerst!,XE
Frans,2016,2014,Lieve schat,NL
Frans,2016,2007,1000 lieve woorden,NL
Frans,2016,2023,Naar de Playa,
Frans,2016,2010,Amore,NL
Frans,2016,2006,Bauer Top 100,NL
Frans,2016,2008,Als ik met jou op wolken zweef,NL
Frans,2016,2006,Het is feest,NL
Frans,2016,2022,Vaya Con Dios,
Frans,2016,2026,Zij hoort bij mij,XW
Frans,2016,2007,Van de nacht maken wij 'n fiësta,NL
Frans,2016,2008,Frans Bauer & Marianne Weber,NL
Frans,2016,2011,Back to Back,NL
Frans,2016,2007,Kom dans met mij,BE
Frans,2016,2008,’n Zalige zomer,NL
Frans,2016,2019,Ik heb je lief,NL
Frans,2016,2006,Un dos très,NL
Frans,2016,2008,Schön War die Zeit,DE
Frans,2016,2009,Voor elke dag,NL
Frans,2016,2008,Hun grootste duetten,NL
Frans,2016,2008,Zijn grootste successen,NL
Frans,2016,2008,Frans Bauer & Marianne Weber,NL
Frans,2016,2018,Levenslied,NL
Frans,2016,2007,’n Zalige Kerst!,NL
Frans,2016,2009,Het beste van Frans Bauer,BE
Frans,2016,2006,Kerst met Frans Bauer,NL
Frans,2016,2009,Stille nacht,NL
Frans,2016,2008,Frans Bauer & Marianne Weber,XW
Frans,2016,2006,Collections,XE
Frans,2016,2008,Zijn 50 mooiste duetten,NL
Frans,2016,2006,Voor altijd,NL
Frans,2016,2018,Levenslied,NL
Frans,2016,2013,De mooiste jaren komen nog,NL
Frans,2016,2016,Top 40 Frans Bauer (His Ultimate Top 40 Collection),XE
Frans,2016,2006,Kerst met Frans Bauer,NL
Frans,2016,2024,Van Brabant naar Bordeaux,XW
Frans,2016,2012,De koningen van het Nederlandstalige lied 3 - De allergrootste hits!,BE
Frans,2016,2008,Schau in meine Augen,XE
Amir,2016,2016,Au cœur de moi,FR
Amir,2016,2020,La Fête,XE
Amir,2016,2018,Addictions,FR
Amir,2016,2016,Au cœur de moi,FR
Amir,2016,2020,Ressources,FR
Amir,2016,2023,Grandir,FR
Amir,2016,2021,Ressources,XW
Amir,2016,2016,Au cœur de moi,FR
Amir,2016,2016,On dirait (Willy William Remix),XE
Amir,2016,2022,R3SSOURCES,XW
Amir,2016,2020,Si On N'aime Qu'une Fois - Η Λέξη Σ' Αγαπώ,
Amir,2016,2025,Nous,XW
Amir,2016,2020,Ressources,DE
Amir,2016,2024,C Amir,
Amir,2016,2024,Sommet,XW
Amir,2016,2021,1+1 (Banx & Ranx remix),XW
Amir,2016,2017,Addictions,FR
Amir,2016,2017,Addictions,FR
Amir,2016,2017,États d'amour,FR
Amir,2016,2024,C Amir,FR
Amir,2016,2013,Désenchantée,FR
Amir,2016,2025,C amir²,XW
Amir,2016,2021,Ressources,FR
Amir,2016,2018,Longtemps,
Amir,2016,2017,Addictions,FR
Amir,2016,2022,R3SSOURCES,FR
Amir,2016,2020,Toi,XW
Amir,2016,2020,Ressources,FR
Amir,2016,2019,Addictions (Ultimate Version),FR
Amir,2016,2018,Comme Les Oiseaux,XE
Amir,2016,2017,Addictions,XW
Amir,2016,2016,J'ai cherché,CA
Amir,2016,2017,No Vacancy (French language version),XW
Amir,2016,2020,Si on n'aime qu'une fois,XE
Amir,2016,2016,Au cœur de moi,
Amir,2016,2020,Ressources,XW
Amir,2016,2019,5 minutes avec toi,
Amir,2016,2022,R3SSOURCES,AF
Iveta Mukuchyan,2016,2025,Make Me Feel (Notre Dame remix),XW
Iveta Mukuchyan,2016,2020,Mez Vochinch Chi Haghti,XW
Michał Szpak,2016,2018,Dreamer,PL
Michał Szpak,2016,2018,Dreamer Special Edition,PL
Michał Szpak,2016,2011,XI,PL
Michał Szpak,2016,2015,Byle Być Sobą,PL
Donny Montell,2016,2018,Nieko verta (Uk club remix),XW
Donny Montell,2016,2012,Donny Montell,XW
Donny Montell,2016,2017,Nieko verta,
Donny Montell,2016,2016,Per amžius su Vyčiu už laisvą Tėvynę,XW
Donny Montell,2016,2016,Tai mūsų laikas,
Donny Montell,2016,2016,#BLCK,XW
Donny Montell,2016,2023,Mergaitės nori mylėt,XW
Donny Montell,2016,2016,I’ve Been Waiting for This Night: Eurovision 2016 – Lithuania,
Donny Montell,2016,2023,Jausmai,XW
Donny Montell,2016,2020,Kol vakaras ilgas,XW
Donny Montell,2016,2018,Nieko verta (UK club remix),XW
Donny Montell,2016,2024,Star,XW
Donny Montell,2016,2014,Tik tau vienai (live acoustic),XW
Donny Montell,2016,2014,Tik tau vienai (deluxe version),
Donny Montell,2016,2022,Lūpos kaip medus,XW
Donny Montell,2016,2024,Sudužusi širdis,XW
Donny Montell,2016,2021,1987,LT
Donny Montell,2016,2017,Nieko verta,XW
Donny Montell,2016,2024,Ikaras,XW
Donny Montell,2016,2022,Bėgam,XW
Donny Montell,2016,2021,1987,XW
Laura Tesoro,2016,2025,Girlfriend,XW
Laura Tesoro,2016,2019,Limits,XW
Laura Tesoro,2016,2024,So Naive,
Laura Tesoro,2016,2025,Silverline (lean on me),XW
Laura Tesoro,2016,2017,Beast,XW
Laura Tesoro,2016,2025,Beautiful Mistakes,XW
Laura Tesoro,2016,2025,Shining,XW
Laura Tesoro,2016,2014,Outta Here,BE
Laura Tesoro,2016,2026,Bound to Be,XW
Laura Tesoro,2016,2018,Mutual,AF
Salvador Sobral,2017,2017,Amar Pelos Dois,XW
Salvador Sobral,2017,2023,Timbre,ES
Salvador Sobral,2017,2025,Ben poca cosa tens,
Salvador Sobral,2017,2022,Sal,
Salvador Sobral,2017,2017,Excuse Me (Ao Vivo),
Salvador Sobral,2017,2020,Alma Nuestra,ES
Salvador Sobral,2017,2025,Sílvia & Salvador,ES
Salvador Sobral,2017,2019,"Paris, Lisboa",XW
Salvador Sobral,2017,2017,Excuse Me Ao Vivo,PT
Salvador Sobral,2017,2017,Amar Pelos Dois (instrumental),AF
Salvador Sobral,2017,2021,bpm,XW
Salvador Sobral,2017,2025,A Residência,XW
Salvador Sobral,2017,2016,Excuse Me,PT
SunStroke Project,2017,2025,dancing like it's 74,XW
SunStroke Project,2017,2021,Run Away,
SunStroke Project,2017,2010,Run Away,XE
SunStroke Project,2017,2017,Hey Mamma,XE
SunStroke Project,2017,2016,Run Away,
SunStroke Project,2017,2025,Fireshow,XW
SunStroke Project,2017,2010,Run Away,XE
Blanche,2017,2013,Map of the City / Heart and Soul,XW
Blanche,2017,2014,Hints to Pilgrims,US
Blanche,2017,2011,Songs of Blanche Blanche Blanche,XW
Blanche,2017,2013,White/Blanche,US
Blanche,2017,2011,Songs of Blanche Blanche Blanche,US
Blanche,2017,2012,Scam / Press Dumps,XW
Blanche,2017,2017,Wooden Ball,XW
Blanche,2017,2022,"Fiscal, Remote, Distilled",XW
Blanche,2017,2012,Papas Proof,FR
Blanche,2017,2016,Heroes of the Microphone,
Blanche,2017,2014,Termite Music,US
Blanche,2017,2016,Breaking Mirrors,DE
Blanche,2017,2012,Wink With Both Eyes,US
Blanche,2017,2013,Scam / Press Dumps,DE
Blanche,2017,2012,2wice 2wins,XW
Blanche,2017,2012,2wice 2wins,US
Blanche,2017,2014,Termite Music,XW
Blanche,2017,2011,Songs of Blanche Blanche Blanche,DE
Blanche,2017,2014,Hints to Pilgrims,XW
Blanche,2017,2021,Seashells,US
Blanche,2017,2011,Papas Proof,XW
Blanche,2017,2014,Map of the City / Heart and Soul,US
Blanche,2017,2013,Breaking Mirrors,XW
Blanche,2017,2013,White/Blanche,XW
Blanche,2017,2011,Talk Out Loud / Water to Wine,US
Blanche,2017,2012,Wink With Both Eyes,XW
Blanche,2017,2012,2wice 2wins / Songs for Music,US
Blanche,2017,2017,Our Place,XW
Blanche,2017,2016,2wice 2wins / Songs for Music,DE
Blanche,2017,2013,Wooden Ball,XW
Blanche,2017,2012,Open Session Rock,XW
Blanche,2017,2021,Seashells,XW
Robin Bengtsson,2017,2017,I Can't Go On (Remix),
Robin Bengtsson,2017,2012,Tjena tjena tjena,
Robin Bengtsson,2017,2016,That's Christmas To Me / Have Yourself A Merry Little Christmas,
Robin Bengtsson,2017,2019,Friendzoned,DZ
Robin Bengtsson,2017,2019,Mama’s Song,DZ
Robin Bengtsson,2017,2012,Domino (Jessie J acoustic cover),SE
Robin Bengtsson,2017,2019,Just Let It Go,DZ
Robin Bengtsson,2017,2012,Cross the Universe,SE
Robin Bengtsson,2017,2017,I Can't Go On,SE
Robin Bengtsson,2017,2026,Honey Honey,XW
Robin Bengtsson,2017,2020,Take a Chance,DZ
Robin Bengtsson,2017,2018,Never Born To Love,
Francesco Gabbani,2017,2025,Dalla mia parte,XW
Francesco Gabbani,2017,2016,Eternamente ora,IT
Francesco Gabbani,2017,2017,Magellan,AF
Francesco Gabbani,2017,2025,Viva la vita,XW
Francesco Gabbani,2017,2017,Occidentali's Karma,IT
Francesco Gabbani,2017,2019,Eternamente ora,AF
Francesco Gabbani,2017,2021,Spazio Tempo,
Francesco Gabbani,2017,2022,Volevamo solo essere felici,IT
Francesco Gabbani,2017,2024,Frutta malinconia,
Francesco Gabbani,2017,2017,Magellano,IT
Francesco Gabbani,2017,2017,Magellano,IT
Francesco Gabbani,2017,2017,Occidentali's Karma,XE
Francesco Gabbani,2017,2025,Dalla tua parte,IT
Francesco Gabbani,2017,2022,Volevamo solo essere felici,
Francesco Gabbani,2017,2026,Summer Funk,XW
Francesco Gabbani,2017,2020,Viceversa,XE
Francesco Gabbani,2017,2017,Pachidermi e pappagalli,IT
Francesco Gabbani,2017,2023,L’abitudine,
Francesco Gabbani,2017,2015,Greitist Iz,IT
Francesco Gabbani,2017,2016,Poveri ma ricchi,IT
Francesco Gabbani,2017,2016,Eternamente ora,AF
Francesco Gabbani,2017,2025,Viva la vita,XW
Francesco Gabbani,2017,2016,Amen,IT
Francesco Gabbani,2017,2020,Viceversa,IT
Francesco Gabbani,2017,2026,Summer Funk,XW
Jacques Houdek,2017,2008,Crno I Bijelo,HR
Jacques Houdek,2017,2010,Najljepše ljubavne pjesme,HR
Jacques Houdek,2017,2007,Za Posebne Trenutke,HR
Jacques Houdek,2017,2006,Živim za to,
Jacques Houdek,2017,2004,Čarolija,
JOWST,2017,2017,Grab the Moment,XW
Netta,2018,2023,Everything,XW
Netta,2018,2022,Playground Politica,
Netta,2018,2020,Toy (#NotYourToy remix),XW
Netta,2018,2020,Goody Bag EP,XW
Netta,2018,2020,"The Best of Netta’s Office, Vol. 1",XW
Netta,2018,2026,סרנדה,IL
Netta,2018,2019,BEG,
Netta,2018,2022,מתמטיקה,XW
Netta,2018,2022,Playground Politica,
Netta,2018,2018,Toy (Chen Leiba remixes),US
Netta,2018,2018,Toy,XW
Netta,2018,2021,בום,XW
Netta,2018,2020,Ricki Lake,
Netta,2018,2023,מסיבה רעה,XW
Netta,2018,2021,CEO,XW
Netta,2018,2019,Bassa Sababa,XW
Netta,2018,2020,Goody Bag,XW
Netta,2018,2019,Nana Banana,XW
Netta,2018,2025,Detonate,XW
Netta,2018,2020,The Times They Are a‐Changin’,XW
Netta,2018,2018,Toy (music video version),US
Netta,2018,2023,You Spin Me Round (Like a Record),
Netta,2018,2022,I Love My Nails,
Netta,2018,2024,הכל עליי,XW
Netta,2018,2022,I Love My Nails (KC Lights remix),
Netta,2018,2018,Toy (Sagi Kariv remixes),US
Netta,2018,2019,Bassa Sababa (Global Remixes),AF
Netta,2018,2021,Moustache,XW
Netta,2018,2024,נתק אותי,XW
Netta,2018,2018,Toy,US
Netta,2018,2023,Everything (clean version),XW
Cesár Sampson,2018,2018,Nobody but You,AT
Michael Schulte,2018,2018,Dreamer,DE
Michael Schulte,2018,2020,Highs & Lows (Special Edition),XW
Michael Schulte,2018,2023,Better Me,XW
Michael Schulte,2018,2024,If You Love Me,XW
Michael Schulte,2018,2023,Better Me,
Michael Schulte,2018,2011,Berlin Sessions,
Michael Schulte,2018,2024,Broken Sunshine,XW
Michael Schulte,2018,2012,Carry Me Home,
Michael Schulte,2018,2014,Rock and Scissors,XW
Michael Schulte,2018,2019,Back to the Start,XW
Michael Schulte,2018,2018,Dreamer,DE
Michael Schulte,2018,2020,Keep Me Up,XW
Michael Schulte,2018,2023,Waterfall,
Michael Schulte,2018,2026,Beautiful Reasons,
Michael Schulte,2018,2022,More to This Life,XW
Michael Schulte,2018,2024,Beautiful Reason,XW
Michael Schulte,2018,2023,Remember Me,DE
Michael Schulte,2018,2017,Falling Apart,XW
Michael Schulte,2018,2018,The Love You Left Behind,XW
Michael Schulte,2018,2012,Ohne Dich,XW
Michael Schulte,2018,2017,Hold the Rhythm,
Michael Schulte,2018,2011,"Acoustic Cover (Live), Vol. 2",IT
Michael Schulte,2018,2011,Tears,
Michael Schulte,2018,2018,You Let Me Walk Alone,
Michael Schulte,2018,2025,Afterlife,
Michael Schulte,2018,2022,With You,XW
Michael Schulte,2018,2017,Sophie,XW
Michael Schulte,2018,2014,Thoughts,DE
Michael Schulte,2018,2017,End of My Days,XW
Michael Schulte,2018,2013,My Christmas Classics,DE
Michael Schulte,2018,2011,"Acoustic Cover, Vol. 1 (Live)",IT
Michael Schulte,2018,2016,Money on Me,XW
Michael Schulte,2018,2011,All the Waves,
Michael Schulte,2018,2011,Last Christmas,
Michael Schulte,2018,2021,Stay,XW
Michael Schulte,2018,2022,Remember Me,XW
Michael Schulte,2018,2011,She,
Michael Schulte,2018,2018,Dreamer,
Michael Schulte,2018,2022,With You (Piano Version),XW
Michael Schulte,2018,2014,The Arising,DE
Michael Schulte,2018,2026,5am,DE
Michael Schulte,2018,2018,Never Let You Down,XW
Michael Schulte,2018,2020,Don't You Worry (From The Voice Of Germany),
Michael Schulte,2018,2025,Half of My Heart,XW
Michael Schulte,2018,2023,Remember Me,XW
Michael Schulte,2018,2023,Waterfall,
Michael Schulte,2018,2024,Troublemaker,XW
Michael Schulte,2018,2020,For a Second,XW
Michael Schulte,2018,2010,Soul Traveler,XW
Michael Schulte,2018,2019,Highs & Lows,XE
Michael Schulte,2018,2025,Half of My Heart,XW
Michael Schulte,2018,2012,Jump Before We Fall,XW
Michael Schulte,2018,2013,My Christmas Classics,
Michael Schulte,2018,2019,All I Need,XW
Michael Schulte,2018,2021,Here Goes Nothing,XW
Michael Schulte,2018,2012,Wide Awake,DE
Michael Schulte,2018,2017,Collide,XW
Michael Schulte,2018,2012,"Acoustic Cover (Live), Vol.3",IT
Michael Schulte,2018,2020,Highs & Lows,DE
Michael Schulte,2018,2021,Stay (Pianoversion),XW
Michael Schulte,2018,2020,Wrong Direction,XW
Michael Schulte,2018,2012,Grow Old With Me,XW
Michael Schulte,2018,2014,Light My Fire,XW
Michael Schulte,2018,2021,Bye Bye Bye,XW
Michael Schulte,2018,2011,Good Times,
Michael Schulte,2018,2012,You Said You'd Grow Old With Me,DE
Mikolas Josef,2018,2020,Lalalalalalalalalala,XW
Mikolas Josef,2018,2018,Me Gusta,
Mikolas Josef,2018,2023,Boys Don’t Cry,XW
Mikolas Josef,2018,2019,Acapella,XW
Mikolas Josef,2018,2023,Delilah,GB
Mikolas Josef,2018,2023,Delilah [Short],XW
Mikolas Josef,2018,2025,II,
Mikolas Josef,2018,2019,Colorado,CZ
Benjamin Ingrosso,2018,2019,Tror du at han bryr seg,AF
Benjamin Ingrosso,2018,2018,Dance You Off,AF
Benjamin Ingrosso,2018,2020,Så mycket bättre: Tolkningarna 2020,XW
Benjamin Ingrosso,2018,2018,Dance You Off (Galavant remix),AF
Benjamin Ingrosso,2018,2021,VHS (Spotify studio It’s Hits Recording),XW
Benjamin Ingrosso,2018,2020,Shampoo,AF
Benjamin Ingrosso,2018,2021,Not Anybody’s Fault,XW
Benjamin Ingrosso,2018,2017,One More Time,XW
Benjamin Ingrosso,2018,2022,Playlist,XW
Benjamin Ingrosso,2018,2006,Jag Är En Astronaut,SE
Benjamin Ingrosso,2018,2024,Honey Boy,
Benjamin Ingrosso,2018,2019,Happy Thoughts,XW
Benjamin Ingrosso,2018,2020,Shampoo,AF
Benjamin Ingrosso,2018,2018,Dance You Off (LiTek remix),AF
Benjamin Ingrosso,2018,2018,Identification,AF
Benjamin Ingrosso,2018,2017,Good Lovin’ (acoustic version),XW
Benjamin Ingrosso,2018,2024,All My Life,XW
Benjamin Ingrosso,2018,2024,Honey Boy,XW
Benjamin Ingrosso,2018,2024,Better Days,
Benjamin Ingrosso,2018,2021,I Found You (Dimitri From Paris remix),XW
Benjamin Ingrosso,2018,2021,Smile,XW
Benjamin Ingrosso,2018,2021,Smile (Remixes),XW
Benjamin Ingrosso,2018,2024,Honey Boy (The Sponges Remix),XW
Benjamin Ingrosso,2018,2020,All Night Long (All Night),AF
Benjamin Ingrosso,2018,2020,The Dirt (Nevada remix),AF
Benjamin Ingrosso,2018,2017,Do You Think About Me,XW
Benjamin Ingrosso,2018,2022,Black & Blue,
Benjamin Ingrosso,2018,2019,Rock It (acoustic version),AF
Benjamin Ingrosso,2018,2024,Kite,XW
Benjamin Ingrosso,2018,2024,Track by Track Commentary: Benjamin Ingrosso on Pink Velvet Theatre,
Benjamin Ingrosso,2018,2020,The Dirt (The Remixes),AF
Benjamin Ingrosso,2018,2024,Pink Velvet Theatre,
Benjamin Ingrosso,2018,2022,Black & Blue (Late Nine remix) (extended version),
Benjamin Ingrosso,2018,2021,Smile (additional versions),XW
Benjamin Ingrosso,2018,2020,The Dirt,AI
Benjamin Ingrosso,2018,2020,Shampoo,DZ
Benjamin Ingrosso,2018,2017,Do You Think About Me (Galavant remix),XW
Benjamin Ingrosso,2018,2021,En dag när du blir stor,XW
Benjamin Ingrosso,2018,2017,Good Lovin’,XW
Benjamin Ingrosso,2018,2021,En gång i tiden (del 2),XW
Benjamin Ingrosso,2018,2018,Paradise (acoustic),AF
Benjamin Ingrosso,2018,2015,Crystal Clear,XW
Benjamin Ingrosso,2018,2022,Black & Blue (Late Nine remix),
Benjamin Ingrosso,2018,2022,Komma över dig,
Benjamin Ingrosso,2018,2024,Kite,
Benjamin Ingrosso,2018,2021,I Found You,XW
Benjamin Ingrosso,2018,2015,Home for Christmas,XW
Benjamin Ingrosso,2018,2019,Costa Rica,XW
Benjamin Ingrosso,2018,2021,En gång i tiden,
Benjamin Ingrosso,2018,2020,Shampoo (alternative versions),AL
Benjamin Ingrosso,2018,2018,Identification,SE
Benjamin Ingrosso,2018,2021,I Found You (Myd remix),XW
Benjamin Ingrosso,2018,2018,Dance You Off,AF
Benjamin Ingrosso,2018,2020,The Dirt (Younotus remix),AF
Benjamin Ingrosso,2018,2023,To Love Somebody,XW
Benjamin Ingrosso,2018,2022,Black & Blue,AF
Benjamin Ingrosso,2018,2023,Vilja bli,XW
Benjamin Ingrosso,2018,2018,Behave (remix),AF
Benjamin Ingrosso,2018,2018,Paradise,XW
Benjamin Ingrosso,2018,2021,Flickan på min gata,XW
Benjamin Ingrosso,2018,2022,Live at Konserthuset Stockholm,XW
Benjamin Ingrosso,2018,2024,Look Who’s Laughing Now,XW
Benjamin Ingrosso,2018,2015,Fall in Love,AF
Benjamin Ingrosso,2018,2020,The Dirt,DZ
Benjamin Ingrosso,2018,2019,Spotify Singles,DZ
Benjamin Ingrosso,2018,2021,En gång i tiden,XW
Benjamin Ingrosso,2018,2020,All Night Long (All Night),DZ
Benjamin Ingrosso,2018,2024,Kite,SE
Benjamin Ingrosso,2018,2015,Fall in Love,XW
Benjamin Ingrosso,2018,2018,I Wouldn’t Know,AF
Benjamin Ingrosso,2018,2018,Tror du att han bryr sig,XW
Benjamin Ingrosso,2018,2022,La Incondicional (From Benjamin's),XW
Benjamin Ingrosso,2018,2020,The Dirt (Osrin remix),AF
Benjamin Ingrosso,2018,2024,Pink Velvet Theatre,
Benjamin Ingrosso,2018,2016,Love You Again,XW
Benjamin Ingrosso,2018,2024,Kite (remixes),XW
Benjamin Ingrosso,2018,2018,Paradise (Remixes),AF
Rasmussen,2018,2006,Split,US
Rasmussen,2018,2010,You,
Rasmussen,2018,2009,5ths,AU
Rasmussen,2018,2016,Meer,DE
DoReDoS,2018,2018,My Lucky Day,
DoReDoS,2018,2024,My Lucky Day,XW
Duncan Laurence,2019,2019,Love Don’t Hate It,XW
Duncan Laurence,2019,2020,Worlds On Fire,XW
Duncan Laurence,2019,2023,SKYBOY (THE HOLLYWOOD SESSION),
Duncan Laurence,2019,2020,Small Town Boy,XW
Duncan Laurence,2019,2020,Someone Else (acoustic version),XW
Duncan Laurence,2019,2021,Feel Something (Sammy Porter remix),
Duncan Laurence,2019,2020,Last Night,XW
Duncan Laurence,2019,2021,Small Town Boy,XW
Duncan Laurence,2019,2022,WDIA (Would Do It Again),AF
Duncan Laurence,2019,2021,Small Town Boy in a Big Arcade,XW
Duncan Laurence,2019,2019,Arcade,XW
Duncan Laurence,2019,2021,Small Town Boy in a Big Arcade,XW
Duncan Laurence,2019,2023,Skyboy,
Duncan Laurence,2019,2020,Feel Something,AT
Duncan Laurence,2019,2024,Feel Your Love (Rapture),XW
Duncan Laurence,2019,2020,Feel Something,CA
Duncan Laurence,2019,2020,Feel Something,XW
Duncan Laurence,2019,2020,Loving You Is a Losing Game,XW
Duncan Laurence,2019,2020,Feel Something,BE
Duncan Laurence,2019,2020,Arcade,XW
Duncan Laurence,2019,2020,Small Town Boy,XW
Duncan Laurence,2019,2020,Feel Something,AT
Duncan Laurence,2019,2021,Feel Something (Sammy Porter remix),BE
Duncan Laurence,2019,2023,Rest in Peace,
Duncan Laurence,2019,2023,You'll Never Walk Alone,XW
Duncan Laurence,2019,2025,choking on my words,XW
Duncan Laurence,2019,2021,Feel Something (Tom Staar remix),BE
Duncan Laurence,2019,2023,Rest in Peace,
Duncan Laurence,2019,2023,I Do,XW
Duncan Laurence,2019,2020,Small Town Boy,XW
Duncan Laurence,2019,2021,Feel Something (Tom Staar remix),BE
Duncan Laurence,2019,2023,Anything,
Duncan Laurence,2019,2020,Arcade,XW
Duncan Laurence,2019,2021,Arcade (Sam Feldt remix),XW
Duncan Laurence,2019,2022,Electric Life,
Duncan Laurence,2019,2019,Arcade (acoustic version),XW
Duncan Laurence,2019,2023,Skyboy,
Duncan Laurence,2019,2020,Small Town Boy,XW
Duncan Laurence,2019,2021,Small Town Boy,XW
Duncan Laurence,2019,2022,Electric Life,
Duncan Laurence,2019,2021,Arcade (Sam Feldt remix),XW
Duncan Laurence,2019,2020,Small Town Boy,XW
Duncan Laurence,2019,2021,Feel Something (Sammy Porter remix),
Duncan Laurence,2019,2020,Small Town Boy,NL
Duncan Laurence,2019,2021,Wishes Come True,XW
Mahmood,2019,2019,Soldi (Benny Benassi RMX),IT
Mahmood,2019,2020,Rapide (acoustic version),XW
Mahmood,2019,2019,Soldi,IT
Mahmood,2019,2017,Pesos,
Mahmood,2019,2022,Bel Air,
Mahmood,2019,2020,Moonlight Popolare,XW
Mahmood,2019,2021,Ghettolimpo,XW
Mahmood,2019,2019,Gioventù bruciata,XW
Mahmood,2019,2021,Ghettolimpo,XW
Mahmood,2019,2019,Barrio,XW
Mahmood,2019,2021,Ghettolimpo,IT
Mahmood,2019,2018,Milano Good Vibes,IT
Mahmood,2019,2019,Soldi,IT
Mahmood,2019,2022,Brividi,XW
Mahmood,2019,2018,Gioventù bruciata,IT
Mahmood,2019,2019,Gioventù bruciata,XW
Mahmood,2019,2019,Calipso,IT
Mahmood,2019,2020,Rapide,XW
Mahmood,2019,2018,Uramaki,IT
Mahmood,2019,2023,COCKTAIL D’AMORE,
Mahmood,2019,2019,Soldi,DZ
Mahmood,2019,2018,Gioventù bruciata,IT
Mahmood,2019,2024,NEI LETTI DEGLI ALTRI,XW
Mahmood,2019,2019,Soldi (Denis First RMX),IT
Mahmood,2019,2019,Barrio,XW
Mahmood,2019,2024,Tuta gold,XW
Mahmood,2019,2019,Soldi (Vigiland RMX),IT
Mahmood,2019,2019,Gioventù bruciata,IT
Mahmood,2019,2020,Moonlight popolare,XW
Mahmood,2019,2024,RA TA TA,
Mahmood,2019,2019,Gioventù bruciata,IT
Mahmood,2019,2020,Dorado,IT
Mahmood,2019,2020,Moonlight popolare,
Mahmood,2019,2021,Rubini,
Mahmood,2019,2022,Bel Air,XW
Mahmood,2019,2022,Brividi (MEDUZA remix),XW
Mahmood,2019,2024,NEI LETTI DEGLI ALTRI,IT
Mahmood,2019,2017,Pesos,
Mahmood,2019,2019,Gioventù bruciata,XW
Mahmood,2019,2024,Tuta gold,XW
Mahmood,2019,2017,Luna,IT
Mahmood,2019,2019,Soldi,IT
Mahmood,2019,2016,Dimentica,
Luca Hänni,2019,2023,Not Everyone's Darling,
Luca Hänni,2019,2013,Living the Dream,DE
Luca Hänni,2019,2024,Love Me Better,XW
Luca Hänni,2019,2018,Bei mir,XW
Luca Hänni,2019,2014,Dance Until We Die,CH
Luca Hänni,2019,2024,Stay With Me,
Luca Hänni,2019,2025,Love Is A Lie,XW
Luca Hänni,2019,2020,110 Karat,
Luca Hänni,2019,2021,Just You And Me,XW
Luca Hänni,2019,2012,Don't Think About Me,DE
Luca Hänni,2019,2023,Salsa Ganze Nacht,XW
Luca Hänni,2019,2023,Fire,XW
Luca Hänni,2019,2023,Trompete,XW
Luca Hänni,2019,2021,You Broke Me First,XW
Luca Hänni,2019,2021,Durch die Nacht,XW
Luca Hänni,2019,2019,She Got Me,XW
Luca Hänni,2019,2017,Powder,XW
Luca Hänni,2019,2021,Dynamit,XW
Luca Hänni,2019,2024,Zelien Fur Dich,XW
Luca Hänni,2019,2025,Since We Met,XW
Luca Hänni,2019,2022,Millionar,XW
Luca Hänni,2019,2012,I Will Die for You (Remixes),DE
Luca Hänni,2019,2021,Durch die Nacht,
Luca Hänni,2019,2022,Clouds,XW
Luca Hänni,2019,2015,When We Wake Up,
Luca Hänni,2019,2015,When We Wake Up,DE
Luca Hänni,2019,2012,Don't Think About Me,XE
Luca Hänni,2019,2012,My Name Is Luca,DE
Luca Hänni,2019,2022,Warum Musstest Du Gehen,XW
Luca Hänni,2019,2018,Signs,AF
Luca Hänni,2019,2019,Nebenbei,XW
Luca Hänni,2019,2025,Irresistible,XW
Luca Hänni,2019,2012,My Name Is Luca,DE
Luca Hänni,2019,2022,Ma Bonita,
Luca Hänni,2019,2021,There for You,AL
Luca Hänni,2019,2015,When We Wake Up,CH
KEiiNO,2019,2021,VENUS,XW
KEiiNO,2019,2022,OKTA guokte,XW
KEiiNO,2019,2021,MONUMENT,XW
KEiiNO,2019,2025,Chromium Heart,XW
KEiiNO,2019,2024,Say It Like That,XW
KEiiNO,2019,2021,Spirit in the Sky (KAUTOBAHN Remix),XW
KEiiNO,2019,2020,Transarctic Lover,XW
KEiiNO,2019,2020,OKTA,XW
KEiiNO,2019,2022,MONUMENT (Acoustic),XW
KEiiNO,2019,2019,Vill ha dig,XW
KEiiNO,2019,2021,A New Beginning,XW
KEiiNO,2019,2020,Black Leather,XW
KEiiNO,2019,2024,Damdiggida,
KEiiNO,2019,2021,UNBREAKABLE,XW
KEiiNO,2019,2023,RITMA,XW
KEiiNO,2019,2023,The Sun Always Shines On TV,XW
KEiiNO,2019,2024,Northern Boy,XW
KEiiNO,2019,2023,Insomnia,XW
KEiiNO,2019,2023,Midnight Marina EP,XW
KEiiNO,2019,2023,Get Up,XW
KEiiNO,2019,2024,DiSCO,XW
KEiiNO,2019,2020,I Wanna Dance With Somebody (Who Loves Me),XW
KEiiNO,2019,2021,End of Time (Taste of Heaven),XW
KEiiNO,2019,2025,Midnight Gloria,XW
KEiiNO,2019,2020,Would I Lie,XW
KEiiNO,2019,2019,Shallow,NO
KEiiNO,2019,2021,ADDJAS,XW
KEiiNO,2019,2023,Alt Du Kan Se,XW
KEiiNO,2019,2021,Mellom Bakkar og Berg (Nordmannen),XW
KEiiNO,2019,2019,Spirit in the Sky (Acoustic),
KEiiNO,2019,2020,OKTA,
KEiiNO,2019,2022,On A Night Like This,XW
KEiiNO,2019,2025,Demon Of Your Love,XW
KEiiNO,2019,2021,Okta,NO
KEiiNO,2019,2025,Unstoppable,XW
KEiiNO,2019,2025,End Of The Rainbow,XW
KEiiNO,2019,2025,HALO,XW
KEiiNO,2019,2021,Summer Of My Life,XW
KEiiNO,2019,2022,Nights of Thunder,XW
KEiiNO,2019,2024,"Hero, baby",XW
KEiiNO,2019,2019,Spirit in the Sky,XW
KEiiNO,2019,2022,Mother Of The Night,XW
KEiiNO,2019,2021,DRIVERS LICENSE,XW
KEiiNO,2019,2026,Indigo Night,XW
KEiiNO,2019,2020,A Winter’s Night,AF
John Lundvik,2019,2019,Too Late for Love (Remixes),DZ
John Lundvik,2019,2019,Too Late For Love (Remixes),XW
John Lundvik,2019,2017,With You,DZ
John Lundvik,2019,2016,All About the Games (Official Swedish Song for Rio 2016),XW
John Lundvik,2019,2025,Voice of the Silent,XW
John Lundvik,2019,2019,Too Late For Love,XE
John Lundvik,2019,2019,My Turn,DZ
John Lundvik,2019,2019,One Night in Bangkok,DZ
John Lundvik,2019,2017,Christmas,DZ
John Lundvik,2019,2016,Love Your Body,XW
John Lundvik,2019,2019,Too Late for Love,SE
Chingiz,2019,2019,Truth (Radio Edit),
Lake Malawi,2019,2019,Stuck in the 80's,XW
Lake Malawi,2019,2017,Not My Street,CZ
Lake Malawi,2019,2022,The Great Video Game Crush,XW
Lake Malawi,2019,2017,Surrounded by Light,CZ
Lake Malawi,2019,2014,Always June,XW
Lake Malawi,2019,2021,Shaka Zulu,XW
Lake Malawi,2019,2019,Friend of a Friend,
Lake Malawi,2019,2015,We Are Making Love Again,CZ
Lake Malawi,2019,2020,Lucy,XW
Kate Miller-Heidke,2019,2007,Little Eve,AU
Kate Miller-Heidke,2019,2019,Nightflight,AU
Kate Miller-Heidke,2019,2012,Nightflight,AU
Kate Miller-Heidke,2019,2016,"Where? (From the Opera ""The Rabbits"")",AU
Kate Miller-Heidke,2019,2011,Liberty Bell,US
Kate Miller-Heidke,2019,2019,Zero Gravity,
Kate Miller-Heidke,2019,2004,Telegram,AU
Kate Miller-Heidke,2019,2020,Child in Reverse,XW
Kate Miller-Heidke,2019,2012,Nightflight,XW
Kate Miller-Heidke,2019,2008,Space They Cannot Touch,AU
Kate Miller-Heidke,2019,2009,Kate Miller-Heidke,US
Kate Miller-Heidke,2019,2020,Child in Reverse,AU
Kate Miller-Heidke,2019,2010,Curiouser,US
Kate Miller-Heidke,2019,2009,Live at the Hi-Fi,AU
Kate Miller-Heidke,2019,2017,Live at the Sydney Opera House,AU
Kate Miller-Heidke,2019,2007,Little Eve,AU
Kate Miller-Heidke,2019,2016,Curiouser,AU
Kate Miller-Heidke,2019,2009,The Last Day on Earth,AU
Kate Miller-Heidke,2019,2005,Comikaze,AU
Kate Miller-Heidke,2019,2006,Psycho Killer,AU
Kate Miller-Heidke,2019,2008,Curiouser,AU
Kate Miller-Heidke,2019,2016,The Best of Kate Miller-Heidke: Act One,AU
Kate Miller-Heidke,2019,2016,The Best of Kate Miller-Heidke :: Act One,AU
Kate Miller-Heidke,2019,2014,Fairytale of New York,DE
Kate Miller-Heidke,2019,2013,Heavenly Sounds Live,
Kate Miller-Heidke,2019,2015,I’m Growing a Beard Downstairs for Christmas,
Kate Miller-Heidke,2019,2014,O Vertigo!,AU
Kate Miller-Heidke,2019,2006,Circular Breathing,AU
Kate Miller-Heidke,2019,2008,Curiouser,AU
Kate Miller-Heidke,2019,2007,Words,AU
Kate Miller-Heidke,2019,2007,Live at the Playroom,AU
Kate Miller-Heidke,2019,2014,Drama,AU
Kate Miller-Heidke,2019,2017,Live at the Sydney Opera House,AU
Kate Miller-Heidke,2019,2011,Are You Ready?,US
Kate Miller-Heidke,2019,2008,Can't Shake It,AU
Kate Miller-Heidke,2019,2007,Little Eve,AU
Kate Miller-Heidke,2019,2007,Words,AU
Kate Miller-Heidke,2019,2022,Child in Reverse,AF
Kate Miller-Heidke,2019,2009,Caught in the Crowd,AU
Kate Miller-Heidke,2019,2023,The Last Day on Earth,XW
Kate Miller-Heidke,2019,2007,Make It Last,AU
Kate Miller-Heidke,2019,2007,Little Eve,AU
Kate Miller-Heidke,2019,2012,Nightflight,AU
Kate Miller-Heidke,2019,2014,O Vertigo!,AU
Kate Miller-Heidke,2019,2017,Live at the Sydney Opera House,AU
Kate Miller-Heidke,2019,2019,Zero Gravity,AF
Kate Miller-Heidke,2019,2007,Words,AU
Hatari,2019,2017,Neysluvara,IS
Hatari,2019,2020,Neyslutrans,IS
Hatari,2019,2019,Spillingardans,XW
Hatari,2019,2019,Spillingardans,AF
Hatari,2019,2017,Neysluvara,XW
Hatari,2019,2019,Klefi / صامد,XW
Hatari,2019,2020,NEYSLUTRANS,XW
Hatari,2019,2019,Klámstrákur,XW
Hatari,2019,2026,Fuck You Look Good,XW
Hatari,2019,2025,MORE,XW
Hatari,2019,2025,Quantity Control,XW
Hatari,2019,2020,Neyslutrans,XW
Hatari,2019,2024,Breadcrumbs,XW
Hatari,2019,2024,Breadcrumbs,XW
Hatari,2019,2025,Quantity Control,
Hatari,2019,2020,Neyslutrans,IS
Hatari,2019,2022,Dansið eða deyið,XW
Hatari,2019,2021,Neyslutrans RemiXed,XW
Måneskin,2021,2023,RUSH!,JP
Måneskin,2021,2021,"Teatro d'ira, Vol. I",JP
Måneskin,2021,2019,L’altra dimensione,XW
Måneskin,2021,2023,RUSH! (ARE U COMING?),
Måneskin,2021,2017,Chosen,XW
Måneskin,2021,2018,Il ballo della vita,XW
Måneskin,2021,2021,I Wanna Be Your Slave,XW
Måneskin,2021,2018,Morirò da re,XW
Måneskin,2021,2018,Il ballo della vita,IT
Måneskin,2021,2023,GOSSIP,XW
Måneskin,2021,2021,MAMMAMIA,XW
Måneskin,2021,2023,RUSH!,
Måneskin,2021,2023,RUSH! (ARE U COMING?),JP
Måneskin,2021,2021,"Teatro d’ira, Vol. I",XW
Måneskin,2021,2024,I WANNA BE YOUR SLAVE (from THE FIRST TAKE),
Måneskin,2021,2023,RUSH!,XE
Måneskin,2021,2018,Torna a casa,XW
Måneskin,2021,2023,Valentine,XW
Måneskin,2021,2018,Torna a casa,XW
Måneskin,2021,2021,MAMMAMIA,XW
Måneskin,2021,2017,Chosen,IT
Måneskin,2021,2022,SUPERMODEL,
Måneskin,2021,2021,I Wanna Be Your Slave,XW
Måneskin,2021,2022,THE LONELIEST,XW
Måneskin,2021,2022,LA FINE,
Måneskin,2021,2023,Rush!,XE
Måneskin,2021,2020,Vent’anni,XW
Måneskin,2021,2020,Vent’anni,XW
Måneskin,2021,2021,Zitti e buoni,XW
Måneskin,2021,2017,Chosen,XW
Måneskin,2021,2021,Zitti e buoni,XW
Måneskin,2021,2022,If I Can Dream,
Måneskin,2021,2022,THE LONELIEST,
Måneskin,2021,2023,RUSH!,IT
Måneskin,2021,2018,Morirò da re,XW
Måneskin,2021,2018,Morirò da re,XW
Måneskin,2021,2021,"Teatro d’ira, Vol. I",XE
Måneskin,2021,2019,Fear for Nobody,XW
Måneskin,2021,2021,"Teatro d’ira, Vol. I",XW
Måneskin,2021,2018,Il ballo della vita,IT
Måneskin,2021,2021,MAMMAMIA,XW
Måneskin,2021,2022,SUPERMODEL,
Måneskin,2021,2018,Il ballo della vita,XW
Måneskin,2021,2023,HONEY (ARE U COMING?),XW
Måneskin,2021,2018,Torna a casa,XW
Måneskin,2021,2021,Beggin’ (live),XW
Måneskin,2021,2023,RUSH!,JP
Måneskin,2021,2022,SUPERMODEL,XW
Måneskin,2021,2023,Rush! (Are U Coming?),
Måneskin,2021,2019,L’altra dimensione,XW
Måneskin,2021,2021,I Wanna Be Your Slave,XW
Måneskin,2021,2017,Chosen,XW
Måneskin,2021,2023,GOSSIP,
Måneskin,2021,2019,Le parole lontane,XW
Måneskin,2021,2021,I Wanna Be Your Slave,XE
Måneskin,2021,2024,Live In Japan - Rush! World Tour,JP
Måneskin,2021,2023,RUSH!,
Måneskin,2021,2022,If I Can Dream,XW
Måneskin,2021,2023,Valentine,XW
Måneskin,2021,2023,GOSSIP,
Måneskin,2021,2022,THE LONELIEST,
Måneskin,2021,2022,If I Can Dream,
Måneskin,2021,2023,Baby Said,XW
Måneskin,2021,2019,Fear for Nobody,XW
Måneskin,2021,2023,HONEY (ARE U COMING?),AF
Måneskin,2021,2021,I Wanna Be Your Slave,XW
Måneskin,2021,2021,Zitti e buoni,XW
Barbara Pravi,2021,2018,You Are the Reason (French duet version),XW
Barbara Pravi,2021,2020,CHAIR,XW
Barbara Pravi,2021,2019,Le Malamour (acoustic),XW
Barbara Pravi,2021,2021,On n’enferme pas les oiseaux,FR
Barbara Pravi,2021,2024,Marianne,FR
Barbara Pravi,2021,2016,On m’appelle Heidi,DZ
Barbara Pravi,2021,2025,l’exil et l’asile,
Barbara Pravi,2021,2020,Reviens pour l’hiver,XW
Barbara Pravi,2021,2026,Prière pour reconstruire,XW
Barbara Pravi,2021,2025,Où es-tu ?,
Barbara Pravi,2021,2023,Lève-toi,FR
Barbara Pravi,2021,2022,365,
Barbara Pravi,2021,2021,Les prières,XW
Barbara Pravi,2021,2020,Voilà,XW
Barbara Pravi,2021,2024,La Pieva (Chez moi),
Barbara Pravi,2021,2021,l’homme et l’oiseau,XW
Barbara Pravi,2021,2021,On n’enferme pas les oiseaux,XW
Barbara Pravi,2021,2024,La Pieva,FR
Barbara Pravi,2021,2023,Les prières - Guérir,FR
Barbara Pravi,2021,2022,Les Prières - Racines,FR
Barbara Pravi,2021,2024,Bravo,XW
Barbara Pravi,2021,2025,Des éclats dans les nuages,
Barbara Pravi,2021,2018,Barbara Pravi,XW
Barbara Pravi,2021,2021,Les Prières-Racines,FR
Barbara Pravi,2021,2016,On m’appelle Heidi,AF
Gjon's Tears,2021,2023,Cancer,XW
Gjon's Tears,2021,2020,Répondez‐moi (Sunlike Brothers remix),XW
Gjon's Tears,2021,2023,Heavenbound (French version),XW
Gjon's Tears,2021,2023,The Game,XW
Gjon's Tears,2021,2023,The Game,
Gjon's Tears,2021,2020,Répondez‐moi,DZ
Gjon's Tears,2021,2021,Tout l’univers,AF
Go_A,2021,2014,Ой у полі,XW
Go_A,2021,2012,Коляда,XW
Go_A,2021,2014,Сонце,XW
Go_A,2021,2016,#Ідиназвук,UA
Go_A,2021,2021,SHUM,XW
Go_A,2021,2014,Танула,XW
Go_A,2021,2024,Vorozhyla,XW
Go_A,2021,2023,Dumala,XW
Go_A,2021,2021,SHUM (obsqr. remix),XW
Go_A,2021,2021,Шум (radio edit),XW
Go_A,2021,2020,Добрим людям на здоров’я,XW
Go_A,2021,2024,Krip,XW
Go_A,2021,2021,SHUM (DJ NANA remix),XW
Go_A,2021,2023,Vorozhyla,XW
Go_A,2021,2021,Shum (Billx remix),XW
Go_A,2021,2020,Solovey,XW
Go_A,2021,2015,Веснянка,
Go_A,2021,2019,Рано-раненько,UA
Go_A,2021,2021,SHUM,XW
Go_A,2021,2021,Шум,XW
Go_A,2021,2022,Kalyna,
Go_A,2021,2023,Rusalochki,XW
Blind Channel,2021,2018,Over My Dead Body,XW
Blind Channel,2021,2024,Exit Emotions,XW
Blind Channel,2021,2024,Everybody (Backstreet's Back) (idobi session),
Blind Channel,2021,2018,Blood Brothers,DK
Blind Channel,2021,2022,Alive or Only Burning,XW
Blind Channel,2021,2020,Left Outside Alone,AT
Blind Channel,2021,2020,Violent Pop,DK
Blind Channel,2021,2020,Left Outside Alone,AF
Blind Channel,2021,2019,Snake,XW
Blind Channel,2021,2020,Violent Pop,
Blind Channel,2021,2014,Calling Out,XW
Blind Channel,2021,2023,HAPPY DOOMSDAY,AF
Blind Channel,2021,2016,Deja Fu,XW
Blind Channel,2021,2023,Deadzone,XW
Blind Channel,2021,2022,Bad Idea - Alex Mattson Remix,XW
Blind Channel,2021,2021,Dark Side,FI
Blind Channel,2021,2018,Wolfpack,XW
Blind Channel,2021,2020,Fever,XW
Blind Channel,2021,2019,Timebomb,XW
Blind Channel,2021,2024,Exit Emotions,XE
Blind Channel,2021,2015,Don't,XW
Blind Channel,2021,2016,Revolutions,DK
Blind Channel,2021,2018,Blood Brothers,FI
Blind Channel,2021,2021,Dark Side,AF
Blind Channel,2021,2016,Revolutions,AF
Blind Channel,2021,2018,Blood Brothers,AT
Blind Channel,2021,2015,Foreshadow,XW
Blind Channel,2021,2022,Lifestyles of the Sick & Dangerous,XE
Blind Channel,2021,2019,Died Enough for You,XW
Blind Channel,2021,2021,We Are No Saints,XW
Blind Channel,2021,2020,Violent Pop,AF
Blind Channel,2021,2020,Violent Pop,AT
Blind Channel,2021,2018,Out of Town,XW
Blind Channel,2021,2017,Can't Hold Us,XW
Blind Channel,2021,2022,Lifestyles of the Sick & Dangerous,XW
Blind Channel,2021,2018,Alone Against All,XW
Blind Channel,2021,2018,Sharks Love Blood,XW
Blind Channel,2021,2022,Don't Fix Me,XW
Blind Channel,2021,2016,Enemy for Me,XW
Blind Channel,2021,2024,Dark Side (idobi Session),
Blind Channel,2021,2015,Unforgiving,XW
Blind Channel,2021,2022,Bad Idea,XW
Blind Channel,2021,2024,EVERYBODY (BLOODBROS BACK),XW
Blind Channel,2021,2016,Darker Than Black,XW
Blind Channel,2021,2024,DEADZONE (idobi Session),
Blind Channel,2021,2020,Left Outside Alone,DK
Blind Channel,2021,2018,Blood Brothers,AF
Blind Channel,2021,2021,Balboa,XW
Blind Channel,2021,2014,Naysayers,XW
Destiny,2021,1998,No No No,XE
Destiny,2021,1998,Illusion,XW
Destiny,2021,2001,Survivor,XE
Destiny,2021,1999,The Writing’s on the Wall,AU
Destiny,2021,2000,"Independent Women, Part I (Charlie's Angels OST)",XE
Destiny,2021,1999,Bug a Boo,NL
Destiny,2021,1999,Bug a Boo,XE
Destiny,2021,2001,Survivor,XE
Destiny,2021,2000,"Jumpin’, Jumpin’",XE
Destiny,2021,1998,No No No,GB
Destiny,2021,2001,Survivor,JP
Destiny,2021,1998,With Me,GB
Destiny,2021,1998,With Me,XE
Destiny,2021,1999,The Writing's on the Wall,XE
Destiny,2021,2000,Jumpin’ Jumpin’,GB
Destiny,2021,1999,bug a boo,US
Destiny,2021,2000,Thug Love,US
Destiny,2021,1997,No No No,US
Destiny,2021,1998,She’s Gone,GB
Destiny,2021,1999,Say My Name,
Destiny,2021,1999,"Bills, Bills, Bills",XE
Destiny,2021,1998,No No No,US
Destiny,2021,1999,The Writing's on the Wall,XE
Destiny,2021,1998,Destiny's Child,US
Destiny,2021,2000,"Independent Women, Part I (Charlie’s Angels OST)",XE
Destiny,2021,2000,Say My Name,GB
Destiny,2021,2000,Say My Name,US
Destiny,2021,1999,The Writing's on the Wall,NL
Destiny,2021,1999,The Writing's on the Wall,JP
Destiny,2021,2000,Independent Women,US
Destiny,2021,1999,The Writing’s on the Wall,XW
Destiny,2021,2000,"Jumpin’, Jumpin’",XE
Destiny,2021,1997,No No No,US
Destiny,2021,1998,With Me,XE
Destiny,2021,1999,"Bills, Bills, Bills",US
Destiny,2021,2001,Bootylicious,US
Destiny,2021,1997,Destiny’s Child,AU
Destiny,2021,2000,Bug A Boo,AU
Destiny,2021,1999,Bug a Boo,GB
Destiny,2021,2000,Jumpin’ Jumpin’,XE
Destiny,2021,1998,Destiny’s Child,US
Destiny,2021,1999,The Writing’s on the Wall,US
Destiny,2021,2000,The Writing’s on the Wall,XE
Destiny,2021,1999,Bug a Boo,GB
Destiny,2021,2000,"Jumpin’, Jumpin’",XE
Destiny,2021,1999,"Bills, Bills, Bills",AU
Destiny,2021,1999,Bug a Boo,XE
Destiny,2021,2000,Women Rock! Girls & Guitars,US
Destiny,2021,2000,The Writing’s on the Wall,GB
Destiny,2021,2000,Say My Name,XE
Destiny,2021,1999,The Writing’s on the Wall,SA
Destiny,2021,2000,Say My Name,XE
Destiny,2021,2000,"Jumpin’, Jumpin’",US
Destiny,2021,2000,Emotion,US
Destiny,2021,2000,"Independent Women, Part I",GB
Destiny,2021,2000,Independent Women Part II,GB
Destiny,2021,2000,Say My Name,XE
Destiny,2021,1999,The Writing’s on the Wall,JP
Destiny,2021,1999,Say My Name,JP
Destiny,2021,2001,Survivor,JP
Destiny,2021,1999,"Bills, Bills, Bills",GB
Destiny,2021,2000,Say My Name,GB
Destiny,2021,1999,The Writing's on the Wall,US
Destiny,2021,2001,Bootylicious,GB
Destiny,2021,1999,The Writing’s on the Wall,US
Destiny,2021,1998,Destiny's Child,JP
Destiny,2021,2000,"Jumpin, Jumpin",AU
Destiny,2021,1998,Get on the Bus,
Destiny,2021,1999,The Writing's on the Wall,US
Destiny,2021,2000,"Independent Women, Part I",AU
Destiny,2021,1998,Get on the Bus,GB
Destiny,2021,2000,Jumpin' Jumpin',GB
Destiny,2021,2000,Say My Name,US
Destiny,2021,2000,"Jumpin’, Jumpin’",AF
Destiny,2021,1999,"Bills, Bills, Bills",FR
Destiny,2021,1998,Destiny’s Child,GB
Destiny,2021,1998,Destiny's Child,XE
Destiny,2021,2001,Survivor,DE
Destiny,2021,2000,Say My Name,AU
Destiny,2021,2001,Bootylicious,JP
Destiny,2021,1999,"Bills, Bills, Bills",GB
Destiny,2021,2001,Survivor,US
Destiny,2021,2001,Survivor,
Destiny,2021,2004,Lose My Breath,US
Destiny,2021,2005,Soldier,US
Destiny,2021,2001,Survivor (Dance Mixes),US
Destiny,2021,2004,Destiny Fulfilled,
Destiny,2021,2005,Soldier,GB
Destiny,2021,2005,#1's,GB
Destiny,2021,2005,Destiny Fulfilled,JP
Destiny,2021,2002,Nasty Girl,
Destiny,2021,2002,Nasty Girl,XE
Destiny,2021,2008,"Love Destiny: Mathew Knowles and Music World Present, Vol. 1",JP
Destiny,2021,2005,8 Days of Christmas,US
Destiny,2021,2001,Love:Destiny,US
Destiny,2021,2001,Bootylicious,US
Destiny,2021,2001,Survivor,US
Destiny,2021,2001,Bootylicious,AU
Destiny,2021,2001,8 Days Of Christmas,AU
Destiny,2021,2008,8 Days of Christmas,AF
Destiny,2021,2001,Emotion,AT
Destiny,2021,2005,#1's,NL
Destiny,2021,2006,Live in Atlanta,JP
Destiny,2021,2001,Emotion,GB
Destiny,2021,2004,Lose My Breath,AU
Destiny,2021,2001,Survivor,XE
Destiny,2021,2001,Emotion / Bootylicious / Survivor,GB
Destiny,2021,2002,This Is The Remix,AU
Destiny,2021,2005,Fan Pack II,US
Destiny,2021,2004,Lose My Breath,GB
Destiny,2021,2005,#1's,CA
Destiny,2021,2004,Destiny Fulfilled,GB
Destiny,2021,2005,#1's,US
Destiny,2021,2005,Cater 2 U,GB
Destiny,2021,2001,Survivor,XE
Destiny,2021,2004,Lose My Breath,GB
Destiny,2021,2004,Lose My Breath,US
Destiny,2021,2001,Survivor,AU
Destiny,2021,2002,This Is The Remix,XE
Destiny,2021,2001,The Platinum’s on the Wall,US
Destiny,2021,2001,8 Days of Christmas,US
Destiny,2021,2001,Emotion,FR
Destiny,2021,2002,Nasty Girl (Remixes),BR
Destiny,2021,2005,Soldier,AU
Destiny,2021,2004,Destiny Fulfilled,XE
Destiny,2021,2002,This Is The Remix,US
Destiny,2021,2005,Soldier,XE
Destiny,2021,2001,Bootylicious,US
Destiny,2021,2001,8 Days of Christmas,XE
Destiny,2021,2004,Video Fan Pack,US
Destiny,2021,2001,Survivor,AU
Destiny,2021,2004,Destiny Fulfilled,JP
Destiny,2021,2005,Cater 2 U (Remixes),US
Destiny,2021,2002,This Is The Remix,JP
Destiny,2021,2003,Rudolph the Red Nosed Reindeer,US
Destiny,2021,2005,#1's,SA
Destiny,2021,2005,Soldier,FR
Destiny,2021,2004,Lose My Breath / Soldier,US
Destiny,2021,2002,Destiny’s Child / The Writing’s on the Wall,FR
Destiny,2021,2005,Destiny Fulfilled,GB
Destiny,2021,2004,Lose My Breath,GB
Destiny,2021,2007,#1’s,XE
Destiny,2021,2005,Lose My Breath (Remix 2 Pak),XW
Destiny,2021,2001,8 Days Of Christmas,US
Destiny,2021,2001,Bootylicious,XE
Destiny,2021,2004,Destiny Fulfilled,XW
Destiny,2021,2001,Bootylicious,
Destiny,2021,2005,Girl,IE
Destiny,2021,2004,Lose My Breath,XE
Destiny,2021,2004,Destiny Fulfilled,US
Destiny,2021,2001,Bootylicious,
Destiny,2021,2001,Survivor,GB
Destiny,2021,2005,Soldier,GB
Destiny,2021,2005,Girl,IE
Destiny,2021,2005,#1's,JP
Destiny,2021,2005,Soldier,XE
Destiny,2021,2001,Survivor,
Destiny,2021,2004,Destiny Fulfilled,AU
Destiny,2021,2005,Soldier,GB
Destiny,2021,2004,Destiny Fulfilled,
Destiny,2021,2001,Emotion,XE
Destiny,2021,2005,Destiny Fulfilled,US
Destiny,2021,2001,Survivor,XE
Destiny,2021,2005,Girl,XE
Destiny,2021,2004,Destiny Fulfilled,US
Destiny,2021,2001,Emotion,
Destiny,2021,2005,#1's,ID
Destiny,2021,2004,Lose My Breath,XE
Destiny,2021,2005,#1's,US
Destiny,2021,2001,8 Days of Christmas,JP
Destiny,2021,2009,Survivor,XW
Destiny,2021,2016,The Girl Is Mine (Remixes),XW
Destiny,2021,2015,The Girl Is Mine,AU
Destiny,2021,2013,Love Songs,XW
Destiny,2021,2012,Playlist: The Very Best of Destiny’s Child,US
Destiny,2021,2019,Destiny's Child: The Untold Story Presents Girls Tyme,XW
Destiny,2021,2016,The Girl Is Mine (Danny Howard dub remix),AU
Destiny,2021,2015,The Girl Is Mine (club mix),
Destiny,2021,2012,Playlist: The Very Best of Destiny's Child,US
Destiny,2021,2013,Love Songs,XE
Destiny,2021,2015,The Girl Is Mine (Crookers remix),
Destiny,2021,2013,Love Songs,US
The Roop,2021,2019,Dance With Your Hands,AF
The Roop,2021,2016,Hello,DZ
The Roop,2021,2019,Silly Me,AF
The Roop,2021,2024,Simple Joy,XW
The Roop,2021,2021,Discoteque (Deepend remix),XW
The Roop,2021,2022,Concrete Flower,XW
The Roop,2021,2020,On Fire,AF
The Roop,2021,2018,"Yes, I Do",AF
The Roop,2021,2021,Discoteque,XW
The Roop,2021,2017,Ghosts,AF
The Roop,2021,2020,Keista draugystė (Matto remix),XW
The Roop,2021,2020,On Fire,AT
The Roop,2021,2025,Momentum,XW
The Roop,2021,2022,Kalėdų atvirukas,CW
The Roop,2021,2015,To Whom It May Concern,XW
The Roop,2021,2024,Simple Joy,
The Roop,2021,2022,Discoteque,
The Roop,2021,2017,Keista Draugystė,DZ
The Roop,2021,2018,"YES, I DO",AF
The Roop,2021,2020,On Fire,AF
The Roop,2021,2017,Dream On,DZ
The Roop,2021,2017,Hello (Wild Dee remix),DZ
Manizha,2021,2016,Sleepy Song,XW
Manizha,2021,2019,Womanizha,XW
Manizha,2021,2016,Люстра,XW
Manizha,2021,2018,Мне легко,XW
Manizha,2021,2016,Little Lady,XW
Manizha,2021,2017,Manuscript,RU
Manizha,2021,2018,ЯIAM,XW
Manizha,2021,2020,На путь воина встаю (из художественного фильма “Мулан”),
Manizha,2021,2016,Little Lady,XW
Manizha,2021,2018,Любил как мог,XW
Manizha,2021,2022,Тонкий лён,XW
Manizha,2021,2022,Spotify Singles,XW
Manizha,2021,2020,Паганини в метро,XW
Manizha,2021,2020,Город Солнца,XW
Manizha,2021,2019,НЕДОСЛАВЯНКА,XW
Manizha,2021,2021,про тебя,XW
Manizha,2021,2016,Wake Up,US
Manizha,2021,2022,Гость,XW
Manizha,2021,2018,ЯIAM,RU
Manizha,2021,2021,RUSSIAN WOMAN,XW
Manizha,2021,2018,Black Swan,XW
Manizha,2021,2017,Hear What I Feel,XW
Manizha,2021,2022,Люди вернутся в людей,XW
Manizha,2021,2024,Candlelight,XW
Manizha,2021,2014,Core,XW
Manizha,2021,2022,"Ну же, Боже",XW
Manizha,2021,2023,Tummy,XW
Manizha,2021,2020,Начало,XW
Manizha,2021,2022,Колыбель для повзрослевшего,XW
Manizha,2021,2022,Любовь мое мерило,XW
Manizha,2021,2021,Now or Never,XW
Manizha,2021,2019,Завтрак,XW
Manizha,2021,2017,Устал,XW
Manizha,2021,2019,VANYA,XW
Manizha,2021,2016,I Love Too Much,XW
Manizha,2021,2019,Мама,XW
Manizha,2021,2020,Человеку нужен человек,XW
Manizha,2021,2017,Изумруд,XW
Manizha,2021,2021,Держи меня земля,XW
Manizha,2021,2016,Don’t Tell Me,XW
Manizha,2021,2016,Wake Up,XW
Manizha,2021,2021,NEDOSLAVYANKA (Live),XW
Manizha,2021,2021,Russian Woman Show,XW
Manizha,2021,2016,I Love Too Much (acoustic version),XW
Manizha,2021,2023,Standing Between Two Walls,XW
Manizha,2021,2019,Сейчас дважды не случится,XW
Manizha,2021,2018,громче слов,XW
Manizha,2021,2017,Manuscript,XW
Manizha,2021,2019,Упражнения в равновесии,XW
Manizha,2021,2017,Manuscript,RU
Manizha,2021,2021,AKKULISTA,XW
The Black Mamba,2021,2014,Dirty Little Brother,XW
The Black Mamba,2021,2016,Canção de Mim Mesmo,PT
The Black Mamba,2021,2019,Callin’ Phone (Official Remixes),XW
The Black Mamba,2021,2021,Love Is on My Side,AF
The Black Mamba,2021,2014,Dirty Little Brother,PT
The Black Mamba,2021,2014,Wonder Why,XW
The Black Mamba,2021,2012,The Black Mamba,PT
The Black Mamba,2021,2018,The Mamba King,PT
The Black Mamba,2021,2024,Last Night in Amsterdam,
The Black Mamba,2021,2018,Believe,PT
The Black Mamba,2021,2021,Crazy Nando,XW
The Black Mamba,2021,2018,The Mamba King,XW
Kalush Orchestra,2022,2021,Штомбер Вомбер,
Kalush Orchestra,2022,2023,Changes,XW
Kalush Orchestra,2022,2022,Stefania,
Kalush Orchestra,2022,2022,Stefania,
Kalush Orchestra,2022,2022,Stefania,XE
Kalush Orchestra,2022,2023,Ushme Uturbe,XW
Kalush Orchestra,2022,2023,Cry for You,
Kalush Orchestra,2022,2022,In the Shadows of Ukraine,
Kalush Orchestra,2022,2023,Cry for You,
Kalush Orchestra,2022,2023,Cry for You,
Sam Ryder,2022,2022,"There’s Nothing but Space, Man!",
Sam Ryder,2022,2022,"There’s Nothing but Space, Man!",
Sam Ryder,2022,2022,Somebody (sped up version),
Sam Ryder,2022,2022,SPACE MAN,
Sam Ryder,2022,2025,OH OK,XW
Sam Ryder,2022,2022,SPACE MAN (Eurovision Song Contest edit),
Sam Ryder,2022,2023,Mountain (Eurovision edit),
Sam Ryder,2022,2021,Whirlwind,XW
Sam Ryder,2022,2021,More,XW
Sam Ryder,2022,2022,Apple Music Home Session: Sam Ryder,
Sam Ryder,2022,2025,The Feeling Never Went Away,XW
Sam Ryder,2022,2022,Somebody,
Sam Ryder,2022,2022,Living Without You,
Sam Ryder,2022,2022,Somebody,
Sam Ryder,2022,2025,Heartland,XW
Sam Ryder,2022,2022,Living Without You (Just Yaz remix),
Sam Ryder,2022,2022,"There’s Nothing but Space, Man!",
Sam Ryder,2022,2025,White Lies,XW
Sam Ryder,2022,2023,Put a Light on Me (stripped),
Sam Ryder,2022,2025,Go Steady (from BBC’s Parenthood),XW
Sam Ryder,2022,2025,OH OK,XW
Sam Ryder,2022,2022,SPACE MAN (Platinum Jubilee edition),GB
Sam Ryder,2022,2022,All The Way Over,
Sam Ryder,2022,2025,Heartland,GB
Sam Ryder,2022,2021,The Sun’s Gonna Rise,XW
Sam Ryder,2022,2021,Tiny Riot (orchestral version),XW
Sam Ryder,2022,2024,Back In Love,
Sam Ryder,2022,2022,"There’s Nothing but Space, Man!",
Sam Ryder,2022,2026,Gethsemane,XW
Sam Ryder,2022,2023,You’ve Got the Love,
Sam Ryder,2022,2022,SPACE MAN,XW
Sam Ryder,2022,2023,Put a Light on Me (stripped),
Sam Ryder,2022,2022,SPACE MAN (Eurovision Song Contest edit),
Sam Ryder,2022,2021,Tiny Riot,XW
Sam Ryder,2022,2022,All The Way Over,
Sam Ryder,2022,2019,Set You Free,XW
Sam Ryder,2022,2022,Apple Music Home Session: Sam Ryder,
Sam Ryder,2022,2022,Somebody (acoustic),
Sam Ryder,2022,2021,Tiny Riot (Luca Schreiner remix),XW
Sam Ryder,2022,2025,OH OK (unplugged),XW
Sam Ryder,2022,2022,"There’s Nothing but Space, Man!",
Sam Ryder,2022,2022,SPACE MAN (acoustic),
Sam Ryder,2022,2022,SPACE MAN (Platinum Jubilee edit),
Sam Ryder,2022,2021,July,XW
Sam Ryder,2022,2025,White Lies (live from 1979),XW
Sam Ryder,2022,2022,SPACE MAN (acoustic),
Sam Ryder,2022,2022,Living Without You (acoustic),
Sam Ryder,2022,2022,"There’s Nothing but Space, Man!",XE
Sam Ryder,2022,2021,The Sun’s Gonna Rise,
Sam Ryder,2022,2022,Living Without You (acoustic),
Sam Ryder,2022,2025,White Lies (live from 1979),XW
Sam Ryder,2022,2022,Living Without You (Just Yaz remix),
Sam Ryder,2022,2022,"There’s Nothing but Space, Man!",
Sam Ryder,2022,2023,You’re Christmas To Me (Amazon Music Original),GB
Sam Ryder,2022,2023,Mountain,
Sam Ryder,2022,2022,SPACE MAN (Platinum Jubilee edit),
Sam Ryder,2022,2023,Put a Light on Me (Nathan Dawe remix),
Sam Ryder,2022,2021,More (acoustic),XW
Sam Ryder,2022,2025,Heartland,XW
Sam Ryder,2022,2022,SPACE MAN,GB
Sam Ryder,2022,2022,Living Without You,
Sam Ryder,2022,2022,SPACE MAN (Sam Feldt remix),
Sam Ryder,2022,2025,Better Man,XW
Sam Ryder,2022,2022,SPACE MAN (ATH remix),
Sam Ryder,2022,2025,The Feeling Never Went Away,XW
Sam Ryder,2022,2025,OH OK (unplugged),XW
Sam Ryder,2022,2023,Mountain (Acoustic),
Sam Ryder,2022,2025,Better Man,XW
Sam Ryder,2022,2023,Fought & Lost,US
Chanel,2022,2008,Dance,DE
Chanel,2022,2008,Dance,LU
Chanel,2022,2006,My Life,GB
Chanel,2022,2009,If You Love Me,
Chanel,2022,2011,My Life (Roger Williams & Dan Grooves Remix),
Chanel,2022,2011,Forget About Your Boys,XW
Cornelia Jakobs,2022,2022,Hold Me Closer,XW
Cornelia Jakobs,2022,2018,You Love Me,XW
Cornelia Jakobs,2022,2018,Shy Love,XW
Cornelia Jakobs,2022,2023,Bloody Mind,XW
Cornelia Jakobs,2022,2022,Hold Me Closer,XW
Cornelia Jakobs,2022,2020,Weight of the World,XW
Cornelia Jakobs,2022,2018,All the Gold,XW
Cornelia Jakobs,2022,2023,I Turn to You,XW
Cornelia Jakobs,2022,2018,Locked Into You,XW
Cornelia Jakobs,2022,2018,Late Night Stories,XW
Cornelia Jakobs,2022,2022,Rise,
Cornelia Jakobs,2022,2022,Hold Me Closer,XW
Cornelia Jakobs,2022,2023,Need You Now,XW
Cornelia Jakobs,2022,2023,It Takes a Fool to Remain Sane (Spotify Singles),XW
Cornelia Jakobs,2022,2020,Dream Away,XW
Cornelia Jakobs,2022,2018,Animal Island,XW
Cornelia Jakobs,2022,2023,Weight of the World (live at Södra Teatern),XW
Cornelia Jakobs,2022,2022,Fine,XW
Cornelia Jakobs,2022,2019,Hanging On,XW
Konstrakta,2022,2022,In corpore sano,XW
Konstrakta,2022,2024,"Novo, bolje",XW
Konstrakta,2022,2023,Put,XW
Konstrakta,2022,2023,Biti Zdrava,RS
Konstrakta,2022,2025,"Zauvek, sine",XW
Konstrakta,2022,2022,In Corpore Sano (acoustic),
Amanda Tenfjord,2022,2016,I Need Lions,XW
Amanda Tenfjord,2022,2022,Plans,XW
Amanda Tenfjord,2022,2017,Man of Iron,XW
Amanda Tenfjord,2022,2021,Miss the Way You Missed Me,AF
Amanda Tenfjord,2022,2022,Die Together (Acoustic with Choir),XW
Amanda Tenfjord,2022,2020,Pressure,AF
Amanda Tenfjord,2022,2021,Promises,AF
Amanda Tenfjord,2022,2022,All in,XW
Amanda Tenfjord,2022,2022,Arcade (Acoustic Cover),XW
Amanda Tenfjord,2022,2020,Then I Fell In Love,XW
Amanda Tenfjord,2022,2022,Die Together,XW
Amanda Tenfjord,2022,2018,First Impression,XW
Amanda Tenfjord,2022,2018,Let Me Think,GB
Amanda Tenfjord,2022,2019,Kill the Lonely,AF
Amanda Tenfjord,2022,2014,Run,XW
Amanda Tenfjord,2022,2019,The Floor Is Lava,XW
Amanda Tenfjord,2022,2019,Troubled Water,AF
Amanda Tenfjord,2022,2020,As If,AF
Amanda Tenfjord,2022,2022,I’ll stay,XW
Amanda Tenfjord,2022,2021,Miss the Way You Missed Me,AU
Amanda Tenfjord,2022,2022,In Hindsight,XW
Amanda Tenfjord,2022,2021,Promises,DK
Amanda Tenfjord,2022,2018,No Thanks,XW
Amanda Tenfjord,2022,2022,AMAN,XW
Amanda Tenfjord,2022,2018,First Impression,XW
MARO,2022,2022,Better Now,XW
MARO,2022,2022,Better Now,XW
MARO,2022,2026,KISS ME,PT
MARO,2022,2025,LIFELINE,PT
MARO,2022,2026,Era de aquário / Deixa o sol entrar,XW
MARO,2022,2018,"MARO, Vol. 3",XW
MARO,2022,2025,I OWE IT TO YOU,XW
MARO,2022,2023,House Along the Road,US
MARO,2022,2021,Walk Above the City,AT
MARO,2022,2024,"saudade, saudade",XW
MARO,2022,2018,"MARO, Vol. 1",XW
MARO,2022,2018,it’s OK,XW
MARO,2022,2025,LIFELINE,
MARO,2022,2024,CRYCRYCRY,
MARO,2022,2026,SO MUCH HAS CHANGED,PT
MARO,2022,2018,"MARO, Vol. 2",XW
MARO,2022,2018,MARO & Manel,XW
MARO,2022,2025,Live Trio Sessions,
MARO,2022,2022,can you see me?,XW
MARO,2022,2022,MARO ilumina Sonastério,XW
MARO,2022,2021,TEMPO,
MARO,2022,2023,hortelã,
Subwoolfer,2022,2022,Melocoton (The Donka Donk Song),XW
Subwoolfer,2022,2023,I Think I Killed Rudolph,
Subwoolfer,2022,2022,Give That Wolf a Banana,XW
Subwoolfer,2022,2022,Give That Wolf a Romantic Banana,XW
Subwoolfer,2022,2023,Worst Kept Secret,XW
Subwoolfer,2022,2022,Space Kelly,
Subwoolfer,2022,2022,Having Grandma Here For Christmas,XW
Loreen,2023,2013,We Got the Power,SE
Loreen,2023,2023,Apple Music Home Session,XW
Loreen,2023,2024,Is It Love (orchestral version),XW
Loreen,2023,2011,Sober,SE
Loreen,2023,2026,Feels Like Heaven,XW
Loreen,2023,2023,Tattoo,
Loreen,2023,2017,’71 Charger,XW
Loreen,2023,2012,My Heart Is Refusing Me (The Remixes),SE
Loreen,2023,2012,Euphoria,AT
Loreen,2023,2012,Heal,JP
Loreen,2023,2019,Walk With Me,XW
Loreen,2023,2017,Nude EP,XW
Loreen,2023,2012,Euphoria (Remixes),XW
Loreen,2023,2015,Paper Light (Higher),DK
Loreen,2023,2012,Euphoria,
Loreen,2023,2011,My Heart Is Refusing Me (Remixes),SE
Loreen,2023,2023,Tattoo (Topic remix),
Loreen,2023,2012,Crying Out Your Name,SE
Loreen,2023,2017,Ride,US
Loreen,2023,2017,Jungle,XW
Loreen,2023,2023,Tattoo (acoustic),
Loreen,2023,2017,Ride,SE
Loreen,2023,2013,In My Head,SE
Loreen,2023,2023,Euphoria (the alternative mixes),US
Loreen,2023,2012,Everytime,SE
Loreen,2023,2013,Requiem Solution,DK
Loreen,2023,2023,Tattoo,
Loreen,2023,2013,Crying Out Your Name,IT
Loreen,2023,2012,Euphoria,XW
Loreen,2023,2011,Sober (remixes),SE
Loreen,2023,2012,Euphoria,SE
Loreen,2023,2016,Get Into It,XW
Loreen,2023,2026,WILDFIRE,XW
Loreen,2023,2011,My Heart Is Refusing Me (Remixes),SE
Loreen,2023,2013,Requiem Solution,SE
Loreen,2023,2025,Echoes,XW
Loreen,2023,2012,Crying Out Your Name (The Remixes),SE
Loreen,2023,2012,Heal,SE
Loreen,2023,2026,Coming Close,XW
Loreen,2023,2025,Pum Pum,
Loreen,2023,2005,The Snake,SE
Loreen,2023,2012,Heal,JP
Loreen,2023,2015,I’m in It With You,XW
Loreen,2023,2013,Euphoria 2013,XE
Loreen,2023,2012,Euphoria (Lucas Nord remix),XE
Loreen,2023,2013,Requiem Solution (Prins Thomas remix),XW
Loreen,2023,2017,Hate the Way I Love You,XW
Loreen,2023,2013,Heal,GB
Loreen,2023,2013,We Got the Power (Remixes),AL
Loreen,2023,2013,We Got the Power,AL
Loreen,2023,2026,Wildfire,XW
Loreen,2023,2023,Tattoo (acoustic),XW
Loreen,2023,2012,My Heart Is Refusing Me,XW
Loreen,2023,2023,Is It Love,XW
Loreen,2023,2012,Crying Out Your Name (The Remixes),NO
Loreen,2023,2017,Statements (Furrer remix),XW
Loreen,2023,2017,Statements,XW
Loreen,2023,2011,My Heart Is Refusing Me,SE
Loreen,2023,2013,Requiem Solution,XE
Loreen,2023,2015,Under ytan,AF
Loreen,2023,2015,Paper Light Revisited,AL
Loreen,2023,2026,Wildfire,XW
Loreen,2023,2012,Euphoria (Robin Rocks & Rubio remix),XW
Loreen,2023,2017,Statements,XW
Loreen,2023,2021,Sötvattentårar,XW
Loreen,2023,2013,Requiem Solution,
Loreen,2023,2012,My Heart Is Refusing Me,
Loreen,2023,2024,Warning Signs,XW
Loreen,2023,2025,Arcade (Spotify Singles),XW
Loreen,2023,2022,Neon Lights,
Loreen,2023,2024,Forever,XW
Loreen,2023,2025,Pum Pum,
Loreen,2023,2012,Heal,XE
Loreen,2023,2012,Heal,SE
Loreen,2023,2017,Body,XW
Loreen,2023,2017,Statements (Hounded remix),XW
Loreen,2023,2011,Sober,SE
Loreen,2023,2020,Fiction Feels Good,XW
Loreen,2023,2024,Gravity,XW
Loreen,2023,2020,Så mycket bättre 2020 – Tolkningarna,SE
Käärijä,2023,2020,Paidaton riehuja,XW
Käärijä,2023,2025,Unihiekkaa (Vain elämää kausi 16),XW
Käärijä,2023,2025,#eurodab,XW
Käärijä,2023,2023,Cha Cha Cha,
Käärijä,2023,2026,Boyband,XW
Käärijä,2023,2017,AJOA,XW
Käärijä,2023,2018,Peliä,
Käärijä,2023,2023,Auto jää,
Käärijä,2023,2024,TRAFIK!,
Käärijä,2023,2021,Menestynyt yksilö,XW
Käärijä,2023,2023,Cha Cha Cha (Faustix remix),
Käärijä,2023,2023,Cha Cha Cha (reggae mix),
Käärijä,2023,2020,ROCK ROCK (Daun Lou remix),XW
Käärijä,2023,2025,Vantaalainen (Vain elämää kausi 16),XW
Käärijä,2023,2025,Cha Cha Cha / Rim Tim Tagi Dim (Battle Mashup),XW
Käärijä,2023,2026,Boyband,XW
Käärijä,2023,2024,Ruoska,XW
Käärijä,2023,2025,Cha Cha Cha / Rim Tim Tagi Dim (Battle Mashup),
Käärijä,2023,2023,Cha Cha Cha Mixtape,FI
Käärijä,2023,2023,Cha Cha Cha (Alan Walker Remix),GB
Käärijä,2023,2025,Hyväuskoinen (Vain elämää kausi 16),XW
Käärijä,2023,2025,Menoo (Get on) [Vain elämää kausi 16],XW
Käärijä,2023,2018,Klo23,
Käärijä,2023,2025,Aamuun asti (Vain elämää kausi 16),XW
Käärijä,2023,2020,Fantastista,XW
Käärijä,2023,2022,Välikuolema,
Käärijä,2023,2025,Moottoritie on kuuma (Vain elämää kausi 16),XW
Käärijä,2023,2019,Mic Mac,XW
Käärijä,2023,2025,Raveyard,XW
Käärijä,2023,2023,It's Crazy It's Party,XW
Käärijä,2023,2023,Fantastista,FI
Käärijä,2023,2023,Cha Cha Cha (YES YES remix),
Käärijä,2023,2025,San Francisco Boy,XW
Käärijä,2023,2016,Urheilujätkä,XW
Käärijä,2023,2025,Kaistaa,
Käärijä,2023,2024,People's Champion,FI
Käärijä,2023,2025,Vielä1 [Vain elämää kausi 16],XW
Käärijä,2023,2025,#eurodab,XW
Käärijä,2023,2026,Ja Eller Nej,XW
Käärijä,2023,2024,People’s Champion,XW
Käärijä,2023,2017,Koppi tules,
Käärijä,2023,2018,Puuta Heinää,
Käärijä,2023,2019,ROCK ROCK,
Käärijä,2023,2025,Disko Balls,XW
Käärijä,2023,2023,Cha Cha Cha (Camellia remix),XW
Käärijä,2023,2018,Viulunkieli,
Käärijä,2023,2025,Yhtä en saa (Vain elämää kausi 16),XW
Käärijä,2023,2019,Hirttää kiinni,XW
Käärijä,2023,2021,Siitä viis,XW
Noa Kirel,2023,2018,Kfula,XW
Noa Kirel,2023,2025,ראש הממשלה,XW
Noa Kirel,2023,2017,מקום לשינוי,XW
Noa Kirel,2023,2020,אם אתה גבר,XW
Noa Kirel,2023,2023,פרובוקטיבית,XW
Noa Kirel,2023,2019,Drum,XW
Noa Kirel,2023,2024,משקפיים,XW
Noa Kirel,2023,2023,פרובוקטיבית,XW
Noa Kirel,2023,2020,לעוף,XW
Noa Kirel,2023,2016,בא לי אותך,XW
Noa Kirel,2023,2019,חצוף,XW
Noa Kirel,2023,2019,Drum,
Noa Kirel,2023,2017,כמעט מפורסמת,XW
Noa Kirel,2023,2022,שלושה בנות,XW
Noa Kirel,2023,2019,מאושרים,XW
Noa Kirel,2023,2019,חצוף,
Noa Kirel,2023,2022,פנתרה,XW
Noa Kirel,2023,2017,טיקיטאס,
Noa Kirel,2023,2021,Please Don't Suck (Syence remix),XW
Noa Kirel,2023,2019,פאוץ' (Remix),
Noa Kirel,2023,2016,תן לי סימן,
Noa Kirel,2023,2016,רק אתה,XW
Noa Kirel,2023,2018,בא לי אותך,
Noa Kirel,2023,2018,סינדרלה,
Noa Kirel,2023,2015,יש בי אהבה,
Noa Kirel,2023,2025,בלעדיך,XW
Noa Kirel,2023,2021,יהלומים - BLING BLING,XW
Noa Kirel,2023,2021,טרילילי טרללה,XW
Noa Kirel,2023,2023,Unicorn,XW
Noa Kirel,2023,2022,DALE PROMO,
Noa Kirel,2023,2020,מיליון דולר,
Noa Kirel,2023,2016,רק אתה,
Noa Kirel,2023,2019,פאוץ',
Noa Kirel,2023,2018,מגיבור לאויב,
Noa Kirel,2023,2021,יהלומים - BLING BLING,XW
Noa Kirel,2023,2023,DEJA VU,XW
Noa Kirel,2023,2022,פנתרה (Itay Galo Official Remix),XW
Noa Kirel,2023,2025,Like What U See,XW
Noa Kirel,2023,2021,טרילילי טרללה (Dalit Rechester Remix),XW
Noa Kirel,2023,2024,BA DA BING,XW
Noa Kirel,2023,2023,Gone,XW
Noa Kirel,2023,2015,מדברים,XW
Noa Kirel,2023,2021,Bad Little Thing,XW
Noa Kirel,2023,2020,אמבולנס,IL
Marco Mengoni,2023,2016,Parole In Circolo / Special Edition,IT
Marco Mengoni,2023,2017,Onde EP,XW
Marco Mengoni,2023,2021,Materia (Terra),IT
Marco Mengoni,2023,2018,Atlantico,IT
Marco Mengoni,2023,2021,Mi fiderò,XW
Marco Mengoni,2023,2022,Materia (Pelle),IT
Marco Mengoni,2023,2018,01 _ / 05 Atlantico - Attraverso la gente,IT
Marco Mengoni,2023,2017,Come neve,IT
Marco Mengoni,2023,2014,#PRONTOACORRERE,ES
Marco Mengoni,2023,2019,Atlantico,XW
Marco Mengoni,2023,2025,Piazza San Marco,XW
Marco Mengoni,2023,2016,Parole in circolo - Special Edition,DE
Marco Mengoni,2023,2024,ManDarE TuTto All'aRIA,
Marco Mengoni,2023,2023,Pazza musica,XW
Marco Mengoni,2023,2023,La dernière chanson (Due vite),XW
Marco Mengoni,2023,2011,Solo 2.0,IT
Marco Mengoni,2023,2013,#PRONTOACORRERE,IT
Marco Mengoni,2023,2025,Piazza San Marco,XW
Marco Mengoni,2023,2018,02 _ / 05 Atlantico - Filtro di coscienza,IT
Marco Mengoni,2023,2011,Solo,IT
Marco Mengoni,2023,2023,Due vite,XW
Marco Mengoni,2023,2012,Dall'inferno,IT
Marco Mengoni,2023,2016,Sai che,
Marco Mengoni,2023,2009,Dove si vola,IT
Marco Mengoni,2023,2023,Materia (Prisma),IT
Marco Mengoni,2023,2018,05 _ / 05 Atlantico - Piano unico,IT
Marco Mengoni,2023,2022,No stress,
Marco Mengoni,2023,2018,03 _ / 05 Atlantico - Immersione emotiva,IT
Marco Mengoni,2023,2013,L'essenziale,IT
Marco Mengoni,2023,2013,Non me ne accorgo,IT
Marco Mengoni,2023,2013,#NATALESENZAREGALI,IT
Marco Mengoni,2023,2025,Oggi sono io (feat. Marco Mengoni),XW
Marco Mengoni,2023,2021,Ma stasera,
Marco Mengoni,2023,2010,Re matto: Platinum Edition,IT
Marco Mengoni,2023,2010,Re Matto Deluxe Edition,
Marco Mengoni,2023,2013,#PRONTOACORRERE,IT
Marco Mengoni,2023,2022,Mi fiderò,XW
Marco Mengoni,2023,2010,In un giorno qualunque (new version),IT
Marco Mengoni,2023,2015,Ti ho voluto bene veramente,IT
Marco Mengoni,2023,2011,Solo 2.0,IT
Marco Mengoni,2023,2015,Ti ho voluto bene veramente,IT
Marco Mengoni,2023,2013,Non passerai,IT
Marco Mengoni,2023,2023,La dernière chanson (Due vite),XW
Marco Mengoni,2023,2025,Sto bene al mare,
Marco Mengoni,2023,2013,Pronto a correre: Il viaggio,IT
Marco Mengoni,2023,2018,04 _ / 05 Atlantico - Oceano di esperienza,IT
Marco Mengoni,2023,2015,Parole in circolo,IT
Marco Mengoni,2023,2014,#PRONTOACORRERESPAIN,IT
Marco Mengoni,2023,2023,Due vite,XW
Marco Mengoni,2023,2010,Re matto live,IT
Marco Mengoni,2023,2014,Guerriero,IT
Marco Mengoni,2023,2016,Live,IT
Marco Mengoni,2023,2018,Voglio,IT
Marco Mengoni,2023,2010,Re matto live,IT
Marco Mengoni,2023,2013,Bellissimo,IT
Marco Mengoni,2023,2023,Un'Altra Storia,XW
Marco Mengoni,2023,2023,Due vite (Eurovision version),XW
Marco Mengoni,2023,2016,Ricorderai l’amore (Remember the Love),DE
Marco Mengoni,2023,2016,Ricorderai l’amore (Remember the Love) (Madizin remix),DE
Marco Mengoni,2023,2010,Re matto,IT
Marco Mengoni,2023,2019,Atlantico / On Tour,IT
Marco Mengoni,2023,2023,Pazza musica,XW
Marco Mengoni,2023,2023,Materia (Prisma),IT
Marco Mengoni,2023,2021,Venere e Marte,
Marco Mengoni,2023,2018,Buona vita,IT
Marco Mengoni,2023,2023,Materia (Prisma),IT
Marco Mengoni,2023,2023,Pazza musica,XW
Marco Mengoni,2023,2015,Io ti aspetto (Remix),IT
Marco Mengoni,2023,2015,Guerriero,IT
Marco Mengoni,2023,2009,Dove si vola,IT
Marco Mengoni,2023,2014,Incomparable,ES
Marco Mengoni,2023,2015,Le cose che non ho,IT
Alessandra,2023,2024,Rimani rimani rimani,XW
Alessandra,2023,2011,Cinque passi in più,IT
Alessandra,2023,2012,Ciao,IT
Alessandra,2023,2024,Rimani rimani rimani,XW
Alessandra,2023,2010,Il mondo in un secondo,IT
Alessandra,2023,2025,Io non sarei,
Alessandra,2023,2013,Amore puro,IT
Alessandra,2023,2021,Pezzo di cuore,XW
Alessandra,2023,2011,Cinque passi in più,IT
Alessandra,2023,2016,Comunque andare,
Alessandra,2023,2025,Cose stupide,XW
Alessandra,2023,2021,Pezzo di cuore,IT
Alessandra,2023,2012,Ancora di più: Cinque passi in più,IT
Alessandra,2023,2015,Alessandra Amoroso,
Alessandra,2023,2021,Sorriso grande,XW
Alessandra,2023,2018,10,IT
Alessandra,2023,2021,Pezzo di cuore,XW
Alessandra,2023,2019,Mambo salentino,XW
Alessandra,2023,2010,Il mondo in un secondo,IT
Alessandra,2023,2024,Mezzo rotto,XW
Alessandra,2023,2024,Fino a qui,XW
Alessandra,2023,2009,Senza nuvole,XE
Alessandra,2023,2009,Stupida (remix di Emiliano Pepe feat. La Pina),IT
Alessandra,2023,2009,Senza nuvole,IT
Alessandra,2023,2009,Stupida,IT
Alessandra,2023,2025,Io non sarei,
Alessandra,2023,2016,Comunque andare,XW
Alessandra,2023,2017,Piccole cose,AU
Alessandra,2023,2011,È vero che vuoi restare,IT
Alessandra,2023,2020,Karaoke,XW
Alessandra,2023,2024,Mezzo rotto,XW
Alessandra,2023,2025,Serenata,XW
Alessandra,2023,2015,Stupendo fino a qui,IT
Alessandra,2023,2024,Si mette male,XW
Alessandra,2023,2021,Tutto accade,XW
Alessandra,2023,2020,Karaoke,US
Alessandra,2023,2019,Immobile 10+1,XW
Alessandra,2023,2022,NOTTI BLU,IT
Alessandra,2023,2025,Cose stupide,XW
Alessandra,2023,2016,Vivere a colori,IT
Alessandra,2023,2021,Tutto accade,IT
Alessandra,2023,2020,Karaoke,XW
Alessandra,2023,2019,Sul ciglio senza far rumore,XW
Alessandra,2023,2013,Amore puro,IT
Alessandra,2023,2010,La mia storia con te,IT
Alessandra,2023,2021,Pezzo di cuore,XW
Alessandra,2023,2025,Serenata,XW
Alessandra,2023,2009,Immobile,
Alessandra,2023,2018,10,XW
Alessandra,2023,2019,Immobile 10+1,XW
Alessandra,2023,2022,Camera 209,IT
Alessandra,2023,2016,Sul ciglio senza far rumore,XW
Alessandra,2023,2019,Mambo salentino,XW
Alessandra,2023,2024,Si mette male,XW
Alessandra,2023,2024,Fino a qui,XW
Alessandra,2023,2019,"10, io, noi",XW
Alessandra,2023,2009,Stupida,XW
Alessandra,2023,2016,Sul ciglio senza far rumore,
Tvorchi,2023,2022,Вимкни телефон,
Tvorchi,2023,2022,Heart of Steel,
Tvorchi,2023,2025,Вихідний,XW
Tvorchi,2023,2023,Heart of Steel (Eurovision version),
Tvorchi,2023,2023,Hidden Code,XW
Tvorchi,2023,2023,Мрійники,XW
Tvorchi,2023,2019,#не_танцюю,
Tvorchi,2023,2025,Мила моя,XW
Tvorchi,2023,2022,Heart of Steel,
Tvorchi,2023,2024,Planet X,XW
Tvorchi,2023,2023,Heart of Steel (remix),
Tvorchi,2023,2022,Боремося,
Gustaph,2023,2025,Really Mine,XW
Gustaph,2023,2024,Calls Your Name,XW
Gustaph,2023,2023,Already Know,XW
Gustaph,2023,2018,My Curse and Cure (edit),XW
Gustaph,2023,2014,Running,US
Gustaph,2023,2024,Vernissage,XW
Gustaph,2023,2025,Look At Us Now,
Gustaph,2023,2023,Because of You,BE
Gustaph,2023,2024,Faith In What You Feel,
Gustaph,2023,2023,Because of You,XW
Gustaph,2023,2025,Look at Us Now,XW
Alika,2023,2009,Nueva Cumbia Argentina: The Buenos Aires Implosion,ES
Alika,2023,2014,Mi palabra mi alma,AR
Alika,2023,2016,Mas de 18,XW
Alika,2023,2006,Razón meditación acción,AR
Alika,2023,2020,Revolucionario,XW
Alika,2023,2017,Niceto Club en vivo,XW
Alika,2023,2020,Inspirame (Remix by Benzii),XW
Alika,2023,2017,No Police,XW
Alika,2023,2016,De donde ponga los pies,XW
Alika,2023,2008,Educate Yourself,AR
Alika,2023,2000,No dejes que te paren,AR
Alika,2023,2020,Dreadlocks Dub (Remix),XW
Alika,2023,2005,Ejercito despierta,XW
Alika,2023,2012,No dejes que te paren,XW
Alika,2023,2014,Se alborotan,XW
Alika,2023,2018,Why?,XW
Alika,2023,2012,DubYourSelf,XW
Alika,2023,2019,Inspirame,XW
Alika,2023,2011,Unidad & Respeto Mixtape,AR
Alika,2023,2018,Septimo,XW
Alika,2023,2011,Abrazarte,XW
Alika,2023,2009,Mad Professor Meets Alika,
Alika,2023,2013,Jengibre,XW
Alika,2023,2012,Dub Yourself,MX
Alika,2023,2020,The Vibes,XW
Alika,2023,2003,Sin intermediarios,AR
Alika,2023,2019,Cumbia crónica,XW
Alika,2023,2018,528,XW
Alika,2023,2020,Keep it Simple,XW
Monika Linkytė,2023,2015,Walk With Me,XW
Monika Linkytė,2023,2023,Healing,XW
Monika Linkytė,2023,2023,Stay (ČIŪTO TŪTO),
Monika Linkytė,2023,2021,Paskutinįkart,XW
Monika Linkytė,2023,2022,Degtukas,XW
Monika Linkytė,2023,2018,Prisimink mane,XW
Monika Linkytė,2023,2019,Perfect Times,XW
Monika Linkytė,2023,2016,Prisimink mane,LT
Monika Linkytė,2023,2021,Paskutinįkart,
Monika Linkytė,2023,2023,Stay,XW
Monika Linkytė,2023,2022,Dūšia / Sakai man lyk,XW
Voyager,2023,2006,Sober,AU
Voyager,2023,2019,Colours,XW
Voyager,2023,2019,Entropy,XW
Voyager,2023,2022,Dreamer,XW
Voyager,2023,2019,Brightstar,XW
Voyager,2023,2017,Ascension,XW
Voyager,2023,2023,Promise (house remix),XW
Voyager,2023,2023,Promise – Producer Pack,XW
Voyager,2023,2022,Dreamer,XW
Voyager,2023,2023,V,AU
Voyager,2023,2019,Colours in the Sun,XW
Voyager,2023,2018,Element V,XW
Voyager,2023,2025,Seen Better Days,XW
Voyager,2023,2021,This Boy’s in Love,XW
Voyager,2023,2023,Promise (electric string version),XW
Voyager,2023,2007,uniVers,US
Voyager,2023,2019,Univers,XW
Voyager,2023,2011,The Meaning of I,US
Voyager,2023,2023,Fearless in Love,XE
Voyager,2023,2004,Element V,XE
Voyager,2023,2009,I Am the Revolution,AU
Voyager,2023,2023,Prince of Fire,XW
Voyager,2023,2020,Ghost Mile,XW
Voyager,2023,2023,Ultraviolet,XW
Voyager,2023,2019,Colours in the Sun,XW
Voyager,2023,2018,The Meaning of I,XW
Voyager,2023,2021,‘Dreamer’ Remix and Creator Pack,XW
Voyager,2023,2019,Water Over the Bridge,XW
Voyager,2023,2018,I Am the Revolution,XW
Voyager,2023,2014,V,GB
Voyager,2023,2022,A Voyage Through Time,AU
Voyager,2023,2014,V,AU
Voyager,2023,2003,Element V,AU
Voyager,2023,2004,Element V,JP
Voyager,2023,2014,Breaking Down,XW
Voyager,2023,2022,A Voyage Through Time,AU
Voyager,2023,2007,uniVers,AU
Voyager,2023,2024,The Early Years,XE
Voyager,2023,2022,White Shadow (live),XW
Voyager,2023,2023,Break a Broken Heart,XW
Voyager,2023,2023,Promise (Neurotech remix),XW
Voyager,2023,2022,A Voyage Through Time,XW
Voyager,2023,2009,I Am the Revolution,XW
Voyager,2023,2023,Promise (instrumental),XW
Voyager,2023,2023,Promise / Dreamer,XW
Voyager,2023,2023,Promise,XW
Voyager,2023,2023,Fearless in Love,XW
Voyager,2023,2022,Hyperventilating (live),XW
Voyager,2023,2019,Ghost Mile,XW
Voyager,2023,2022,Submarine,XW
Voyager,2023,2017,Ghost Mile,AU
Voyager,2023,2011,The Meaning of I,AU
Voyager,2023,2016,Misery Is Only Company,
Nemo,2024,2015,Coma,FR
Nemo,2024,2009,Barbares,FR
Nemo,2024,2004,Prélude à la ruine,FR
Nemo,2024,2004,Eve et le Génie du Mal,FR
Nemo,2024,2002,Les Nouveaux Mondes,FR
Nemo,2024,2003,Présages,FR
Nemo,2024,2009,Barbares,FR
Nemo,2024,2007,Les Nouveaux Mondes,FR
Nemo,2024,2011,R€volu$ion,FR
Nemo,2024,2022,Les Nouveaux Mondes 2022,FR
Nemo,2024,2023,Live @ Das Rind 2010,XW
Nemo,2024,2002,Les Nouveaux Mondes,FR
Nemo,2024,2007,"Si, Partie II",FR
Nemo,2024,2018,Présages 2018,XW
Nemo,2024,2005,Immersion publique,FR
Nemo,2024,2015,Coma,FR
Nemo,2024,2010,La Machine à remonter le temps,FR
Nemo,2024,2006,Les Enfants Rois,FR
Nemo,2024,2007,Présages,FR
Nemo,2024,2020,Le ver dans le fruit Live,XW
Nemo,2024,2006,"Si, Partie I",FR
Nemo,2024,2022,Les nouveaux mondes 2022,XW
Nemo,2024,2013,Le ver dans le fruit,FR
Baby Lasagna,2024,2025,#eurodab,XW
Baby Lasagna,2024,2025,Cha Cha Cha / Rim Tim Tagi Dim (Battle Mashup),XW
Baby Lasagna,2024,2025,Cha Cha Cha / Rim Tim Tagi Dim (Battle Mashup),
Baby Lasagna,2024,2024,Rim Tim Tagi Dim,XW
Baby Lasagna,2024,2023,"Don’t Hate Yourself, but Don’t Love Yourself Too Much",XW
Baby Lasagna,2024,2024,Biggie Boom Boom,
Baby Lasagna,2024,2024,Catch Me If You Can,HR
Baby Lasagna,2024,2023,IG BOY,XW
Baby Lasagna,2024,2024,and I,HR
Baby Lasagna,2024,2025,DMNS & Mosquitoes,HR
Baby Lasagna,2024,2025,#eurodab,XW
Slimane,2024,2011,Tourne le monde,FR
Slimane,2024,2023,MILLE RAISONS,FR
Slimane,2024,2017,Abîmée,XW
Slimane,2024,2018,Bella Ciao,FR
Slimane,2024,2018,Solune,FR
Slimane,2024,2018,Solune,XW
Slimane,2024,2023,Mon amour,XW
Slimane,2024,2020,VersuS : En mode sport,
Slimane,2024,2021,VersuS : L’Ultime Chapitre,FR
Slimane,2024,2018,Solune,FR
Slimane,2024,2018,Je te le donne,XW
Slimane,2024,2021,VersuS : L’ultime chapitre,XW
Slimane,2024,2020,VersuS : by Slimane,
Slimane,2024,2021,"Bref, j'ai besoin d'une pause",FR
Slimane,2024,2020,VersuS - CHAPITRE II,XW
Slimane,2024,2025,Mieux que moi,FR
Slimane,2024,2019,Hasta la vista,XW
Slimane,2024,2020,VersuS : À la maison,
Slimane,2024,2025,Il faut que tu saches,FR
Slimane,2024,2017,Marie,XW
Slimane,2024,2023,Mon amour,
Slimane,2024,2021,Le blues de toi,FR
Slimane,2024,2024,Resister (What About Peace?),XW
Slimane,2024,2016,À bout de rêves,FR
Slimane,2024,2021,Je te promets,FR
Slimane,2024,2020,VersuS : En famille,
Slimane,2024,2019,On My Skin,AF
Slimane,2024,2024,Essentiels,XW
Slimane,2024,2023,Mon amour (live à Paris / 2023),
Slimane,2024,2019,VersuS,XW
Slimane,2024,2019,Ça va ça vient,XW
Slimane,2024,2016,À bout de rêves,XE
Slimane,2024,2022,Chroniques d’un cupidon,
Slimane,2024,2018,Solune,
Slimane,2024,2019,VersuS,FR
Slimane,2024,2022,Chroniques d’un cupidon,FR
Slimane,2024,2022,Chroniques d’un cupidon,FR
Slimane,2024,2016,Adieu,FR
Slimane,2024,2023,La recette,FR
Slimane,2024,2019,VersuS,FR
Slimane,2024,2025,Il faut que tu saches,XW
Slimane,2024,2024,Essentiels,FR
Slimane,2024,2020,VersuS,XW
Slimane,2024,2022,Chroniques d’un Cupidon,XE
Slimane,2024,2020,VersuS : En concert,FR
Slimane,2024,2019,Fais comme ça,FR
Slimane,2024,2020,VersuS - CHAPITRE II,XW
Slimane,2024,2020,VersuS - Chapitre II,FR
Slimane,2024,2016,À bout de rêves,FR
Slimane,2024,2021,BELLE,
Slimane,2024,2020,Ça ira,XW
Slimane,2024,2017,Viens on s'aime,FR
Slimane,2024,2018,Solune,FR
Eden Golan,2024,2022,Ghost Town,
Eden Golan,2024,2024,Hurricane,
Eden Golan,2024,2025,Beautiful Horizon,XW
Eden Golan,2024,2024,Older,XW
Eden Golan,2024,2023,TAXI,IL
Eden Golan,2024,2025,Wait for You,
Bambie Thug,2024,2018,Maybe,XW
Bambie Thug,2024,2017,Amore Harmonies,XW
Bambie Thug,2024,2020,Mean (edbl remix),XW
Bambie Thug,2024,2020,Crocodile - Passion Isn't Violent,XW
Bambie Thug,2024,2023,Careless,XW
Bambie Thug,2024,2013,Cant Help Falling in Love,XW
Bambie Thug,2024,2018,Talk to Me,
Bambie Thug,2024,2020,Mean (Pastel remix),XW
Bambie Thug,2024,2024,Doomsday Blue (intimate),XW
Bambie Thug,2024,2018,Talk to Me (The Remixes),
Bambie Thug,2024,2021,Coffee & Clouds,XW
Bambie Thug,2024,2021,P.M.P,XW
Bambie Thug,2024,2019,Me and My Love,XW
Bambie Thug,2024,2017,lost ones,XW
Bambie Thug,2024,2018,Talk to Me,XW
Bambie Thug,2024,2021,Coffee & Clouds,
Bambie Thug,2024,2019,Moments of pleasure,XW
Bambie Thug,2024,2023,Cathexis,XW
Bambie Thug,2024,2022,Headbang,XW
Bambie Thug,2024,2023,Egregore,XW
Bambie Thug,2024,2024,Hex So Heavy,XW
Bambie Thug,2024,2021,Love Like Mine,
Bambie Thug,2024,2021,High Romancy,XW
Bambie Thug,2024,2024,Bad Witch (Bambie Thug version),XW
Bambie Thug,2024,2019,Ecstasy,XW
Bambie Thug,2024,2018,Talk to Me,XW
Bambie Thug,2024,2020,Mean,XW
Bambie Thug,2024,2022,Tsunami (11:11),XW
Bambie Thug,2024,2022,Merry Christmas Baby,XW
Bambie Thug,2024,2022,KAWASAKI (I love it),XW
Bambie Thug,2024,2021,How Can I Love? (When I Can’t Get Away From You),
Bambie Thug,2024,2017,Smoke Rings,XW
Bambie Thug,2024,2024,Fangtasy,XW
Bambie Thug,2024,2017,Grocery Bags - ar.libeats - Up Dub,XW
Bambie Thug,2024,2021,Psilocyber,XW
Bambie Thug,2024,2025,REDRUM,
Bambie Thug,2024,2018,Waste of You xKri rough home rec,XW
Bambie Thug,2024,2021,Birthday,XW
Bambie Thug,2024,2018,Spooky,XW
Bambie Thug,2024,2019,Lessons in Love,XW
Bambie Thug,2024,2019,Dial Me,XW
Bambie Thug,2024,2017,Thin ice - rough,XW
Angelina Mango,2024,2024,Per due come noi,XW
Angelina Mango,2024,2023,Voglia di vivere,
Angelina Mango,2024,2023,Ci pensiamo domani,
Angelina Mango,2024,2024,Melodrama,XW
Angelina Mango,2024,2024,Per due come noi,XW
Angelina Mango,2024,2024,La noia (Hypaton remix),XW
Angelina Mango,2024,2023,Fila indiana,XW
Angelina Mango,2024,2025,Caramé,XW
Angelina Mango,2024,2023,Che t’o dico a fa’,XW
Angelina Mango,2024,2024,Poké melodrama,XE
Angelina Mango,2024,2024,Per due come noi,XW
Angelina Mango,2024,2020,Va tutto bene,
Angelina Mango,2024,2022,Formica,XW
Angelina Mango,2024,2026,Caramé,XW
Angelina Mango,2024,2024,La noia (Hypaton remix),XW
Angelina Mango,2024,2024,La noia,XW
Angelina Mango,2024,2025,Velo sugli occhi,XW
Angelina Mango,2024,2021,Sono aggrappata a te,
Angelina Mango,2024,2024,Melodrama (spanish version),XW
Angelina Mango,2024,2024,Melodrama (spanish version),XW
Angelina Mango,2024,2024,Poké melodrama,IT
Angelina Mango,2024,2025,Sentire,
Angelina Mango,2024,2024,La noia,XW
Angelina Mango,2024,2024,Melodrama,XW
Angelina Mango,2024,2020,Monolocale,XW
Angelina Mango,2024,2024,Apple Music Sessions,XW
Angelina Mango,2024,2026,Caramé (NCNT),
Angelina Mango,2024,2022,Walkman,XW
Angelina Mango,2024,2022,Formica,
Angelina Mango,2024,2023,Ci pensiamo domani,XW
Angelina Mango,2024,2023,Che t’o dico a fa’,XW
Angelina Mango,2024,2024,Poké melodrama,IT
Angelina Mango,2024,2024,Poké melodrama,IT
Angelina Mango,2024,2023,Fila indiana,XW
Angelina Mango,2024,2024,Poké melodrama,XW
Angelina Mango,2024,2024,La noia,XW
Angelina Mango,2024,2024,La noia,XW
Angelina Mango,2024,2024,Poké melodrama,IT
Angelina Mango,2024,2024,Melodrama (spanish version),XW
Angelina Mango,2024,2023,Mani vuote,
Angelina Mango,2024,2024,Melodrama,XW
Angelina Mango,2024,2025,Velo sugli occhi,
Angelina Mango,2024,2023,Fila indiana,XW
Angelina Mango,2024,2024,La noia,XW
Angelina Mango,2024,2022,Rituali,XW
Angelina Mango,2024,2023,Voglia di vivere,IT
Angelina Mango,2024,2025,Caramé,XW
Angelina Mango,2024,2024,La noia,XW
Angelina Mango,2024,2023,Voglia di vivere,XW
Ladaniva,2024,2021,Pourquoi t’as fait ça ?,XW
Ladaniva,2024,2024,Jako,XW
Ladaniva,2024,2023,Ladaniva,XW
Ladaniva,2024,2023,Ladaniva,FR
Ladaniva,2024,2024,Here’s to You Ararat,XW
Ladaniva,2024,2020,Kef Chilini,XW
Ladaniva,2024,2023,Wayo Waya,XW
Ladaniva,2024,2023,Wayo Waya (hard music edit),XW
Ladaniva,2024,2024,Ladaniva (Postcards),XW
Ladaniva,2024,2023,Shakar,XW
Ladaniva,2024,2024,Saraiman,XW
Ladaniva,2024,2023,Je t’aime tellement,XW
Ladaniva,2024,2020,Ladaniva,XW
Ladaniva,2024,2020,Oror,XW
Ladaniva,2024,2023,Je Voulais,XW
Marcus and Martinus,2024,2018,Moments (deluxe),XW
Marcus and Martinus,2024,2021,Feel,
Marcus and Martinus,2024,2017,Bae (Remixes),AF
Marcus and Martinus,2024,2025,Endless Summer,XW
Marcus and Martinus,2024,2016,Without You,DK
Marcus and Martinus,2024,2022,Wicked Game,XW
Marcus and Martinus,2024,2025,Wonder,XW
Marcus and Martinus,2024,2019,Pocket Dial,XW
Marcus and Martinus,2024,2021,Belinda,
Marcus and Martinus,2024,2026,Nattevandrer,
Marcus and Martinus,2024,2016,Heartbeat,XW
Marcus and Martinus,2024,2016,I Don't Wanna Fall in Love,XW
Marcus and Martinus,2024,2024,Unforgettable,
Marcus and Martinus,2024,2016,Together,XW
Marcus and Martinus,2024,2025,The Room,XW
Marcus and Martinus,2024,2023,Air (YouNotUs remix),XW
Marcus and Martinus,2024,2023,247365,XW
Marcus and Martinus,2024,2023,Air,XW
Marcus and Martinus,2024,2018,Moments (instrumental),XW
Marcus and Martinus,2024,2025,Wonder,XW
Marcus and Martinus,2024,2024,We Are Not the Same,XW
Marcus and Martinus,2024,2015,Hei,NO
Marcus and Martinus,2024,2017,Make You Believe in Love,
Marcus and Martinus,2024,2018,Invited,XW
Marcus and Martinus,2024,2021,Belinda,
Marcus and Martinus,2024,2015,Alt jeg ønsker meg,XW
Marcus and Martinus,2024,2017,First Kiss,XW
Marcus and Martinus,2024,2020,Love You Less,AL
Marcus and Martinus,2024,2018,Remind Me,
Marcus and Martinus,2024,2024,Another Life,XW
Marcus and Martinus,2024,2024,Another Life,XW
Marcus and Martinus,2024,2018,Moments,NO
Marcus and Martinus,2024,2024,Unforgettable,
Marcus and Martinus,2024,2015,Hei (Instrumental),XW
Marcus and Martinus,2024,2015,Ei som deg,
Marcus and Martinus,2024,2024,Another Life,XW
Marcus and Martinus,2024,2023,Christmas to Me,XW
Marcus and Martinus,2024,2015,Elektrisk,
Marcus and Martinus,2024,2018,Moments,NO
Marcus and Martinus,2024,2016,Light It Up,XW
Marcus and Martinus,2024,2018,Together (instrumental),XW
Marcus and Martinus,2024,2019,SOON,XW
Marcus and Martinus,2024,2015,Hei (Fan Spesial),XW
Marcus and Martinus,2024,2024,Unforgettable,XW
Marcus and Martinus,2024,2023,Air,XW
Marcus and Martinus,2024,2017,Dance With You,XW
Marcus and Martinus,2024,2020,Love You Less,AL
Marcus and Martinus,2024,2015,Hei (Fan Spesial),XW
Marcus and Martinus,2024,2022,Gimme Your Love,
Marcus and Martinus,2024,2025,The Room,XW
Marcus and Martinus,2024,2016,Girls,XW
Marcus and Martinus,2024,2016,Together,NO
Marcus and Martinus,2024,2017,Like It Like It,XW
Iolanda,2024,2024,Laurinda,XW
Iolanda,2024,2024,Mudar a canção,XW
Iolanda,2024,2025,Ne partez pas sans moi,XW
Iolanda,2024,2023,Cura,XW
Iolanda,2024,2024,Contratempo,XW
JJ,2025,1984,Special Edition,DE
JJ,2025,1958,Shock Hop / Sneaky,US
JJ,2025,1992,Number 10,XE
JJ,2025,1989,Travel-Log,XE
JJ,2025,1980,Naturally,IT
JJ,2025,1996,Guitar Man,XE
JJ,2025,1994,Closer to You,AU
JJ,2025,1982,Grasshopper,US
JJ,2025,1982,Shades,NL
JJ,2025,2004,To Tulsa and Back,FR
JJ,2025,1971,Naturally,US
JJ,2025,1991,#8,JP
JJ,2025,1999,Classic JJ Cale,XE
JJ,2025,1996,Guitar Man,GB
JJ,2025,1979,5,GB
JJ,2025,1976,Naturally,GB
JJ,2025,1980,Troubadour,US
JJ,2025,1981,Shades,US
JJ,2025,2003,"In Session at the Paradise Studios, Los Angeles, 1979",GB
JJ,2025,1992,Number 10,US
JJ,2025,1990,Okie,NL
JJ,2025,1976,Troubadour,NO
JJ,2025,1972,Naturally,GB
JJ,2025,1976,Troubadour,GB
JJ,2025,1974,Okie,US
JJ,2025,1989,Best of J.J. Cale,DE
JJ,2025,1983,Shades,XE
JJ,2025,1983,La femme de mon pote,FR
JJ,2025,1976,Okie,NL
JJ,2025,1982,Shades,NL
JJ,2025,1984,Special Edition,DE
JJ,2025,1982,Really,NL
JJ,2025,1997,The Very Best of J.J. Cale,US
JJ,2025,1974,I Hate Myself,
JJ,2025,2004,The Ultimate Collection,US
JJ,2025,1997,Number 10,DE
JJ,2025,1975,Really,US
JJ,2025,1975,Naturally,US
JJ,2025,1996,Guitar Man,US
JJ,2025,1983,Grasshopper,DE
JJ,2025,2001,Millennium Edition,DE
JJ,2025,1983,Grasshopper,XE
JJ,2025,1974,Okie,GB
JJ,2025,1997,Anyway the Wind Blows: The Anthology,US
JJ,2025,1983,Troubadour,GB
JJ,2025,1997,The Very Best of J.J. Cale,XE
JJ,2025,2001,Live,US
JJ,2025,1994,Closer to You,US
JJ,2025,1990,5,GB
JJ,2025,1990,Really,NL
JJ,2025,1990,Really,US
JJ,2025,1998,Naturally,GB
JJ,2025,1987,Really,DE
JJ,2025,1983,5,GB
JJ,2025,1972,Really,US
JJ,2025,1990,Okie,US
JJ,2025,1989,Travel-Log,NL
JJ,2025,2003,After Midnight,XE
JJ,2025,1979,5,US
JJ,2025,1976,Troubadour,US
JJ,2025,2001,Live,XE
JJ,2025,1984,Special Edition,US
JJ,2025,1983,#8,DE
JJ,2025,1996,Guitar Man,FR
JJ,2025,1990,Strummin’ on the Porch…a Beer in Reach,AU
JJ,2025,1983,Really,GB
JJ,2025,1987,Naturally,US
JJ,2025,2004,To Tulsa and Back,US
JJ,2025,1982,Grasshopper,DE
JJ,2025,2004,To Tulsa and Back,XE
JJ,2025,1979,5,DE
JJ,2025,1983,#8,DE
JJ,2025,1990,Travel‐Log,US
JJ,2025,1989,Travel-Log,DE
JJ,2025,1992,Number 10,CA
JJ,2025,1992,Lonesome Train,GB
JJ,2025,1984,Grasshopper,US
JJ,2025,1991,Shades,DE
JJ,2025,1978,Naturally,DE
JJ,2025,2002,20th Century Masters: The Millennium Collection: The Best of J.J. Cale,US
JJ,2025,1981,Shades,IT
JJ,2025,2000,Universal Masters Collection,GB
JJ,2025,2001,Live,
JJ,2025,1979,Troubadour,FR
JJ,2025,1984,Special Edition,US
JJ,2025,2004,To Tulsa and Back,XW
JJ,2025,1994,Closer to You,XE
JJ,2025,2005,Troubadour,US
JJ,2025,1989,Travel-Log,XE
JJ,2025,2004,To Tulsa and Back,XE
JJ,2025,2016,Live in San Diego,
JJ,2025,2013,Shades,JP
JJ,2025,2019,Stay Around,XW
JJ,2025,2019,Stay Around,XE
JJ,2025,2013,5,JP
JJ,2025,2014,Number 10,DE
JJ,2025,2019,After Hours in Minneapolis,
JJ,2025,2009,Roll On,XE
JJ,2025,2009,Roll On,XE
JJ,2025,2006,The Road to Escondido,ZA
JJ,2025,2013,Really,JP
JJ,2025,2007,Rewind: Unreleased Recordings,FR
JJ,2025,2019,Stay Around,XW
JJ,2025,2007,Rewind: Unreleased Recordings,XW
JJ,2025,2007,Rewind: Unreleased Recordings,GB
JJ,2025,2020,Special Edition,JP
JJ,2025,2006,The Road to Escondido,JP
JJ,2025,2019,Roll On,XW
JJ,2025,2006,Collected,NL
JJ,2025,2009,Best: Carry On,DE
JJ,2025,2009,Roll On,FR
JJ,2025,2006,The Road to Escondido,XW
JJ,2025,2011,The Silvertone Years,XE
JJ,2025,2019,Guitar Man,XE
JJ,2025,2012,"In Session at the Paradise Studios, Los Angeles, 1979",XE
JJ,2025,2007,Rewind: Unreleased Recordings,US
JJ,2025,2013,Troubadour,JP
JJ,2025,2007,Dirty Space Disco Volume 1 Sampler,FR
JJ,2025,2012,Closer to You,XW
JJ,2025,2016,Naturally,JP
JJ,2025,2013,5 Original Albums,DE
JJ,2025,2007,Rewind: Unreleased Recordings,XE
JJ,2025,2013,#8,JP
JJ,2025,2011,The J.J. Cale Collection,XE
JJ,2025,2018,Collected,XE
JJ,2025,2013,Okie,JP
JJ,2025,2007,The Road to Escondido,US
JJ,2025,2007,Gold,DE
JJ,2025,2005,The Definitive Collection,US
JJ,2025,2012,"In Session at the Paradise Studios, Los Angeles, 1979",US
JJ,2025,2024,The Low Down: Quincy ’93,
JJ,2025,2006,The Road to Escondido,XE
JJ,2025,2006,The Road to Escondido,US
JJ,2025,2009,Roll On,US
JJ,2025,2011,The Silvertone Years,ZA
Tommy Cash,2025,2004,"A Musical Tribute: ""My Brother Johnny Cash""",US
Tommy Cash,2025,2007,26 Country Hits,XW
Tommy Cash,2025,1978,The New Spirit,US
Tommy Cash,2025,2008,Fade to Black (Memories of Johnny),US
Tommy Cash,2025,1970,Rise and Shine,US
Tommy Cash,2025,1992,The 25th Anniversary Album,GB
Tommy Cash,2025,1970,Six White Horses,US
Tommy Cash,2025,1971,The American Way of Life,CA
Tommy Cash,2025,1982,Cashin' In,US
Tommy Cash,2025,1999,The Very Best of Tommy Cash,US
Tommy Cash,2025,1969,Your Lovin' Takes the Leavin' Out of Me,US
Tommy Cash,2025,1993,Let an Old Racehorse Run,US
Tommy Cash,2025,1975,Only a Stone,US
Tommy Cash,2025,1999,Classics,US
Tommy Cash,2025,1967,Here Comes Tommy Cash,US
Tommy Cash,2025,1990,The 25th Anniversary Album,US
Tommy Cash,2025,1971,Cash Country,US
Tommy Cash,2025,2009,Tommy Cash,DK
Tommy Cash,2025,1982,All Around Cowboy,US
KAJ,2025,2016,Kom ti Byin,XW
KAJ,2025,2019,Text-TV,XW
KAJ,2025,2014,Jåo nåo e ja jåo YOLO ja nåo,XW
KAJ,2025,2013,Heimani i skick,XW
KAJ,2025,2017,Paavos barkbrö (live at Skolmusik 2017),XW
KAJ,2025,2024,Dansgolv,XW
KAJ,2025,2024,Firmans man,XW
KAJ,2025,2025,Karaoke,XW
KAJ,2025,2012,Professionella pjasalappar,FI
KAJ,2025,2025,Sauna Collection,XW
KAJ,2025,2026,Economy Plus,XW
KAJ,2025,2024,Karar i arbeit,FI
KAJ,2025,2014,Lokalproducerat Pjas,FI
KAJ,2025,2025,Bara bada bastu,XW
KAJ,2025,2015,Pa to ta na kako?,XW
KAJ,2025,2019,Vems pojk e do?,XW
KAJ,2025,2026,Bara bada bastu (Trauma edition),XW
KAJ,2025,2020,KAJ 10: Live i Botniahallen 30.11.2019,FI
KAJ,2025,2021,Botnia Paradise,FI
KAJ,2025,2025,Sauna Collection,FI
KAJ,2025,2014,Lokalproducerat Pjas,XW
KAJ,2025,2025,Mosquito,XW
KAJ,2025,2018,Gambämark,XW
KAJ,2025,2020,KAJ 10,XW
KAJ,2025,2021,Botnia Paradise,XW
KAJ,2025,2016,Taco hej (me. GU$TA),XW
Lucio Corsi,2025,2025,Volevo essere un duro,XW
Lucio Corsi,2025,2025,Volevo essere un duro,IT
Lucio Corsi,2025,2026,Bestiario Musicale,IT
Lucio Corsi,2025,2017,Bestiario musicale,IT
Lucio Corsi,2025,2014,Vetulonia Dakar,
Lucio Corsi,2025,2025,Notte di Natale,XW
Lucio Corsi,2025,2020,Cosa faremo da grandi?,IT
Lucio Corsi,2025,2025,La Chitarra Nella Roccia,XW
Lucio Corsi,2025,2015,Altalena Boy,IT
Lucio Corsi,2025,2025,Volevo essere un duro,
Lucio Corsi,2025,2025,Volevo essere un duro,XW
Lucio Corsi,2025,2015,Altalena Boy / Vetulonia Dakar,IT
Lucio Corsi,2025,2020,Cosa faremo da grandi?,IT
Lucio Corsi,2025,2023,La gente che sogna,IT
Lucio Corsi,2025,2015,Altalena Boy / Vetulonia Dakar,XW
Lucio Corsi,2025,2025,La chitarra nella roccia (live),
Klavdia,2025,2022,Lonely Heart (Yone remix),XW
Klavdia,2025,2026,CATHARTICUS (Greek Version),XW
Klavdia,2025,2022,Lonely Heart (Arcade remix),XW
Klavdia,2025,2022,Lonely Heart (acoustic remix),XW
Klavdia,2025,2023,Holy Water (Arcade Midnight remix),XW
Klavdia,2025,2023,Holy Water,XW
Klavdia,2025,2023,Fire in the Sky,XW
Klavdia,2025,2022,Lonely Heart,XW
Klavdia,2025,2023,Haramata,XW
Klavdia,2025,2025,Back to Blue,XW
Klavdia,2025,2025,Asteromata,
Klavdia,2025,2025,Back to Blue (acoustic),XW
Klavdia,2025,2025,Asteromata,
Klavdia,2025,2022,Edo Gyrnao,XW
Klavdia,2025,2024,Vasanizomai,XW
Klavdia,2025,2023,Holy Water (Arcade Sunset remix),XW
Klavdia,2025,2023,Holy Water (Kevin Adams remix),XW
Louane,2025,2022,Sassy Energy,
Louane,2025,2024,solo,FR
Louane,2025,2023,Sentiments heureux,
Louane,2025,2017,Chambre 12,JP
Louane,2025,2024,Les Montgolfières,XW
Louane,2025,2017,Si t’étais là,FR
Louane,2025,2020,Joie de vivre,FR
Louane,2025,2015,Chambre 12,FR
Louane,2025,2023,La Beauté (d’être à part),CA
Louane,2025,2024,solo,XW
Louane,2025,2020,Joie de vivre,FR
Louane,2025,2024,solo,FR
Louane,2025,2022,Sentiments,AF
Louane,2025,2024,Je me demande,XW
Louane,2025,2024,solo,XW
Louane,2025,2022,Secret,XW
Louane,2025,2026,Conduire,
Louane,2025,2015,Chambre 12,FR
Louane,2025,2018,Louane,
Louane,2025,2021,Game Girl,
Louane,2025,2024,solo,XW
Louane,2025,2018,Midi sur novembre,FR
Louane,2025,2023,Pardonne-moi,FR
Louane,2025,2021,Joie de vivre,XW
Louane,2025,2024,Blizzard,FR
Louane,2025,2023,Secrets (sad orchestra),XW
Louane,2025,2023,Sentiments heureux (nan j’déconne),
Louane,2025,2025,maman (acoustique),FR
Louane,2025,2020,Donne-moi ton coeur,XW
Louane,2025,2013,Imagine,FR
Louane,2025,2015,Chambre 12,FR
Louane,2025,2018,Louane,FR
Louane,2025,2024,solo,
Louane,2025,2021,Joie de vivre,XW
Louane,2025,2022,La Fille,
Louane,2025,2024,la pluie (Tornado Club),XW
Louane,2025,2015,Chambre 12,FR
Louane,2025,2018,Louane,XW
Louane,2025,2015,Chambre 12,DE
Louane,2025,2024,la pluie (dj watchout remix),XW
Louane,2025,2013,Un Homme heureux,
Louane,2025,2017,Louane,FR
Louane,2025,2025,solo,XW
Louane,2025,2015,Chambre 12,FR
Louane,2025,2017,Louane,FR
Louane,2025,2025,Orchestra (20th Anniversary Version),
Louane,2025,2021,Joie de vivre (en couleurs),FR
Louane,2025,2020,Love (for Nest Audio Sessions),XW
Louane,2025,2020,Désolée (Vize remix),XW
Louane,2025,2023,Sentiments heureux,FR
Louane,2025,2021,Comment Faire,XW
Louane,2025,2025,Voyage,XW
Louane,2025,2021,Joie de vivre (En couleurs),XW
Louane,2025,2025,Tiens mon Best Of,XW
Louane,2025,2023,Sentiments heureux,AF
Louane,2025,2025,Chambre 12,
Louane,2025,2016,Nos secrets (P.E.L remix),
Louane,2025,2024,La pluie,FR
Louane,2025,2023,In the Business,XW
Louane,2025,2021,Joie de vivre,XE
Louane,2025,2016,Chambre 12,
Louane,2025,2023,Sentiments heureux (nan j’déconne),XW
Louane,2025,2022,Sentiments,AF
Louane,2025,2024,et si,XW
Louane,2025,2024,Jour 1 (Birthday Party version),XW
Louane,2025,2020,Donne-moi ton cœur (acoustique),XW
Louane,2025,2025,maman (English version),XW
Louane,2025,2022,Sans repères,XW
Louane,2025,2020,Donne-moi ton cœur (8D Audio),XW
Louane,2025,2024,brise,
Louane,2025,2024,la pluie (*Tornado Club*),
Louane,2025,2017,On était beau,FR
Louane,2025,2022,Tissues (French version),XW
Louane,2025,2014,Avenir,FR
Louane,2025,2024,foudre,FR
Louane,2025,2025,maman (instrumental),XW
Shkodra Elektronike,2025,2023,Vaj si kenka ba dynjaja,XW
Shkodra Elektronike,2025,2022,Turtulleshë,XW
Shkodra Elektronike,2025,2024,Zjerm,XW
Shkodra Elektronike,2025,2020,Synin si qershia,XW
Shkodra Elektronike,2025,2020,Ku e gjeta vedin,XW
Shkodra Elektronike,2025,2025,shndrit!,XW
Shkodra Elektronike,2025,2023,Turtulleshë (Kingja Remix),XW
Shkodra Elektronike,2025,2022,Live @ Uzina,XW
Ziferblat,2025,2024,Place I Call Home,
Ziferblat,2025,2025,Of Us,
Ziferblat,2025,2025,Bird of Pray,
Ziferblat,2025,2023,Перетворення,UA
Ziferblat,2025,2022,Земля,XW
Zoë Më,2025,2021,Das Lied der Leichtigkeit,XW
Zoë Më,2025,2020,Itsuko,XW
Zoë Më,2025,2020,Momoko,XW
Zoë Më,2025,2018,Bärenbrüder,XW
Zoë Më,2025,2020,Kartenhaus,XW
Zoë Më,2025,2024,Overdose,XW
Zoë Më,2025,2025,Voyage (version festive),
Zoë Më,2025,2025,Loup Garou,XW
Zoë Më,2025,2023,Ok,XW
Zoë Më,2025,2025,Durch die Nacht,XW
Zoë Më,2025,2024,Liste des Interdits,XW
Zoë Më,2025,2020,Aimée,XW
Zoë Më,2025,2024,Dorienne Gris,XW
Zoë Më,2025,2026,Valse à Demi,
Zoë Më,2025,2023,Lied ohne Ende,XW
Zoë Më,2025,2025,Voyage,XW
Zoë Më,2025,2024,Freunde finden / Devenir Amis,
Zoë Më,2025,2025,Million de Mois,XW
Zoë Më,2025,2024,Ok,XW
Zoë Më,2025,2020,Fallende Tänzer,XW
Zoë Më,2025,2025,Clair de Lune,
Zoë Më,2025,2019,Endlose Strasse,XW
Zoë Më,2025,2025,Voyage,XW
Zoë Më,2025,2024,Le Loup,XW
