artist,eurovision_year,eurovision_song,eurovision_country,eurovision_rank,artist_mbid,release_id,release_title,release_date,release_country,release_status
Måns Zelmerlöw,2015,Heroes,Sweden,1,9a21832f-5104-42fa-b881-17a1ca66bfdb,0631a490-ea76-475d-9d4d-8be2e2937526,Hope & Glory,2009-03-04,SE,Official
Måns Zelmerlöw,2015,Heroes,Sweden,1,9a21832f-5104-42fa-b881-17a1ca66bfdb,1708903d-70f6-48d8-ae59-2052aaf8d132,Barcelona Sessions,2014-02-05,SE,Official
Måns Zelmerlöw,2015,Heroes,Sweden,1,9a21832f-5104-42fa-b881-17a1ca66bfdb,1c04b970-5961-4a42-a234-25ea372515fd,Love Love Peace Peace,2016-05-05,XW,Official
Måns Zelmerlöw,2015,Heroes,Sweden,1,9a21832f-5104-42fa-b881-17a1ca66bfdb,1e4f01ae-e213-476b-8f1c-6b5398dabc7a,Circles and Squares,2021-02-19,XW,Official
Måns Zelmerlöw,2015,Heroes,Sweden,1,9a21832f-5104-42fa-b881-17a1ca66bfdb,23969704-cf1b-402f-80e8-2f8a63c8229c,Beautiful Life,2013-09-13,,Official
Måns Zelmerlöw,2015,Heroes,Sweden,1,9a21832f-5104-42fa-b881-17a1ca66bfdb,3056fd04-61b1-44ed-8f38-a4e81b8d62d1,Barcelona Sessions,2014-01-20,AL,Official
Måns Zelmerlöw,2015,Heroes,Sweden,1,9a21832f-5104-42fa-b881-17a1ca66bfdb,350bd177-b401-4ff6-af7a-8565642250a0,Christmas With Friends,2010,SE,Official
Måns Zelmerlöw,2015,Heroes,Sweden,1,9a21832f-5104-42fa-b881-17a1ca66bfdb,3874406c-c826-4de0-af30-203d21048267,Revolution,2025-02-21,XW,Official
Måns Zelmerlöw,2015,Heroes,Sweden,1,9a21832f-5104-42fa-b881-17a1ca66bfdb,39173ead-70d9-421d-b4e9-a0fa8bd52ffc,Cara Mia,2007-03-05,SE,Official
Måns Zelmerlöw,2015,Heroes,Sweden,1,9a21832f-5104-42fa-b881-17a1ca66bfdb,476e047c-b2b0-465c-bb66-10ba1d9b2dbb,MZW,2009-03-23,XW,Official
Måns Zelmerlöw,2015,Heroes,Sweden,1,9a21832f-5104-42fa-b881-17a1ca66bfdb,57e995d1-2e33-46d6-9fc1-743267d17e01,Heroes (Remixes),2015-05-22,XW,Official
Måns Zelmerlöw,2015,Heroes,Sweden,1,9a21832f-5104-42fa-b881-17a1ca66bfdb,5e06e02e-b60d-4b9a-9e03-6ac56e38eec9,Kära Vinter,2015-09-16,SE,Official
Måns Zelmerlöw,2015,Heroes,Sweden,1,9a21832f-5104-42fa-b881-17a1ca66bfdb,5ef01b84-876b-441f-a656-56adce42c052,Fire In The Rain,2016-05-04,SE,
Måns Zelmerlöw,2015,Heroes,Sweden,1,9a21832f-5104-42fa-b881-17a1ca66bfdb,60f5900b-6cf5-4bfa-8d19-3e03e196f828,Stand by for…,2007-06-19,XW,Official
Måns Zelmerlöw,2015,Heroes,Sweden,1,9a21832f-5104-42fa-b881-17a1ca66bfdb,67e98ea6-af82-3ad1-9cc2-3645d170f411,MZW,2009-04-27,PL,Official
Måns Zelmerlöw,2015,Heroes,Sweden,1,9a21832f-5104-42fa-b881-17a1ca66bfdb,6b6e4b4f-c5ed-4a2f-b23a-9be097689ba2,Should've Gone Home,2015,NL,Promotion
Måns Zelmerlöw,2015,Heroes,Sweden,1,9a21832f-5104-42fa-b881-17a1ca66bfdb,6c8cceef-76c5-4909-ab33-6212d7a7090d,Heroes (Remixes),2015,,
Måns Zelmerlöw,2015,Heroes,Sweden,1,9a21832f-5104-42fa-b881-17a1ca66bfdb,78163ade-11d6-467b-bbac-6e953837ea5d,Walk With Me,2019-03-01,XW,Official
Måns Zelmerlöw,2015,Heroes,Sweden,1,9a21832f-5104-42fa-b881-17a1ca66bfdb,78ba2143-1225-4f62-9f14-f85595011965,All I Want For Christmas Is You,2007-12-10,SE,Official
Måns Zelmerlöw,2015,Heroes,Sweden,1,9a21832f-5104-42fa-b881-17a1ca66bfdb,7c533ae8-a7fc-49d8-84a4-823b4d78b864,Kära Vinter,2011-12-19,AL,Official
Måns Zelmerlöw,2015,Heroes,Sweden,1,9a21832f-5104-42fa-b881-17a1ca66bfdb,8b71ed0e-fa38-4369-8d44-4d244bca46cd,Miss America,,,
Måns Zelmerlöw,2015,Heroes,Sweden,1,9a21832f-5104-42fa-b881-17a1ca66bfdb,8c5d7434-ae68-474b-85ef-386867a8a241,Heroes (Alex Moreno remix),2015-03-20,XW,
Måns Zelmerlöw,2015,Heroes,Sweden,1,9a21832f-5104-42fa-b881-17a1ca66bfdb,8f1818e6-ba44-414d-b09f-8a72e7f95ef8,Heroes,2015-05-13,SE,Official
Måns Zelmerlöw,2015,Heroes,Sweden,1,9a21832f-5104-42fa-b881-17a1ca66bfdb,90ffde51-c8ea-4845-88bb-f8b5b3322238,Fuego,2019-05-18,XE,Official
Måns Zelmerlöw,2015,Heroes,Sweden,1,9a21832f-5104-42fa-b881-17a1ca66bfdb,9559eca7-6c1e-420f-b99c-11f411bea041,MZW,2009-03-23,MX,Official
Måns Zelmerlöw,2015,Heroes,Sweden,1,9a21832f-5104-42fa-b881-17a1ca66bfdb,9722ea4f-73ae-45b2-83ae-b644418f5d1a,Brother Oh Brother,2007,DK,Promotion
Måns Zelmerlöw,2015,Heroes,Sweden,1,9a21832f-5104-42fa-b881-17a1ca66bfdb,9797c9d8-92a2-465e-995b-2873ee74a2f8,MZW,2009-03-25,SE,Official
Måns Zelmerlöw,2015,Heroes,Sweden,1,9a21832f-5104-42fa-b881-17a1ca66bfdb,99d4f594-a4b5-4745-ac31-f7b3f0760ac6,Stand by for...,2007-05-23,SE,Official
Måns Zelmerlöw,2015,Heroes,Sweden,1,9a21832f-5104-42fa-b881-17a1ca66bfdb,9a22ae3e-ff76-4981-89c0-eba2cb62cdd3,Let´s Sing (It´s Christmas Time),2022-11-11,XW,Official
Måns Zelmerlöw,2015,Heroes,Sweden,1,9a21832f-5104-42fa-b881-17a1ca66bfdb,9e82fb55-5eae-47dc-8980-5023a3af2bcb,TIME,2019-10-18,XW,Official
Måns Zelmerlöw,2015,Heroes,Sweden,1,9a21832f-5104-42fa-b881-17a1ca66bfdb,a4370e64-b8e5-4cc1-8018-1e6ef0b634ea,Perfectly Damaged,2015-06-03,XW,Official
Måns Zelmerlöw,2015,Heroes,Sweden,1,9a21832f-5104-42fa-b881-17a1ca66bfdb,a98e6298-e1f7-420c-ac57-ea6bc6662c75,Heroes,2015-05-22,,Official
Måns Zelmerlöw,2015,Heroes,Sweden,1,9a21832f-5104-42fa-b881-17a1ca66bfdb,aa1ea33e-b048-4a53-a8d7-569618072367,Perfectly Damaged,2015-06-05,SE,Official
Måns Zelmerlöw,2015,Heroes,Sweden,1,9a21832f-5104-42fa-b881-17a1ca66bfdb,aea7bb37-a047-4ced-8bbe-08e398d90bef,Heroes,2015-03-01,DK,Official
Måns Zelmerlöw,2015,Heroes,Sweden,1,9a21832f-5104-42fa-b881-17a1ca66bfdb,b2611a82-0577-4ed0-b319-d1940144dff2,Chameleon,2016-12-02,XW,Official
Måns Zelmerlöw,2015,Heroes,Sweden,1,9a21832f-5104-42fa-b881-17a1ca66bfdb,b263bd14-61d0-4613-b6ed-55533c16a801,Work of Art (Da Vinci),2007,SE,Official
Måns Zelmerlöw,2015,Heroes,Sweden,1,9a21832f-5104-42fa-b881-17a1ca66bfdb,b3158e06-b166-4761-a9b1-138e0b8ae853,Walk With Me (live),2019-12-20,XW,Official
Måns Zelmerlöw,2015,Heroes,Sweden,1,9a21832f-5104-42fa-b881-17a1ca66bfdb,bd9d49e3-8ec8-4eec-9385-229603517d38,Stayin' Alive,2016,,
Måns Zelmerlöw,2015,Heroes,Sweden,1,9a21832f-5104-42fa-b881-17a1ca66bfdb,bffe8087-ba26-4450-b7b3-60879a5dbec0,Perfectly Re:Damaged,2016-05-13,AT,Official
Måns Zelmerlöw,2015,Heroes,Sweden,1,9a21832f-5104-42fa-b881-17a1ca66bfdb,d4a39615-5fb2-45f5-ad97-0d751386dc64,Rien Que Nous Deux (Hanging On To Nothing),2016-10-28,XW,Official
Måns Zelmerlöw,2015,Heroes,Sweden,1,9a21832f-5104-42fa-b881-17a1ca66bfdb,d5d6b25e-aece-427e-bff1-3c6176c6a772,Brother Oh Brother,2007,,Official
Måns Zelmerlöw,2015,Heroes,Sweden,1,9a21832f-5104-42fa-b881-17a1ca66bfdb,e81cdfa2-b203-4bae-8f09-cc3c17337578,Broken Parts,2013-02-25,,Official
Måns Zelmerlöw,2015,Heroes,Sweden,1,9a21832f-5104-42fa-b881-17a1ca66bfdb,e903dc03-7220-4fce-9d66-95589bf49c63,Perfectly Re:Damaged,2016-07-08,BE,Official
Måns Zelmerlöw,2015,Heroes,Sweden,1,9a21832f-5104-42fa-b881-17a1ca66bfdb,ebbc4ad3-366e-449e-9490-7cadaffe9042,Chameleon,2016,SE,Official
Måns Zelmerlöw,2015,Heroes,Sweden,1,9a21832f-5104-42fa-b881-17a1ca66bfdb,faee0bc3-7a22-4c56-9e93-2a6b1c31be0d,Perfectly Re:Damaged,2016-05-13,US,Official
Il Volo,2015,Grande amore,Italy,3,0bf8b6a0-8ae4-42f7-ba7a-d66d343c73da,09e2763e-445d-449f-8dff-e21a9cfaba96,Buon Natale: The Christmas Album,2013-10-22,US,Official
Il Volo,2015,Grande amore,Italy,3,0bf8b6a0-8ae4-42f7-ba7a-d66d343c73da,0c05a420-50aa-4fa7-907c-a6eb455f27b0,Constantemente mía,2013-02-26,US,Official
Il Volo,2015,Grande amore,Italy,3,0bf8b6a0-8ae4-42f7-ba7a-d66d343c73da,0f3d8e9a-b986-41e2-8636-05bb5f973fed,Musica,2019-02-22,,Official
Il Volo,2015,Grande amore,Italy,3,0bf8b6a0-8ae4-42f7-ba7a-d66d343c73da,2358c034-abcd-421e-9f99-3b992b9fa3b5,Il volo,2011,US,Official
Il Volo,2015,Grande amore,Italy,3,0bf8b6a0-8ae4-42f7-ba7a-d66d343c73da,265950e5-bba9-4af0-b94a-ac390ebb8b7b,Il volo (Special Christmas Edition),2011-11-04,,Official
Il Volo,2015,Grande amore,Italy,3,0bf8b6a0-8ae4-42f7-ba7a-d66d343c73da,289c4b61-feb2-481a-b195-36b2262a29d1,Notte Magica - A Tribute to the Three Tenors,2017-03-08,XW,Official
Il Volo,2015,Grande amore,Italy,3,0bf8b6a0-8ae4-42f7-ba7a-d66d343c73da,2a085cfe-f8c8-48f2-8436-6531b45caafe,Musica,2019,IT,Official
Il Volo,2015,Grande amore,Italy,3,0bf8b6a0-8ae4-42f7-ba7a-d66d343c73da,2a6c8d37-b9ec-4d41-a651-27a861742cfe,Grande amore,2015,AU,Official
Il Volo,2015,Grande amore,Italy,3,0bf8b6a0-8ae4-42f7-ba7a-d66d343c73da,2b455728-8264-45eb-8eef-f5c90de60ce5,Capolavoro (English version),2024-11-19,XW,Official
Il Volo,2015,Grande amore,Italy,3,0bf8b6a0-8ae4-42f7-ba7a-d66d343c73da,302892b5-a07d-408f-9f67-108368a6dcca,Il volo,2011-05-17,,Official
Il Volo,2015,Grande amore,Italy,3,0bf8b6a0-8ae4-42f7-ba7a-d66d343c73da,3805c87d-9efa-45a5-8669-03dced439c5c,Live at the Valley of the Temples,2025-09-29,,Official
Il Volo,2015,Grande amore,Italy,3,0bf8b6a0-8ae4-42f7-ba7a-d66d343c73da,3f043a99-f118-4428-921f-fc1dbb8a2546,Ad astra,2024-03-29,XE,Official
Il Volo,2015,Grande amore,Italy,3,0bf8b6a0-8ae4-42f7-ba7a-d66d343c73da,40bcce10-7e45-4cdc-9358-a8719b9a47b1,Grande amore,2015-02-12,,Official
Il Volo,2015,Grande amore,Italy,3,0bf8b6a0-8ae4-42f7-ba7a-d66d343c73da,442c1444-81f8-4b48-8b87-9a19c1579385,Tribute To Ennio Morricone - Live At Arena Di Verona,2021,,Official
Il Volo,2015,Grande amore,Italy,3,0bf8b6a0-8ae4-42f7-ba7a-d66d343c73da,48ce8e9d-6c6d-4011-90f1-3d2aac7a3a47,Más que amor,2013-04-09,US,Official
Il Volo,2015,Grande amore,Italy,3,0bf8b6a0-8ae4-42f7-ba7a-d66d343c73da,4b2286a4-236b-4ae0-bf50-76f68a003f59,L'amore si muove,2015-09-25,,Official
Il Volo,2015,Grande amore,Italy,3,0bf8b6a0-8ae4-42f7-ba7a-d66d343c73da,5712e847-033f-48ee-b669-21b547ebe898,The Platinum Collection,2015-02-17,IT,Official
Il Volo,2015,Grande amore,Italy,3,0bf8b6a0-8ae4-42f7-ba7a-d66d343c73da,5994b574-e7c3-45de-991e-ad42a55c56f9,Ámame,2018-11-30,,Official
Il Volo,2015,Grande amore,Italy,3,0bf8b6a0-8ae4-42f7-ba7a-d66d343c73da,5c2c5c3f-2e5c-4613-8bfb-104d436bc5aa,Notte Magica - A Tribute to the Three Tenors,2016-09-30,MX,Official
Il Volo,2015,Grande amore,Italy,3,0bf8b6a0-8ae4-42f7-ba7a-d66d343c73da,63f3b01c-66d1-4d16-b493-0eda2a36cafc,Il volo,2011-05-17,US,Official
Il Volo,2015,Grande amore,Italy,3,0bf8b6a0-8ae4-42f7-ba7a-d66d343c73da,67f5439c-3c75-4038-8f97-1a56b1c2ff24,We Are Love (Live From The Fillmore Miami Beach At Jackie Gleason Theater),2013-01-01,XW,Official
Il Volo,2015,Grande amore,Italy,3,0bf8b6a0-8ae4-42f7-ba7a-d66d343c73da,6bb1e744-1f55-4b75-8933-812c48e20c07,Il volo,2011-05-17,IT,Official
Il Volo,2015,Grande amore,Italy,3,0bf8b6a0-8ae4-42f7-ba7a-d66d343c73da,6fc1fb85-2fcb-42f2-a9ce-9708c6a7a3e0,L'amore si muove,2015-09-25,IT,Official
Il Volo,2015,Grande amore,Italy,3,0bf8b6a0-8ae4-42f7-ba7a-d66d343c73da,738b30b4-809f-4425-a0c4-eea938a69c25,Ad astra (international edition),2024-11-29,IT,Official
Il Volo,2015,Grande amore,Italy,3,0bf8b6a0-8ae4-42f7-ba7a-d66d343c73da,75e9b9a4-b8f2-405b-abd5-34709dd3651e,Grande Amore (UK deluxe edition),2016-05-27,GB,Official
Il Volo,2015,Grande amore,Italy,3,0bf8b6a0-8ae4-42f7-ba7a-d66d343c73da,7a7e8ebf-2799-4c83-a1ad-cc8b423363a5,Il Volo…Takes Flight: Live from the Detroit Opera House,2012-02-28,XE,Official
Il Volo,2015,Grande amore,Italy,3,0bf8b6a0-8ae4-42f7-ba7a-d66d343c73da,832b29bf-1054-4fe2-91fc-11833b637b25,The Best Of 10 Years,2019-11-08,IT,Official
Il Volo,2015,Grande amore,Italy,3,0bf8b6a0-8ae4-42f7-ba7a-d66d343c73da,84b353e7-88b2-4575-9b40-911aa81f4488,Il Volo…Takes Flight: Live from the Detroit Opera House,2012,AR,Official
Il Volo,2015,Grande amore,Italy,3,0bf8b6a0-8ae4-42f7-ba7a-d66d343c73da,87a121da-d7e8-49c3-bf29-3bd0db61ac77,Sanremo grande amore,2015-02-17,,Official
Il Volo,2015,Grande amore,Italy,3,0bf8b6a0-8ae4-42f7-ba7a-d66d343c73da,8cb1bf9d-970d-4d0f-86e6-180037731ada,Il Volo Sings Morricone,2021-11-05,DE,Official
Il Volo,2015,Grande amore,Italy,3,0bf8b6a0-8ae4-42f7-ba7a-d66d343c73da,91d3407e-4a6c-418d-8b1d-e2b4f9194262,'O sole mio,2011-04-04,,Official
Il Volo,2015,Grande amore,Italy,3,0bf8b6a0-8ae4-42f7-ba7a-d66d343c73da,94ca31cc-3f0f-42eb-8110-35007b252611,Musica che resta,2019-02-06,XW,Official
Il Volo,2015,Grande amore,Italy,3,0bf8b6a0-8ae4-42f7-ba7a-d66d343c73da,95a84a6c-3671-4972-a924-596feca7209d,Ad astra (international edition),2024-11-29,IT,Official
Il Volo,2015,Grande amore,Italy,3,0bf8b6a0-8ae4-42f7-ba7a-d66d343c73da,981e350b-010d-4f42-8a3b-424dd5ac338a,Buon Natale: The Christmas Album,2001,US,Official
Il Volo,2015,Grande amore,Italy,3,0bf8b6a0-8ae4-42f7-ba7a-d66d343c73da,9c1774a7-d605-43b0-90b1-29cf9aa66f79,Sanremo grande amore,2015-02-17,,Official
Il Volo,2015,Grande amore,Italy,3,0bf8b6a0-8ae4-42f7-ba7a-d66d343c73da,a3d825a6-19d9-4ab8-9ae8-8919bc59fa68,Grande amore,2015-09-25,,Official
Il Volo,2015,Grande amore,Italy,3,0bf8b6a0-8ae4-42f7-ba7a-d66d343c73da,adf6c3e4-cbc9-4e4d-beba-406d3cd3c254,Il Volo...Takes Flight,2012-02-28,US,Official
Il Volo,2015,Grande amore,Italy,3,0bf8b6a0-8ae4-42f7-ba7a-d66d343c73da,aff2027a-9bcc-4fa7-8db0-59f243488aa1,Capolavoro,2024-02-07,XW,Official
Il Volo,2015,Grande amore,Italy,3,0bf8b6a0-8ae4-42f7-ba7a-d66d343c73da,b31cb14b-2ad1-4622-9abb-345d7d02c31f,Il Volo,2010,,Official
Il Volo,2015,Grande amore,Italy,3,0bf8b6a0-8ae4-42f7-ba7a-d66d343c73da,b93cab28-d14f-477e-9430-912aae7cd241,Grande amor,2015-09-25,XE,Official
Il Volo,2015,Grande amore,Italy,3,0bf8b6a0-8ae4-42f7-ba7a-d66d343c73da,b93fa1d2-2f54-46a9-a8ad-6b68a58d4706,We Are Love,2012-11-19,,Official
Il Volo,2015,Grande amore,Italy,3,0bf8b6a0-8ae4-42f7-ba7a-d66d343c73da,cd82c966-8e57-4482-b702-bd3ec8f093b0,Notte Magica - A Tribute To The Three Tenors,2016-09-30,XE,Official
Il Volo,2015,Grande amore,Italy,3,0bf8b6a0-8ae4-42f7-ba7a-d66d343c73da,cf4c569a-b23d-4d2b-977c-54dc1b484c5e,Christmas Favorites,2011-11-21,,Official
Il Volo,2015,Grande amore,Italy,3,0bf8b6a0-8ae4-42f7-ba7a-d66d343c73da,d30141d1-fe41-4dbd-8a8a-3f08848813d1,Il volo,2011-05-17,IT,Official
Il Volo,2015,Grande amore,Italy,3,0bf8b6a0-8ae4-42f7-ba7a-d66d343c73da,d4cf5daf-f471-41da-8ea3-c89da2494292,Il volo (edición en español),2011-06-07,US,Official
Il Volo,2015,Grande amore,Italy,3,0bf8b6a0-8ae4-42f7-ba7a-d66d343c73da,d4fe0329-73e9-4e52-964f-aa4e979ca2de,Noche sin día,2018-05-25,US,Official
Il Volo,2015,Grande amore,Italy,3,0bf8b6a0-8ae4-42f7-ba7a-d66d343c73da,dd16f633-7c42-44fe-acbf-31154405e6da,Grande amore (international version),2015-09-25,,Official
Il Volo,2015,Grande amore,Italy,3,0bf8b6a0-8ae4-42f7-ba7a-d66d343c73da,de1733a9-bafc-4ef2-a7c4-76db431d43e2,Musica,2019-04-24,JP,Official
Il Volo,2015,Grande amore,Italy,3,0bf8b6a0-8ae4-42f7-ba7a-d66d343c73da,e12bea75-f0d8-41a3-b7f1-4124a43894cc,10 Years - The Best Of,2019-11-08,XW,Official
Il Volo,2015,Grande amore,Italy,3,0bf8b6a0-8ae4-42f7-ba7a-d66d343c73da,e1f3e95e-89f5-440a-a0a5-a399e19cd051,Ad astra,2024-03-29,IT,Official
Il Volo,2015,Grande amore,Italy,3,0bf8b6a0-8ae4-42f7-ba7a-d66d343c73da,e33169ab-ca6a-4ba8-aa73-d9e828fe651d,Il Volo Sings Morricone,,,Official
Il Volo,2015,Grande amore,Italy,3,0bf8b6a0-8ae4-42f7-ba7a-d66d343c73da,e42bbff7-cb63-4adc-883a-55e716120404,We Are Love,2012,XE,Official
Il Volo,2015,Grande amore,Italy,3,0bf8b6a0-8ae4-42f7-ba7a-d66d343c73da,e6c52926-b399-4ae2-9694-7ab9eb2a6a1a,Il volo,2011-11,,Official
Il Volo,2015,Grande amore,Italy,3,0bf8b6a0-8ae4-42f7-ba7a-d66d343c73da,ed2a0594-8f71-457a-ad34-747554ee46be,Grande amore (Eurovision version),2015-05-01,,Official
Il Volo,2015,Grande amore,Italy,3,0bf8b6a0-8ae4-42f7-ba7a-d66d343c73da,f53e5fa3-c1bc-454d-963d-0d64df4d60a5,Capolavoro,2024-02-07,XW,Official
Il Volo,2015,Grande amore,Italy,3,0bf8b6a0-8ae4-42f7-ba7a-d66d343c73da,f6e7e7d8-5910-42d4-9524-56d9f334f5b9,"Essere o non essere? Essere, essere, essere!",2004-06-23,JP,Bootleg
Il Volo,2015,Grande amore,Italy,3,0bf8b6a0-8ae4-42f7-ba7a-d66d343c73da,fe6198fd-374b-4dfc-896d-252fc0bf6bc6,Musica,2019-02-22,,Official
Loïc Nottet,2015,Rhythm Inside,Belgium,4,20607ae1-bc68-42b9-b727-ed58ae6f4318,0fd9d6f5-e317-4528-be66-1232afc0a7e1,Heartbreaker,2020-02-19,XW,Official
Loïc Nottet,2015,Rhythm Inside,Belgium,4,20607ae1-bc68-42b9-b727-ed58ae6f4318,17a02944-7b45-4d25-853a-3835f92e9e7c,Addictocrate*,2024-05-26,XW,Official
Loïc Nottet,2015,Rhythm Inside,Belgium,4,20607ae1-bc68-42b9-b727-ed58ae6f4318,7d275fa0-2e77-4ad1-b51e-a46debc88837,Candy,2019-10-31,XW,Official
Loïc Nottet,2015,Rhythm Inside,Belgium,4,20607ae1-bc68-42b9-b727-ed58ae6f4318,82002f49-b126-4ad2-b918-b7ae1f4eade3,Addictocrate,2023-05-26,XE,Official
Loïc Nottet,2015,Rhythm Inside,Belgium,4,20607ae1-bc68-42b9-b727-ed58ae6f4318,9088dccc-e809-464b-9cf0-ebd5f6088c2c,Addictocrate,2023-05-26,,Official
Loïc Nottet,2015,Rhythm Inside,Belgium,4,20607ae1-bc68-42b9-b727-ed58ae6f4318,b96ddaed-6b3d-4328-9403-0b6db8353d4e,Rhythm Inside,2015-03-11,BE,Official
Loïc Nottet,2015,Rhythm Inside,Belgium,4,20607ae1-bc68-42b9-b727-ed58ae6f4318,bf907ecc-06a6-455c-ae44-5fb0f1243ad1,Million Eyes,2016-10-27,XW,Official
Loïc Nottet,2015,Rhythm Inside,Belgium,4,20607ae1-bc68-42b9-b727-ed58ae6f4318,c3fd5364-46f3-49d3-b560-6182792103e9,Selfocracy,2017-03-31,FR,Official
Loïc Nottet,2015,Rhythm Inside,Belgium,4,20607ae1-bc68-42b9-b727-ed58ae6f4318,d3d287e1-446f-4c9e-9af5-02cdab32aae7,Doctor,2017-10-30,XW,
Loïc Nottet,2015,Rhythm Inside,Belgium,4,20607ae1-bc68-42b9-b727-ed58ae6f4318,eee95479-3216-42f5-afca-30c215fc43c8,Sillygomania,2020-04-26,XW,Official
Guy Sebastian,2015,Tonight Again,Australia,6,f116b984-45ae-49d0-9445-efc5a61458a1,0aa7e5a6-9a02-4938-b74b-8e1d78b0e004,Spirit of the Anzacs,2015-01-23,GB,Official
Guy Sebastian,2015,Tonight Again,Australia,6,f116b984-45ae-49d0-9445-efc5a61458a1,0c6206a4-afe2-45ae-b351-159c4cc42256,Feel Alright (Steerner remix),2018-03-30,,Official
Guy Sebastian,2015,Tonight Again,Australia,6,f116b984-45ae-49d0-9445-efc5a61458a1,0c8accbb-c616-4203-ab1e-802845738c6a,Message In A Bottle,2012-12-02,XW,Official
Guy Sebastian,2015,Tonight Again,Australia,6,f116b984-45ae-49d0-9445-efc5a61458a1,100c2e35-3c42-4e85-bff8-d0e8917af4b4,Like It Like That,2009-10-23,AL,Official
Guy Sebastian,2015,Tonight Again,Australia,6,f116b984-45ae-49d0-9445-efc5a61458a1,1041128b-fd94-48fe-bb15-a2ddab34c4fd,Bed of Clouds,2013-02-18,AU,Official
Guy Sebastian,2015,Tonight Again,Australia,6,f116b984-45ae-49d0-9445-efc5a61458a1,121550e6-a14a-4fc8-9b8a-9d1bfee70531,Art of Love,2009-11-20,IT,Official
Guy Sebastian,2015,Tonight Again,Australia,6,f116b984-45ae-49d0-9445-efc5a61458a1,13943283-7039-4215-85d6-95dfb91e4aaf,Cover On My Heart,2007-07-28,AU,Official
Guy Sebastian,2015,Tonight Again,Australia,6,f116b984-45ae-49d0-9445-efc5a61458a1,15619e2b-eae9-4ddd-90b8-450da4ee019f,Beautiful Life,2004-10-25,AU,Official
Guy Sebastian,2015,Tonight Again,Australia,6,f116b984-45ae-49d0-9445-efc5a61458a1,15ddfae3-772d-4507-ab62-bcbc60772fa1,Armageddon,2012-10-12,AU,Official
Guy Sebastian,2015,Tonight Again,Australia,6,f116b984-45ae-49d0-9445-efc5a61458a1,179cb4fd-bcf9-4a9c-a92a-adb87e8a111d,Standing With You,2020-06-26,AU,Official
Guy Sebastian,2015,Tonight Again,Australia,6,f116b984-45ae-49d0-9445-efc5a61458a1,18446284-6f69-4446-8766-fbf1f180b57a,Who’s That Girl,2010-11-05,AU,Official
Guy Sebastian,2015,Tonight Again,Australia,6,f116b984-45ae-49d0-9445-efc5a61458a1,1e24be54-7ef2-4e82-81d2-ba2e6ebe3749,The Memphis Album,2007-11-10,AF,Official
Guy Sebastian,2015,Tonight Again,Australia,6,f116b984-45ae-49d0-9445-efc5a61458a1,221ca980-6b8f-4047-a179-9579034f4e7a,Tonight Again (short edit),2015-04-08,,Official
Guy Sebastian,2015,Tonight Again,Australia,6,f116b984-45ae-49d0-9445-efc5a61458a1,23ea3419-c013-488d-8d84-1133d7041fd1,Get It Done,2025-07-04,XW,Official
Guy Sebastian,2015,Tonight Again,Australia,6,f116b984-45ae-49d0-9445-efc5a61458a1,24b4b52c-8a8c-4749-93ff-c75e34c7e2f1,Gold,2012-06-18,XW,Official
Guy Sebastian,2015,Tonight Again,Australia,6,f116b984-45ae-49d0-9445-efc5a61458a1,285cd9eb-55da-4013-b1af-4592a3d66225,Madness,2014-11-21,AU,Official
Guy Sebastian,2015,Tonight Again,Australia,6,f116b984-45ae-49d0-9445-efc5a61458a1,30a708bc-4913-4859-b014-e51d20a1d880,T. R. U. T. H.,2020-10-16,,Official
Guy Sebastian,2015,Tonight Again,Australia,6,f116b984-45ae-49d0-9445-efc5a61458a1,3a1890e4-5f50-4091-94c2-bc63109aef13,Madness,2014-11-21,AF,Official
Guy Sebastian,2015,Tonight Again,Australia,6,f116b984-45ae-49d0-9445-efc5a61458a1,3f6224a3-d790-4205-93e1-6f09be0435cd,I Chose Good,2023-08-17,,Official
Guy Sebastian,2015,Tonight Again,Australia,6,f116b984-45ae-49d0-9445-efc5a61458a1,40cdb251-4263-4393-8cf8-a146f6edbc61,Armageddon,2012-10-12,AU,Official
Guy Sebastian,2015,Tonight Again,Australia,6,f116b984-45ae-49d0-9445-efc5a61458a1,41151075-949e-40b0-93a7-21ce551a5f47,Battle Scars,2013-01-14,XW,Official
Guy Sebastian,2015,Tonight Again,Australia,6,f116b984-45ae-49d0-9445-efc5a61458a1,41ad5c20-e8a4-4082-b8f6-0dda0c229f5e,Black And Blue,2015-11-13,XW,Official
Guy Sebastian,2015,Tonight Again,Australia,6,f116b984-45ae-49d0-9445-efc5a61458a1,47a15116-a5f5-4ab4-a0b9-8c79347f7755,Elevator Love,2006-12-02,AU,Official
Guy Sebastian,2015,Tonight Again,Australia,6,f116b984-45ae-49d0-9445-efc5a61458a1,489d2138-baee-485c-b956-34251f007788,The Memphis Album,2007,AU,Official
Guy Sebastian,2015,Tonight Again,Australia,6,f116b984-45ae-49d0-9445-efc5a61458a1,4ebd7098-874b-47a8-b0fb-d04019e28f46,The Memphis Album,2008-02-25,AI,Official
Guy Sebastian,2015,Tonight Again,Australia,6,f116b984-45ae-49d0-9445-efc5a61458a1,504344a9-0c6c-4740-8a41-dc851a0dd95a,Antidote,2024-02-22,XW,Official
Guy Sebastian,2015,Tonight Again,Australia,6,f116b984-45ae-49d0-9445-efc5a61458a1,51026dc1-7a65-486d-b7c4-e9909fa64864,T. R. U. T. H.,2020-10-16,AU,Official
Guy Sebastian,2015,Tonight Again,Australia,6,f116b984-45ae-49d0-9445-efc5a61458a1,54cbcce0-3fae-4918-88ff-61b3dc7d19a7,Angels Brought Me Here,2003,AU,Official
Guy Sebastian,2015,Tonight Again,Australia,6,f116b984-45ae-49d0-9445-efc5a61458a1,572d8bb4-0d79-4f4e-95ce-f6fd5c5a2f40,Choir (remix),2019-09-27,US,Official
Guy Sebastian,2015,Tonight Again,Australia,6,f116b984-45ae-49d0-9445-efc5a61458a1,57ed879e-bcb1-4e94-a845-1fcdab9b7ca4,Art of Love,2009-11-20,IT,Official
Guy Sebastian,2015,Tonight Again,Australia,6,f116b984-45ae-49d0-9445-efc5a61458a1,5aa430ff-c726-4b9c-af9f-976b6c795967,The Memphis Tour,2008-05-03,AU,Official
Guy Sebastian,2015,Tonight Again,Australia,6,f116b984-45ae-49d0-9445-efc5a61458a1,5ad8fc14-b242-411d-a1f7-9eee5dd9fb03,Battle Scars,2012-08-28,US,Official
Guy Sebastian,2015,Tonight Again,Australia,6,f116b984-45ae-49d0-9445-efc5a61458a1,606d6033-8702-461a-9fb1-c5818be26581,Antidote (Acoustic),2024-05-30,XW,Official
Guy Sebastian,2015,Tonight Again,Australia,6,f116b984-45ae-49d0-9445-efc5a61458a1,64459fdb-cd60-4c36-a0b2-b23889179457,Just as I Am,2003-12-08,AU,Official
Guy Sebastian,2015,Tonight Again,Australia,6,f116b984-45ae-49d0-9445-efc5a61458a1,6af1712b-e994-4e4b-9ef1-5719b48b3b46,Part 1 EP,2016-12-02,XW,Official
Guy Sebastian,2015,Tonight Again,Australia,6,f116b984-45ae-49d0-9445-efc5a61458a1,7a2458a6-fcee-433c-9b6b-bd2b192b3c3c,Twenty Ten,2010-11-19,AU,Official
Guy Sebastian,2015,Tonight Again,Australia,6,f116b984-45ae-49d0-9445-efc5a61458a1,7eb0f9f9-1a8a-4ba9-9de5-73a54e9a4cfc,Before I Go,2018-11-02,AF,Official
Guy Sebastian,2015,Tonight Again,Australia,6,f116b984-45ae-49d0-9445-efc5a61458a1,7f199fe2-df9a-48b4-b315-0b990ef42035,Battle Scars (Official Remixes),2013-10-16,XW,Official
Guy Sebastian,2015,Tonight Again,Australia,6,f116b984-45ae-49d0-9445-efc5a61458a1,7fc7b37c-468e-4c7d-a92c-3423866a3ea4,Like It Like That,2009-10-23,AL,Official
Guy Sebastian,2015,Tonight Again,Australia,6,f116b984-45ae-49d0-9445-efc5a61458a1,7ff7a752-e584-4fc2-97f7-4caed6770d5b,Armageddon,2012-10-15,AU,Official
Guy Sebastian,2015,Tonight Again,Australia,6,f116b984-45ae-49d0-9445-efc5a61458a1,82246b90-17ce-4d2e-826a-35c0ee6c90cb,Madness,2015-05,XE,Official
Guy Sebastian,2015,Tonight Again,Australia,6,f116b984-45ae-49d0-9445-efc5a61458a1,851e4ad2-2102-46cc-a569-8dd10e272406,Like It Like That,2009-08-06,,Official
Guy Sebastian,2015,Tonight Again,Australia,6,f116b984-45ae-49d0-9445-efc5a61458a1,89c1e4a4-e252-4a22-a7f0-f6f90e767403,Conscious,2017-11-03,AU,Official
Guy Sebastian,2015,Tonight Again,Australia,6,f116b984-45ae-49d0-9445-efc5a61458a1,8a1c8bca-3fe9-4e23-a062-6ee65f8fe846,100 Times Around the Sun,2025-07-31,,Official
Guy Sebastian,2015,Tonight Again,Australia,6,f116b984-45ae-49d0-9445-efc5a61458a1,8a80768d-f669-4cdc-95e5-b3508f071823,Like It Like That,2009-10-23,AU,Official
Guy Sebastian,2015,Tonight Again,Australia,6,f116b984-45ae-49d0-9445-efc5a61458a1,8beaeaff-9b7e-47ab-97a0-beff1b3d5e69,Armageddon,2012-10-12,AU,Official
Guy Sebastian,2015,Tonight Again,Australia,6,f116b984-45ae-49d0-9445-efc5a61458a1,8ccdb0e9-6d17-4917-b7ff-c27b0724068c,Out With My Baby,2004,AU,Official
Guy Sebastian,2015,Tonight Again,Australia,6,f116b984-45ae-49d0-9445-efc5a61458a1,8f46b4ee-fd74-42a6-aba7-e17c90822416,Closer To The Sun,2006-08-28,XW,Official
Guy Sebastian,2015,Tonight Again,Australia,6,f116b984-45ae-49d0-9445-efc5a61458a1,937f175c-b810-463b-8a5e-370aa847bd39,Don’t Worry Be Happy,2011-11-18,,Official
Guy Sebastian,2015,Tonight Again,Australia,6,f116b984-45ae-49d0-9445-efc5a61458a1,980679a3-884e-4d99-8c54-9ef43013c80c,Cupid,2025-06-13,XW,Official
Guy Sebastian,2015,Tonight Again,Australia,6,f116b984-45ae-49d0-9445-efc5a61458a1,a10ffd5a-6603-4747-afcf-22283676fb36,100 Times Around the Sun,2025-08-08,AU,Official
Guy Sebastian,2015,Tonight Again,Australia,6,f116b984-45ae-49d0-9445-efc5a61458a1,a4e055cc-b3c3-4a01-9988-2f37873b1c39,Just as I Am,2003,ID,Official
Guy Sebastian,2015,Tonight Again,Australia,6,f116b984-45ae-49d0-9445-efc5a61458a1,a62a79ab-8f43-40ab-a68c-d68a7192bd8e,Madness,2015-05-22,DZ,Official
Guy Sebastian,2015,Tonight Again,Australia,6,f116b984-45ae-49d0-9445-efc5a61458a1,a67bccc9-b1dc-436d-b144-6a4cee3a5ccf,Closer to the Sun,2006,AU,Official
Guy Sebastian,2015,Tonight Again,Australia,6,f116b984-45ae-49d0-9445-efc5a61458a1,a8232d56-d300-4b24-a62e-a0a60cc6d294,Conscious,2017-10-27,GB,Official
Guy Sebastian,2015,Tonight Again,Australia,6,f116b984-45ae-49d0-9445-efc5a61458a1,ad526425-d97d-4d79-a6aa-8e08f4688d7c,Receive the Power,2008,AU,Official
Guy Sebastian,2015,Tonight Again,Australia,6,f116b984-45ae-49d0-9445-efc5a61458a1,b1066c70-b80e-412d-ab8a-bcd860908a69,Madness,2014-11-18,AF,Official
Guy Sebastian,2015,Tonight Again,Australia,6,f116b984-45ae-49d0-9445-efc5a61458a1,b1fa36f0-0dc9-4197-9181-889ad15deeae,Before I Go,2018-11-02,AT,Official
Guy Sebastian,2015,Tonight Again,Australia,6,f116b984-45ae-49d0-9445-efc5a61458a1,b2a4fef7-c3d9-48a3-94eb-ec75008fa729,Set in Stone,2016-10-28,AU,Official
Guy Sebastian,2015,Tonight Again,Australia,6,f116b984-45ae-49d0-9445-efc5a61458a1,b6f27c86-1b94-4863-a09f-2371057d1c74,Armageddon,2012,AU,Official
Guy Sebastian,2015,Tonight Again,Australia,6,f116b984-45ae-49d0-9445-efc5a61458a1,ce04ca73-1612-4476-a683-bba1cae287d0,Desert,2016-08-05,,Official
Guy Sebastian,2015,Tonight Again,Australia,6,f116b984-45ae-49d0-9445-efc5a61458a1,cebd25aa-428b-4613-bcbf-09adf702a842,High on Me,2017-09-01,AU,Official
Guy Sebastian,2015,Tonight Again,Australia,6,f116b984-45ae-49d0-9445-efc5a61458a1,cec9b468-395d-477a-8445-eeaf06a71233,The Memphis Tour,2008-05-03,AI,Official
Guy Sebastian,2015,Tonight Again,Australia,6,f116b984-45ae-49d0-9445-efc5a61458a1,d7d2fde5-54a9-47c2-86ab-b56944680790,Choir,2019-05-31,XW,Official
Guy Sebastian,2015,Tonight Again,Australia,6,f116b984-45ae-49d0-9445-efc5a61458a1,d91be7ee-d445-42f7-bea3-7cb22b8501fb,Madness,2014-11-18,DZ,Official
Guy Sebastian,2015,Tonight Again,Australia,6,f116b984-45ae-49d0-9445-efc5a61458a1,d945a5c1-5585-4cf6-9c11-165f4476ae0b,Like a Drum,2014-01-12,DE,Official
Guy Sebastian,2015,Tonight Again,Australia,6,f116b984-45ae-49d0-9445-efc5a61458a1,d9e474f5-5767-4aed-b158-99b74d9defbf,Twenty Ten,2010-11-19,DZ,Official
Guy Sebastian,2015,Tonight Again,Australia,6,f116b984-45ae-49d0-9445-efc5a61458a1,dc455e11-6e2d-4860-85b1-d8a11c7b8e70,Hindi-Vindi,,,
Guy Sebastian,2015,Tonight Again,Australia,6,f116b984-45ae-49d0-9445-efc5a61458a1,dcd5d33f-21db-44bd-b0bb-5387209244ce,Tonight Again,2015-04-07,XW,Official
Guy Sebastian,2015,Tonight Again,Australia,6,f116b984-45ae-49d0-9445-efc5a61458a1,debdf92d-70ff-4d68-adf0-7a33ec5daffa,Feel Alright (remixes),2018-04-06,,Official
Guy Sebastian,2015,Tonight Again,Australia,6,f116b984-45ae-49d0-9445-efc5a61458a1,df34b502-3b4b-4806-9c8d-f2e98b6c090e,Feel Alright,2017-11-10,,Official
Guy Sebastian,2015,Tonight Again,Australia,6,f116b984-45ae-49d0-9445-efc5a61458a1,ed5d1e70-2b4c-48f1-838a-4673bc6e00f4,All to Myself,2010-02-26,,Official
Guy Sebastian,2015,Tonight Again,Australia,6,f116b984-45ae-49d0-9445-efc5a61458a1,f1ef187d-36d2-4482-83a7-f360d1dbd463,Stay in Bed,2017-10-27,XW,Official
Mørland,2015,A Monster Like Me,Norway,8,8d5c086c-cadf-4f28-8042-0752b006548d,0b31c2e5-de20-47f4-b54f-8d29b5dccbd0,A Monster Like Me (singback),2015-03-20,XW,Official
Mørland,2015,A Monster Like Me,Norway,8,8d5c086c-cadf-4f28-8042-0752b006548d,e49acc1e-6799-4161-9c3a-26514094115e,Make a Sail,2016-05-27,XW,Official
Bojana Stamenov,2015,Beauty Never Lies,Serbia,9,b47053bb-f6c8-412f-950d-ee04f9691855,0dcf0855-8335-4d83-bc17-4658310b0a9e,Beauty Never Lies,2015-03-26,,Official
Nadav Guedj,2015,Golden Boy,Israel,10,c5ca85f9-da3a-49fd-81af-44dad615f603,060b903e-21a9-406e-bf6e-1283f2e704fe,Nadav Guedj,2015-07-25,XW,Official
Nadav Guedj,2015,Golden Boy,Israel,10,c5ca85f9-da3a-49fd-81af-44dad615f603,52bfc86a-dbbc-4e68-b0db-c407633ecfba,מה את אומרת,2018-08-19,,Official
Nadav Guedj,2015,Golden Boy,Israel,10,c5ca85f9-da3a-49fd-81af-44dad615f603,6bae33aa-a347-4100-a428-7a8d4d58b4ee,Ma At Omeret,2018-08-19,IL,Official
Nadav Guedj,2015,Golden Boy,Israel,10,c5ca85f9-da3a-49fd-81af-44dad615f603,c73c613d-75b9-460e-93ff-64e488ac2040,Ulay Nedaber,2017-12-26,XW,Official
Nadav Guedj,2015,Golden Boy,Israel,10,c5ca85f9-da3a-49fd-81af-44dad615f603,ca85c941-56c7-49b7-a21f-3ae2073a4763,בלי יד על הדופק,2026-01-22,XW,Official
Nadav Guedj,2015,Golden Boy,Israel,10,c5ca85f9-da3a-49fd-81af-44dad615f603,cde9558f-90c4-4906-b927-0a8ef957d3c2,לרקוד ולזוז,2018-11-08,XW,Official
Jamala,2016,1944,Ukraine,1,3d264dc4-b1f2-409f-8ab4-3d17d8b42b02,0f08448d-2599-49bd-b366-ca0708acbcb8,Подих,2015-10-12,XW,Official
Jamala,2016,1944,Ukraine,1,3d264dc4-b1f2-409f-8ab4-3d17d8b42b02,181bf945-d50a-4da0-9e94-ae6106362010,Обіймай,2026-02-12,XW,Official
Jamala,2016,1944,Ukraine,1,3d264dc4-b1f2-409f-8ab4-3d17d8b42b02,1a61d31d-5f90-4ed0-af8e-3d831a8c591c,Вдячна,2021-02-26,XW,Official
Jamala,2016,1944,Ukraine,1,3d264dc4-b1f2-409f-8ab4-3d17d8b42b02,2646d53b-2f2a-4f10-998c-f775493842dc,QIRIM,2023-06-05,XW,Official
Jamala,2016,1944,Ukraine,1,3d264dc4-b1f2-409f-8ab4-3d17d8b42b02,2a85ea6c-abd0-4110-ba4c-1c6eee1a76de,1944,2016-06-10,XE,Official
Jamala,2016,1944,Ukraine,1,3d264dc4-b1f2-409f-8ab4-3d17d8b42b02,34af2b7a-71a3-45ae-94b4-e38349f1238a,РУХ МІЙ,2026-03-26,XW,Official
Jamala,2016,1944,Ukraine,1,3d264dc4-b1f2-409f-8ab4-3d17d8b42b02,36de4667-236c-43f1-9d59-e8129a90c432,10,2023-01-04,,Official
Jamala,2016,1944,Ukraine,1,3d264dc4-b1f2-409f-8ab4-3d17d8b42b02,46907850-b333-4824-b726-774c7e4fa909,ПОКЛИК,2022-10-28,XW,Official
Jamala,2016,1944,Ukraine,1,3d264dc4-b1f2-409f-8ab4-3d17d8b42b02,52e77920-3fbd-41e8-9e71-745a3254d365,All Or Nothing,2013-03-19,UA,Official
Jamala,2016,1944,Ukraine,1,3d264dc4-b1f2-409f-8ab4-3d17d8b42b02,58dcc3c4-6d81-470e-b359-eb9088ca86f4,Ми,2021-03-12,XW,Official
Jamala,2016,1944,Ukraine,1,3d264dc4-b1f2-409f-8ab4-3d17d8b42b02,5a0fb35e-6ddd-4bae-9e9e-e34138c01dd8,Шлях додому,2015-05-18,XW,Official
Jamala,2016,1944,Ukraine,1,3d264dc4-b1f2-409f-8ab4-3d17d8b42b02,5b38a204-1a8c-4e37-a0fb-254bea1fcf13,1944,2016-02-12,XW,Official
Jamala,2016,1944,Ukraine,1,3d264dc4-b1f2-409f-8ab4-3d17d8b42b02,5c8a281a-8dd8-49cf-acd2-dfc9ba75b49f,For Every Heart,2011-03-23,UA,Official
Jamala,2016,1944,Ukraine,1,3d264dc4-b1f2-409f-8ab4-3d17d8b42b02,639a7191-4b68-4912-a18a-1b12f534f056,РУХ МІЙ,2026,UA,Official
Jamala,2016,1944,Ukraine,1,3d264dc4-b1f2-409f-8ab4-3d17d8b42b02,644b2425-7120-4a23-a877-f3820e7b159f,I Believe in U,2017-05-14,XW,Official
Jamala,2016,1944,Ukraine,1,3d264dc4-b1f2-409f-8ab4-3d17d8b42b02,66c31616-6e6f-4cc8-9264-8b9abb7bcf6c,Замовкни,2026-03-05,XW,Official
Jamala,2016,1944,Ukraine,1,3d264dc4-b1f2-409f-8ab4-3d17d8b42b02,7cfa7b45-2468-486e-a67f-4fd1357577a1,Крила,2018-10-12,XW,Official
Jamala,2016,1944,Ukraine,1,3d264dc4-b1f2-409f-8ab4-3d17d8b42b02,8bf60efc-7de8-4088-bdf7-b1127eb42a68,Spotify Singles,2023-11-29,,Official
Jamala,2016,1944,Ukraine,1,3d264dc4-b1f2-409f-8ab4-3d17d8b42b02,8e79739e-7c72-4f18-846b-ee8d02a5e7b0,Ми,2023-01-05,XW,Official
Jamala,2016,1944,Ukraine,1,3d264dc4-b1f2-409f-8ab4-3d17d8b42b02,953459c2-c8e5-4f5c-b99b-19f9a4dfa61e,I Believe in U,2023-01-11,XW,Official
Jamala,2016,1944,Ukraine,1,3d264dc4-b1f2-409f-8ab4-3d17d8b42b02,978d3d58-8f3d-491e-80fa-455d13864175,QIRIM,2024-04-25,UA,Official
Jamala,2016,1944,Ukraine,1,3d264dc4-b1f2-409f-8ab4-3d17d8b42b02,9798cd09-1697-4b46-8224-a7c2abf4a91a,10,2019-10-01,UA,Official
Jamala,2016,1944,Ukraine,1,3d264dc4-b1f2-409f-8ab4-3d17d8b42b02,98e37646-8b3b-4f82-a9a3-51df895297d8,Заплуталась,2014-09-25,XW,Official
Jamala,2016,1944,Ukraine,1,3d264dc4-b1f2-409f-8ab4-3d17d8b42b02,9a3269b9-dd04-44b1-8f34-638809bf6c8c,Чому квіти мають очі,2014-04-28,XW,Official
Jamala,2016,1944,Ukraine,1,3d264dc4-b1f2-409f-8ab4-3d17d8b42b02,a634037c-ab1b-44cf-96be-6773d5e0bf14,Ми ховаємся,2025-11-20,XW,Official
Jamala,2016,1944,Ukraine,1,3d264dc4-b1f2-409f-8ab4-3d17d8b42b02,b6cc468f-3443-412b-9488-a26aee820fa5,Thank You,2014-10-01,UA,Official
Jamala,2016,1944,Ukraine,1,3d264dc4-b1f2-409f-8ab4-3d17d8b42b02,bb31a81f-73dd-416e-97ed-0f2955d68576,Подих,2015-06-15,XW,Official
Jamala,2016,1944,Ukraine,1,3d264dc4-b1f2-409f-8ab4-3d17d8b42b02,c4c62f1f-4569-49a0-9107-a0a7f86482a1,05:45,2022-04-09,XW,Official
Jamala,2016,1944,Ukraine,1,3d264dc4-b1f2-409f-8ab4-3d17d8b42b02,c6ab940b-f1eb-4679-91f4-53e63b71b0d5,Крила,2018-03-21,XW,Official
Jamala,2016,1944,Ukraine,1,3d264dc4-b1f2-409f-8ab4-3d17d8b42b02,c9906f93-ca28-4fb6-a4f7-8a46e5281a1e,Подих,2016-10-18,UA,Official
Jamala,2016,1944,Ukraine,1,3d264dc4-b1f2-409f-8ab4-3d17d8b42b02,ca9a3c9d-fce7-447d-84d0-691f105d7864,05:45,2021-04-09,XW,Official
Jamala,2016,1944,Ukraine,1,3d264dc4-b1f2-409f-8ab4-3d17d8b42b02,cfc26ee6-7d76-4ebb-ab33-533b9d3ccf5d,Крила,2019-02-14,UA,Official
Jamala,2016,1944,Ukraine,1,3d264dc4-b1f2-409f-8ab4-3d17d8b42b02,d0b94ed9-4c4f-497a-a8b1-235c74d685ad,Thank You,2014-10-01,XW,Official
Jamala,2016,1944,Ukraine,1,3d264dc4-b1f2-409f-8ab4-3d17d8b42b02,d8b40b33-1196-4069-8c34-07bc7fc6d9c2,Дыхание,2015-10-12,XW,Official
Jamala,2016,1944,Ukraine,1,3d264dc4-b1f2-409f-8ab4-3d17d8b42b02,d9a154ac-7128-42b1-86f0-4e0d80fec8df,Kryla,,,Pseudo-Release
Jamala,2016,1944,Ukraine,1,3d264dc4-b1f2-409f-8ab4-3d17d8b42b02,ead1b832-142c-4e98-b611-cc192291ea06,Крила,2023-01-05,XW,Official
Jamala,2016,1944,Ukraine,1,3d264dc4-b1f2-409f-8ab4-3d17d8b42b02,edff1c12-9e38-4125-8a11-dc1bd68583d7,Забирай,2019-12-16,XW,Official
Jamala,2016,1944,Ukraine,1,3d264dc4-b1f2-409f-8ab4-3d17d8b42b02,f9a0f17b-ef56-4116-af25-863708cd6992,Spotify Singles,2023-08-15,,Official
Jamala,2016,1944,Ukraine,1,3d264dc4-b1f2-409f-8ab4-3d17d8b42b02,fa0b9893-8841-4a86-81fc-7a759252ebd8,Подих,2015-10-12,UA,Official
Jamala,2016,1944,Ukraine,1,3d264dc4-b1f2-409f-8ab4-3d17d8b42b02,fb43efe6-e913-432f-9b81-b5a58b73bcf8,1944,2016-05-07,XW,Official
Jamala,2016,1944,Ukraine,1,3d264dc4-b1f2-409f-8ab4-3d17d8b42b02,fd4a06f7-3664-4c08-bf02-7661a08ae5e5,10,2019-09-06,XW,Official
Dami Im,2016,Sound of Silence,Australia,2,d4427504-f0bf-439c-9736-f8c28081c11c,03aeff13-5e66-4294-bf54-4aa46f11ca53,Gladiator,2014-08-08,AU,Official
Dami Im,2016,Sound of Silence,Australia,2,d4427504-f0bf-439c-9736-f8c28081c11c,04a824c2-f177-45df-931d-ebe4c43ba7bb,Heart Beats,2014-09-26,AU,Official
Dami Im,2016,Sound of Silence,Australia,2,d4427504-f0bf-439c-9736-f8c28081c11c,0a182d23-e018-4834-beea-e09eb8b20c5d,My Reality,2021-10-29,XW,Official
Dami Im,2016,Sound of Silence,Australia,2,d4427504-f0bf-439c-9736-f8c28081c11c,0c30fc2e-181a-4e0f-a63f-199c9018a3da,We’re All Fruit Salad! (Korean & English Version),2021-10-18,,Official
Dami Im,2016,Sound of Silence,Australia,2,d4427504-f0bf-439c-9736-f8c28081c11c,1a1d3f19-d18d-4a8a-b4f9-84f4fe238b92,My Reality,2021-10-21,AU,Official
Dami Im,2016,Sound of Silence,Australia,2,d4427504-f0bf-439c-9736-f8c28081c11c,1c4386f7-0fdb-44d9-baa0-3dd6735e91ef,I Am Australian,2014-01-24,,Official
Dami Im,2016,Sound of Silence,Australia,2,d4427504-f0bf-439c-9736-f8c28081c11c,208af03a-2f9d-481c-ba97-95543acdd665,Heart Beats,2014-10-17,AU,Official
Dami Im,2016,Sound of Silence,Australia,2,d4427504-f0bf-439c-9736-f8c28081c11c,2391c63a-8437-4220-8ae7-8fb2fabef0a3,Alive,2013-11-08,AU,Official
Dami Im,2016,Sound of Silence,Australia,2,d4427504-f0bf-439c-9736-f8c28081c11c,2fdd64ad-94b8-4a22-932c-65d548450bee,One (X Factor Performance),2013-08-25,,Official
Dami Im,2016,Sound of Silence,Australia,2,d4427504-f0bf-439c-9736-f8c28081c11c,36ce1dd5-5f74-4e6f-a3cc-2058f7df89de,Dami Im,2013-11-15,AU,Official
Dami Im,2016,Sound of Silence,Australia,2,d4427504-f0bf-439c-9736-f8c28081c11c,4089383c-331c-42a7-9067-ca604a1ab94b,Christmas Songbook,2023-11-17,AU,Official
Dami Im,2016,Sound of Silence,Australia,2,d4427504-f0bf-439c-9736-f8c28081c11c,436e7073-2eb6-400e-979e-b1508669ab08,I Hear a Song,2018-03-23,AU,Official
Dami Im,2016,Sound of Silence,Australia,2,d4427504-f0bf-439c-9736-f8c28081c11c,506f8e60-3406-465f-af0b-95cfe1a48468,Live Sessions EP,2019-01-11,XW,Official
Dami Im,2016,Sound of Silence,Australia,2,d4427504-f0bf-439c-9736-f8c28081c11c,518ffb5f-fbf6-4a9a-92f2-1d46196521a9,Crying Underwater,2019-09-13,XW,Official
Dami Im,2016,Sound of Silence,Australia,2,d4427504-f0bf-439c-9736-f8c28081c11c,59700528-05b1-4c9a-9f6a-145f174db75b,Classic Carpenters,2016-04-22,AU,Official
Dami Im,2016,Sound of Silence,Australia,2,d4427504-f0bf-439c-9736-f8c28081c11c,648b78b6-039c-42d5-ac3e-d549c074dbf6,In Between,2023-07-07,AU,Official
Dami Im,2016,Sound of Silence,Australia,2,d4427504-f0bf-439c-9736-f8c28081c11c,676c92cc-76c5-48a6-894f-9b3e3b437590,Classic Carpenters,2016-04-22,AU,Official
Dami Im,2016,Sound of Silence,Australia,2,d4427504-f0bf-439c-9736-f8c28081c11c,6cdca7e2-8020-4be2-a1b6-b84595684677,Sounds of Silence,2016-04-16,AU,Official
Dami Im,2016,Sound of Silence,Australia,2,d4427504-f0bf-439c-9736-f8c28081c11c,70a74b17-4e52-4af9-a63e-eb48ef3e437c,Gladiator (7th Heaven Remixes),2014-09-05,XW,Official
Dami Im,2016,Sound of Silence,Australia,2,d4427504-f0bf-439c-9736-f8c28081c11c,756b4f18-6c34-4d35-adc6-5ee7b4053d9f,Marching On,2020-02-07,XW,Official
Dami Im,2016,Sound of Silence,Australia,2,d4427504-f0bf-439c-9736-f8c28081c11c,79974489-f3b5-4b36-b863-4b1716e369fd,Fighting for Love,2016-10-21,AF,Official
Dami Im,2016,Sound of Silence,Australia,2,d4427504-f0bf-439c-9736-f8c28081c11c,7ca317b9-5624-4d33-abc7-a0f0a17c244f,I Hear a Song,2018-03-23,AU,Official
Dami Im,2016,Sound of Silence,Australia,2,d4427504-f0bf-439c-9736-f8c28081c11c,7d2083bb-ada6-4959-87d7-5e25f9c10beb,Sound of Silence (Remixes),2016-05-16,XW,Official
Dami Im,2016,Sound of Silence,Australia,2,d4427504-f0bf-439c-9736-f8c28081c11c,8a2c0a21-0839-48f1-b0cd-b31d5acb14c9,Kiss You Anyway,2020-01-03,XW,Official
Dami Im,2016,Sound of Silence,Australia,2,d4427504-f0bf-439c-9736-f8c28081c11c,95c164b9-04f1-4f0b-9413-d5eb28bcb064,Smile,2015-05-29,AU,Official
Dami Im,2016,Sound of Silence,Australia,2,d4427504-f0bf-439c-9736-f8c28081c11c,9a3d92b7-af19-4140-85f8-5991ae5c46a2,Dream,2010,AU,Official
Dami Im,2016,Sound of Silence,Australia,2,d4427504-f0bf-439c-9736-f8c28081c11c,9cd4a2a1-8fb4-4335-af52-8856ce71fe60,Super Love (7th Heaven Remix),2014-06-20,XW,Official
Dami Im,2016,Sound of Silence,Australia,2,d4427504-f0bf-439c-9736-f8c28081c11c,a2f3b852-107b-425d-8864-3b599ffe0b84,Jolene (Acoustic),2014-03-07,AU,Official
Dami Im,2016,Sound of Silence,Australia,2,d4427504-f0bf-439c-9736-f8c28081c11c,b46f4e98-c349-476c-831d-ef762ca21803,Super Love,2014-05-16,AU,Official
Dami Im,2016,Sound of Silence,Australia,2,d4427504-f0bf-439c-9736-f8c28081c11c,bf9d839c-b271-4944-aa4e-a0f4b700336c,A New Era,2024-05-24,XW,Official
Dami Im,2016,Sound of Silence,Australia,2,d4427504-f0bf-439c-9736-f8c28081c11c,ccf9c186-5b6b-48e8-b95f-e616228ebb23,Smile,2015-05-26,XW,Official
Dami Im,2016,Sound of Silence,Australia,2,d4427504-f0bf-439c-9736-f8c28081c11c,cee97418-f5a4-4f51-a6c6-868d2b81b944,Isn’t She Lovely,2019-08-07,AU,Official
Dami Im,2016,Sound of Silence,Australia,2,d4427504-f0bf-439c-9736-f8c28081c11c,d857d64a-c608-4188-9825-8c3fd122e1a5,Sound of Silence,2016,GB,Promotion
Dami Im,2016,Sound of Silence,Australia,2,d4427504-f0bf-439c-9736-f8c28081c11c,db88562c-1762-458e-ab09-333812691cd6,Sound of Silence,2016-03-11,XW,Official
Dami Im,2016,Sound of Silence,Australia,2,d4427504-f0bf-439c-9736-f8c28081c11c,e2caad6c-e77e-4c94-be7b-2cfe35878651,Fighting For Love (7th Heaven Remix),2016-11-16,XW,Official
Dami Im,2016,Sound of Silence,Australia,2,d4427504-f0bf-439c-9736-f8c28081c11c,ed259586-ce81-41e0-bd94-f14c2cde57f4,Gladiator,2014-08-08,,Official
Frans,2016,If I Were Sorry,Sweden,5,16d62c7f-e1d6-4f94-9b44-dfb531f59b4a,00335dc4-7f33-4fe1-8337-2ff1f8ba5ec1,Ik pluk 'n ster / Ein Stern am Himmel ist noch frei,1999,NL,Official
Frans,2016,If I Were Sorry,Sweden,5,16d62c7f-e1d6-4f94-9b44-dfb531f59b4a,034e28a8-e3b8-417c-b2d8-bfc1fd4f6ff4,Eens schijnt weer de zon,1997,NL,Official
Frans,2016,If I Were Sorry,Sweden,5,16d62c7f-e1d6-4f94-9b44-dfb531f59b4a,0746715c-6837-41d6-9206-586fec3d557c,Live in Ahoy 2003,2003,NL,Official
Frans,2016,If I Were Sorry,Sweden,5,16d62c7f-e1d6-4f94-9b44-dfb531f59b4a,0dab77f7-c69c-42f8-b8a0-bdabfa730900,Plezier In Wat We Doen,1999,NZ,Official
Frans,2016,If I Were Sorry,Sweden,5,16d62c7f-e1d6-4f94-9b44-dfb531f59b4a,0de830e0-ebf4-4791-9177-7472eae227b7,Voor jou,1996,NL,Official
Frans,2016,If I Were Sorry,Sweden,5,16d62c7f-e1d6-4f94-9b44-dfb531f59b4a,1863798a-c837-408b-a131-f30699ad7152,Wat ik je zeggen wil,1998,NL,Official
Frans,2016,If I Were Sorry,Sweden,5,16d62c7f-e1d6-4f94-9b44-dfb531f59b4a,1a966b88-47b4-4611-82ac-8bf72c8ebd90,Kerst met Frans Bauer,2004-11-26,NL,Official
Frans,2016,If I Were Sorry,Sweden,5,16d62c7f-e1d6-4f94-9b44-dfb531f59b4a,1ad4a96b-eaa2-40dd-b5a7-362e1a9353dc,Weil ich Dich liebe,1997,DE,Official
Frans,2016,If I Were Sorry,Sweden,5,16d62c7f-e1d6-4f94-9b44-dfb531f59b4a,1adfe4c6-955c-45d2-8832-aa7fff793bb2,Diep in mijn hart / Santa Lucia,1999,NL,Official
Frans,2016,If I Were Sorry,Sweden,5,16d62c7f-e1d6-4f94-9b44-dfb531f59b4a,1cff9460-8e6a-402b-a2fb-b8be09b08b5e,'n Dag uit duizend dromen,1995,NL,Official
Frans,2016,If I Were Sorry,Sweden,5,16d62c7f-e1d6-4f94-9b44-dfb531f59b4a,23bb6196-dff0-46a5-8757-703480b4b934,Jouw hart is als chocolade,2003,NL,Official
Frans,2016,If I Were Sorry,Sweden,5,16d62c7f-e1d6-4f94-9b44-dfb531f59b4a,24412792-b6a1-4667-9ae7-2fde9b7cfdee,Torero,1999,NL,Official
Frans,2016,If I Were Sorry,Sweden,5,16d62c7f-e1d6-4f94-9b44-dfb531f59b4a,25c962a9-d298-40e5-8912-e8bb35edd504,Ben je jong / Als we helpen,1987,NL,Official
Frans,2016,If I Were Sorry,Sweden,5,16d62c7f-e1d6-4f94-9b44-dfb531f59b4a,283943d2-e70e-4cdd-8029-7b48988be973,Op weg naar het geluk,1993-10-07,NL,Official
Frans,2016,If I Were Sorry,Sweden,5,16d62c7f-e1d6-4f94-9b44-dfb531f59b4a,2a27ccf1-34df-4c7b-8074-c59993bb172a,10 jaar hits,2005,NL,Official
Frans,2016,If I Were Sorry,Sweden,5,16d62c7f-e1d6-4f94-9b44-dfb531f59b4a,2ae749ec-0a86-4bfa-ba22-05ff863ecff4,Durf te dromen,2001,NL,Official
Frans,2016,If I Were Sorry,Sweden,5,16d62c7f-e1d6-4f94-9b44-dfb531f59b4a,2befc953-c156-4871-a508-b0e58dd9fdfc,Rondje Hollands,2004,NL,Official
Frans,2016,If I Were Sorry,Sweden,5,16d62c7f-e1d6-4f94-9b44-dfb531f59b4a,2f8adc4b-ffae-4805-860b-3ba645bb0e36,Frans Bauer & Marianne Weber,1997,NL,Official
Frans,2016,If I Were Sorry,Sweden,5,16d62c7f-e1d6-4f94-9b44-dfb531f59b4a,36d1558a-a369-4aa4-8ac6-54f22f8fd358,’n Ons geluk,2003,NL,Official
Frans,2016,If I Were Sorry,Sweden,5,16d62c7f-e1d6-4f94-9b44-dfb531f59b4a,3cc096b0-4e4c-4a1d-9d92-843eaa11c875,Voor een ieder die mij lief is,2000,NL,Official
Frans,2016,If I Were Sorry,Sweden,5,16d62c7f-e1d6-4f94-9b44-dfb531f59b4a,3ce3270d-4ba0-4c0a-8c0b-b278ce09a314,Zie je al die zonnestralen,2001,NL,Official
Frans,2016,If I Were Sorry,Sweden,5,16d62c7f-e1d6-4f94-9b44-dfb531f59b4a,40ba4f39-a995-4dad-895c-79ed9ca4e8c7,Ik wil met jou dansen,1998,NL,Official
Frans,2016,If I Were Sorry,Sweden,5,16d62c7f-e1d6-4f94-9b44-dfb531f59b4a,42156c83-2ff0-493a-820f-2ff4a2c39e7d,Veel Liefs,1995,NL,Official
Frans,2016,If I Were Sorry,Sweden,5,16d62c7f-e1d6-4f94-9b44-dfb531f59b4a,437b78e6-6a7d-42f2-8e20-a0d162bcc7d7,Om van te dromen,2005-10-21,NL,Official
Frans,2016,If I Were Sorry,Sweden,5,16d62c7f-e1d6-4f94-9b44-dfb531f59b4a,45b1ae83-e927-4601-b241-cb1816369847,Wat ik zou willen,2000-06,NL,Official
Frans,2016,If I Were Sorry,Sweden,5,16d62c7f-e1d6-4f94-9b44-dfb531f59b4a,469a4ae9-3d6f-4ca2-b409-04bfd66bf27b,Ich hör' dein Herz ganz leise Weinen / Ein Stern am Himmel ist noch frei,1998,NL,Official
Frans,2016,If I Were Sorry,Sweden,5,16d62c7f-e1d6-4f94-9b44-dfb531f59b4a,4951ffad-f94c-4833-90e5-528ded879908,Eens komt er 'n dag,1993,NL,Official
Frans,2016,If I Were Sorry,Sweden,5,16d62c7f-e1d6-4f94-9b44-dfb531f59b4a,4ac1b596-c562-4856-9759-cc7cfd4f1096,Die Heißen Nächte von San Jose,2004,DE,Promotion
Frans,2016,If I Were Sorry,Sweden,5,16d62c7f-e1d6-4f94-9b44-dfb531f59b4a,58bf319b-5bf3-4f48-9f54-03bee146d726,Was Dir mein Herz nicht sagen kann,1998,DE,Official
Frans,2016,If I Were Sorry,Sweden,5,16d62c7f-e1d6-4f94-9b44-dfb531f59b4a,5aafab1f-e39d-4063-922c-d3fbc749e60a,Julio Medley,1996,NL,Official
Frans,2016,If I Were Sorry,Sweden,5,16d62c7f-e1d6-4f94-9b44-dfb531f59b4a,5b3f5c8e-56e3-4f02-b30f-efb0a369dfde,In Venedig fängt der Himmel an / Santa Lucia,2000,DE,Official
Frans,2016,If I Were Sorry,Sweden,5,16d62c7f-e1d6-4f94-9b44-dfb531f59b4a,61f93994-eeb1-44f8-8629-88a2f66c4151,Nu zijn we alle twee artiesten,1996,NL,Official
Frans,2016,If I Were Sorry,Sweden,5,16d62c7f-e1d6-4f94-9b44-dfb531f59b4a,6a7e33a2-d3d7-40db-bec4-1d2c6fd4cc6e,Die heißen Nächte von San Jose / Grenzenlos,2003,DE,Official
Frans,2016,If I Were Sorry,Sweden,5,16d62c7f-e1d6-4f94-9b44-dfb531f59b4a,6c76f572-f25c-46ce-8beb-e9bdcfe5723c,Hé lekker ding,2005,NL,Official
Frans,2016,If I Were Sorry,Sweden,5,16d62c7f-e1d6-4f94-9b44-dfb531f59b4a,6d35342a-9037-44e1-9312-27a521d50a88,Als sterren aan de hemel staan,1994,NL,Official
Frans,2016,If I Were Sorry,Sweden,5,16d62c7f-e1d6-4f94-9b44-dfb531f59b4a,6fc6e5f5-acc9-4152-8bef-9acc282f2cf0,Eens komt er voor jou 'n dag,1996-12,NL,Official
Frans,2016,If I Were Sorry,Sweden,5,16d62c7f-e1d6-4f94-9b44-dfb531f59b4a,71e24b43-6b99-4ddc-a116-ac771411e099,"Sieben Rosen, sieben Tränen",2002-03-01,DE,Official
Frans,2016,If I Were Sorry,Sweden,5,16d62c7f-e1d6-4f94-9b44-dfb531f59b4a,7532127c-0400-4a47-ab00-27248eeb2d0c,Verloren,1995,NL,Official
Frans,2016,If I Were Sorry,Sweden,5,16d62c7f-e1d6-4f94-9b44-dfb531f59b4a,769093b9-da3e-46ee-acb1-f50dd8f4c91f,Daar heb je vrienden voor...,2004,NL,Official
Frans,2016,If I Were Sorry,Sweden,5,16d62c7f-e1d6-4f94-9b44-dfb531f59b4a,79aac343-b214-4a87-a5e0-a39f0728702a,Weet dat het zonnetje schijnt,2005-11-25,,Official
Frans,2016,If I Were Sorry,Sweden,5,16d62c7f-e1d6-4f94-9b44-dfb531f59b4a,79fc371f-dd4c-4fcc-94c0-c89b7e04edfc,De regenboog,1997,NL,Official
Frans,2016,If I Were Sorry,Sweden,5,16d62c7f-e1d6-4f94-9b44-dfb531f59b4a,7d48203f-eb60-4f35-bfe6-c4932636bf2a,Weine nicht Corinna,2001-03-19,,Official
Frans,2016,If I Were Sorry,Sweden,5,16d62c7f-e1d6-4f94-9b44-dfb531f59b4a,820c507b-16ee-477e-8bcc-d2fc043d983b,'n Beetje liefde,2001,NL,Official
Frans,2016,If I Were Sorry,Sweden,5,16d62c7f-e1d6-4f94-9b44-dfb531f59b4a,8262f249-9344-4be5-b1f9-f54dd82a42c3,Wer an Träume glaubt,2001,DE,Official
Frans,2016,If I Were Sorry,Sweden,5,16d62c7f-e1d6-4f94-9b44-dfb531f59b4a,829a7123-da98-4480-a639-d582cac30db1,Op weg naar het geluk,2000,NL,Official
Frans,2016,If I Were Sorry,Sweden,5,16d62c7f-e1d6-4f94-9b44-dfb531f59b4a,8480acbf-68be-4140-8887-15ce7783f2b1,"Zeven rozen, zeven jaren / Always Look on the Bright Side of Life",2002,NL,Official
Frans,2016,If I Were Sorry,Sweden,5,16d62c7f-e1d6-4f94-9b44-dfb531f59b4a,8554c25d-7dac-4516-9a84-5f302daa7316,Live in Ahoy,1998,NL,Official
Frans,2016,If I Were Sorry,Sweden,5,16d62c7f-e1d6-4f94-9b44-dfb531f59b4a,8ab393c3-e0d7-42aa-b842-c2b846c2aefb,Wat ik zou willen,2000,NL,Official
Frans,2016,If I Were Sorry,Sweden,5,16d62c7f-e1d6-4f94-9b44-dfb531f59b4a,8b7e1eab-1d51-4b90-ab98-3edf4a75809b,Der letze Tango,1998,AT,Official
Frans,2016,If I Were Sorry,Sweden,5,16d62c7f-e1d6-4f94-9b44-dfb531f59b4a,8c9cae47-6b64-4925-bde0-70692ef5d62e,Had ik maar nooit naar jou gekeken,2004-10-02,NL,Official
Frans,2016,If I Were Sorry,Sweden,5,16d62c7f-e1d6-4f94-9b44-dfb531f59b4a,8fb4d2c0-0bfa-446d-ba17-72b1a70e3ef5,Daar heb je vrienden voor...,2005,NL,Official
Frans,2016,If I Were Sorry,Sweden,5,16d62c7f-e1d6-4f94-9b44-dfb531f59b4a,96dd4e7b-cf47-41a7-94eb-6d5b36ac354e,Kijk in m’n ogen,2000-08,NL,Official
Frans,2016,If I Were Sorry,Sweden,5,16d62c7f-e1d6-4f94-9b44-dfb531f59b4a,987eac94-928c-4054-95d9-5679866a8697,Gold - 32 Original Hits,2000,,
Frans,2016,If I Were Sorry,Sweden,5,16d62c7f-e1d6-4f94-9b44-dfb531f59b4a,9b459b2b-a0cd-4e37-8c11-7d319c548b0d,Eens schijnt voor jou de zon,2002,NL,Official
Frans,2016,If I Were Sorry,Sweden,5,16d62c7f-e1d6-4f94-9b44-dfb531f59b4a,9c3f0ca2-642f-4e27-8dba-d0afcacc0618,De luchtballon,1999,NL,Official
Frans,2016,If I Were Sorry,Sweden,5,16d62c7f-e1d6-4f94-9b44-dfb531f59b4a,9f6f0b91-2881-427d-8140-b8e752ed2ccb,Hollandse hits,2004,NL,Official
Frans,2016,If I Were Sorry,Sweden,5,16d62c7f-e1d6-4f94-9b44-dfb531f59b4a,a2bb1dec-1f98-43bb-b841-f0925d7e11c2,Liebesbriefe,1996,DE,Official
Frans,2016,If I Were Sorry,Sweden,5,16d62c7f-e1d6-4f94-9b44-dfb531f59b4a,a3633555-6244-484f-83fa-e51684e898ee,Tausend Träume,2003-01-27,DE,Official
Frans,2016,If I Were Sorry,Sweden,5,16d62c7f-e1d6-4f94-9b44-dfb531f59b4a,a45ecc67-cffd-4f40-8342-044413548901,Kerstfeest met Frans Bauer & Marianne Weber,2001-12-01,NL,Official
Frans,2016,If I Were Sorry,Sweden,5,16d62c7f-e1d6-4f94-9b44-dfb531f59b4a,a5cb4882-2cc1-4ff3-8fd9-65bf7afa932e,Ganz tief ins Herz,2000,DE,Official
Frans,2016,If I Were Sorry,Sweden,5,16d62c7f-e1d6-4f94-9b44-dfb531f59b4a,a6f454d1-9275-4ecd-8bb0-b541cd095cc5,Ich träum von Dir heut Nacht (Weil ich Dich liebe) / Verloren,1997-11,NL,Official
Frans,2016,If I Were Sorry,Sweden,5,16d62c7f-e1d6-4f94-9b44-dfb531f59b4a,a7a8c35b-fa0d-45c5-a431-0ca530c1c301,Grenzenlos,2003-10-20,DE,Official
Frans,2016,If I Were Sorry,Sweden,5,16d62c7f-e1d6-4f94-9b44-dfb531f59b4a,a81d07f3-1d6f-4d52-a711-4524798b68bb,"Ay, ay, ay... 'n beetje amore",2001,NL,Official
Frans,2016,If I Were Sorry,Sweden,5,16d62c7f-e1d6-4f94-9b44-dfb531f59b4a,abf29c25-044b-4c48-b120-c1f849f197c8,Für Dich - die 32 schönsten Liebeslieder,2000-04-14,NL,Official
Frans,2016,If I Were Sorry,Sweden,5,16d62c7f-e1d6-4f94-9b44-dfb531f59b4a,ad58955e-06ea-4625-84e7-f092ef66be8c,Buenos dias weiße Taube / Teenager Melodie,1996,NL,Official
Frans,2016,If I Were Sorry,Sweden,5,16d62c7f-e1d6-4f94-9b44-dfb531f59b4a,b2fae0ea-94d8-4f4e-b8a5-a2464e4ab128,Was dir mein Herz sagen kann,1998,DE,Official
Frans,2016,If I Were Sorry,Sweden,5,16d62c7f-e1d6-4f94-9b44-dfb531f59b4a,b663ee0f-c689-4915-81c0-bffac7d16d0e,10 Jaar Hits - Hitmix,2005,NL,Promotion
Frans,2016,If I Were Sorry,Sweden,5,16d62c7f-e1d6-4f94-9b44-dfb531f59b4a,b9fe27bf-5fc5-4439-b93a-5d38bba2443b,Wat ik je zeggen wil,1998,NL,Official
Frans,2016,If I Were Sorry,Sweden,5,16d62c7f-e1d6-4f94-9b44-dfb531f59b4a,baf23ca2-cb72-41c2-9368-1f5d96ff726c,Ich will mit Dir tanzen,2005,XE,Official
Frans,2016,If I Were Sorry,Sweden,5,16d62c7f-e1d6-4f94-9b44-dfb531f59b4a,bc9d0cc7-5e7e-417b-b377-cd7f3b3607ec,Frans Bauer,1994,NL,Official
Frans,2016,If I Were Sorry,Sweden,5,16d62c7f-e1d6-4f94-9b44-dfb531f59b4a,be2cd320-a1c8-41ce-bae8-bb69cffef991,Bella Madonna,1997,NL,Official
Frans,2016,If I Were Sorry,Sweden,5,16d62c7f-e1d6-4f94-9b44-dfb531f59b4a,c0388073-f820-418c-b5ce-081d73c7e5db,Dicht bij jou,2002,NL,Official
Frans,2016,If I Were Sorry,Sweden,5,16d62c7f-e1d6-4f94-9b44-dfb531f59b4a,c4223890-ae20-42e1-83fb-6d14e288bc03,Für Dich,1999,DE,Official
Frans,2016,If I Were Sorry,Sweden,5,16d62c7f-e1d6-4f94-9b44-dfb531f59b4a,c7306a89-08eb-4834-9d1d-e87e093ca44a,Het leven is te mooi,1995,NL,Official
Frans,2016,If I Were Sorry,Sweden,5,16d62c7f-e1d6-4f94-9b44-dfb531f59b4a,c88ae6f9-409f-4442-a187-6824f501e9ed,Op zoek naar jouw liefde,1998-05,NL,Official
Frans,2016,If I Were Sorry,Sweden,5,16d62c7f-e1d6-4f94-9b44-dfb531f59b4a,ca80a0af-f073-496f-af7c-02eae775ed23,Heb je even voor mij,2003,NL,Official
Frans,2016,If I Were Sorry,Sweden,5,16d62c7f-e1d6-4f94-9b44-dfb531f59b4a,cb04dd31-c960-4d4a-90ab-84ccecd5b2b9,Samen met jou,1999,NL,Official
Frans,2016,If I Were Sorry,Sweden,5,16d62c7f-e1d6-4f94-9b44-dfb531f59b4a,d70a03b8-2f73-4990-83c3-140ad334a195,Zeven brieven,2000,NL,Official
Frans,2016,If I Were Sorry,Sweden,5,16d62c7f-e1d6-4f94-9b44-dfb531f59b4a,dc1498ae-0840-43eb-8ad3-6966ff4f3603,Jouw ogen stralen als de zon / Kon ik maar voor altijd bij jou zijn,2000-04,NL,Official
Frans,2016,If I Were Sorry,Sweden,5,16d62c7f-e1d6-4f94-9b44-dfb531f59b4a,dc49046a-e97b-427a-a895-708b6480a9aa,Nu zijn we alle twee artiesten,1996,NL,Official
Frans,2016,If I Were Sorry,Sweden,5,16d62c7f-e1d6-4f94-9b44-dfb531f59b4a,df2f6e08-83ce-446c-aa0e-7e523341e378,Zie je al die zonnestralen,2002,NL,Official
Frans,2016,If I Were Sorry,Sweden,5,16d62c7f-e1d6-4f94-9b44-dfb531f59b4a,dfb512fa-1af1-4853-9e0e-8027fd79ed7f,Sehnsucht,2001,DE,Official
Frans,2016,If I Were Sorry,Sweden,5,16d62c7f-e1d6-4f94-9b44-dfb531f59b4a,e0a99752-6f4d-4cb4-b228-6c3e002eefee,Samen naar Griekenland / Oma,1988,NL,Official
Frans,2016,If I Were Sorry,Sweden,5,16d62c7f-e1d6-4f94-9b44-dfb531f59b4a,e2ae20c9-947f-442b-9de3-8e53488941e0,Live in Ahoy’ 2001,2002,NL,Official
Frans,2016,If I Were Sorry,Sweden,5,16d62c7f-e1d6-4f94-9b44-dfb531f59b4a,e46b05ae-60c9-4ab2-8aca-d94df499386f,Heut' fängt die Sehnsucht an,2001,DE,Official
Frans,2016,If I Were Sorry,Sweden,5,16d62c7f-e1d6-4f94-9b44-dfb531f59b4a,e57013b4-dccb-4c24-9dda-b219a6934170,Op rode rozen vallen tranen / Ik ben en blijf je kind,1996,NL,Official
Frans,2016,If I Were Sorry,Sweden,5,16d62c7f-e1d6-4f94-9b44-dfb531f59b4a,e7f0517c-03e4-4dcf-b1b6-21fcb381746e,Für Dich … Die schönsten Liebeslieder,1999,DE,
Frans,2016,If I Were Sorry,Sweden,5,16d62c7f-e1d6-4f94-9b44-dfb531f59b4a,e8010efb-72a9-463a-8642-9b9e779b479f,Frans Bauer & Corry Konings,1999,NL,Official
Frans,2016,If I Were Sorry,Sweden,5,16d62c7f-e1d6-4f94-9b44-dfb531f59b4a,ed2e85f9-4317-4a72-bd91-e4ec7151d2ce,Heb je even voor mij,2003,NL,Official
Frans,2016,If I Were Sorry,Sweden,5,16d62c7f-e1d6-4f94-9b44-dfb531f59b4a,ed4363ce-e50f-4712-b2f2-7a3db327e847,Kerst met Frans Bauer,2004,NL,Official
Frans,2016,If I Were Sorry,Sweden,5,16d62c7f-e1d6-4f94-9b44-dfb531f59b4a,f03857a1-bb43-450d-8056-adfed41d80c6,Waarom heb jij mij verlaten?,1995,NL,Official
Frans,2016,If I Were Sorry,Sweden,5,16d62c7f-e1d6-4f94-9b44-dfb531f59b4a,f13ac4eb-70b9-4230-b811-76bdd6394b0d,Eens / Maar het zijn slechts dromen,1989,NL,Official
Frans,2016,If I Were Sorry,Sweden,5,16d62c7f-e1d6-4f94-9b44-dfb531f59b4a,f28535df-d4f4-48c6-be80-617a1f0c75aa,De leipe Bauer flavour,2006-11-22,NL,Official
Frans,2016,If I Were Sorry,Sweden,5,16d62c7f-e1d6-4f94-9b44-dfb531f59b4a,f3dc0277-1b4e-43a6-89be-b798ba1b7386,Zijn Grootste Hits,2000,NL,Official
Frans,2016,If I Were Sorry,Sweden,5,16d62c7f-e1d6-4f94-9b44-dfb531f59b4a,f423bdd6-6527-4f94-90d0-e35a77dad72c,'n Ons geluk,2003,NL,Official
Frans,2016,If I Were Sorry,Sweden,5,16d62c7f-e1d6-4f94-9b44-dfb531f59b4a,f44649cb-db15-4e2c-88e6-03ed36a24ace,Ich will mit dir tanzen,1999,AT,Official
Frans,2016,If I Were Sorry,Sweden,5,16d62c7f-e1d6-4f94-9b44-dfb531f59b4a,fbf0b95f-ee2c-4b7b-8bf1-df153f6b70d0,Die zomernachten van San José / Geluk is ’n klein moment,1999,NL,Official
Frans,2016,If I Were Sorry,Sweden,5,16d62c7f-e1d6-4f94-9b44-dfb531f59b4a,fcebab7b-6f91-479f-af37-e3271813f201,Liefde is,2006-04-14,,Official
Frans,2016,If I Were Sorry,Sweden,5,16d62c7f-e1d6-4f94-9b44-dfb531f59b4a,fe3a3f15-f7a5-4353-9987-ebe89cf97f22,Zijn Grootste Hits,2000,NL,
Frans,2016,If I Were Sorry,Sweden,5,16d62c7f-e1d6-4f94-9b44-dfb531f59b4a,ffa3a177-db39-4b05-8d14-c64ffd14a8f2,"Op weg naar het geluk / Darling, oui je t'aime",1990,NL,Official
Frans,2016,If I Were Sorry,Sweden,5,16d62c7f-e1d6-4f94-9b44-dfb531f59b4a,05a72661-247b-4966-914c-25f782c6c7e8,Al duurt de nacht tot morgenvroeg,2008,BE,Official
Frans,2016,If I Were Sorry,Sweden,5,16d62c7f-e1d6-4f94-9b44-dfb531f59b4a,0b0123f9-875b-445a-89db-55a05dd3f106,Amore,2009,NL,Official
Frans,2016,If I Were Sorry,Sweden,5,16d62c7f-e1d6-4f94-9b44-dfb531f59b4a,0cc24605-03d1-4330-94a8-bbf7b5f34b2c,Mijn hart gaat zo tekeer,2011,BE,
Frans,2016,If I Were Sorry,Sweden,5,16d62c7f-e1d6-4f94-9b44-dfb531f59b4a,13fdfbb2-5634-455c-8ba4-cf78a5ce647e,Duetten,2008,NL,Official
Frans,2016,If I Were Sorry,Sweden,5,16d62c7f-e1d6-4f94-9b44-dfb531f59b4a,17677ece-6c6a-45f2-81c0-6b4280a7297c,Ben je jong,,NL,Official
Frans,2016,If I Were Sorry,Sweden,5,16d62c7f-e1d6-4f94-9b44-dfb531f59b4a,18ae6980-2e9e-475d-a4de-79214edeca65,Alle 40 goed,2012-09-24,NL,Official
Frans,2016,If I Were Sorry,Sweden,5,16d62c7f-e1d6-4f94-9b44-dfb531f59b4a,1d29c1e1-d4b5-4f7b-83fa-af222b976d36,Geen centen maar spullen,2020-01-16,XW,Official
Frans,2016,If I Were Sorry,Sweden,5,16d62c7f-e1d6-4f94-9b44-dfb531f59b4a,23b97830-af83-4999-bdb3-028bb703260e,"Hoofd, schouders, knie en teen",2022-06-17,,Official
Frans,2016,If I Were Sorry,Sweden,5,16d62c7f-e1d6-4f94-9b44-dfb531f59b4a,25d0d085-f9e1-42c2-80f5-3b9035186e57,Gloednieuw,2011-10-28,NL,Official
Frans,2016,If I Were Sorry,Sweden,5,16d62c7f-e1d6-4f94-9b44-dfb531f59b4a,277517e2-564e-49da-99ad-2b151df0afbc,Kerstfeest,2008,BE,Official
Frans,2016,If I Were Sorry,Sweden,5,16d62c7f-e1d6-4f94-9b44-dfb531f59b4a,306812cc-51f0-4ec7-a3f5-a91124fa9c98,Heb je al genoeg genoten,2025-08-08,XW,Official
Frans,2016,If I Were Sorry,Sweden,5,16d62c7f-e1d6-4f94-9b44-dfb531f59b4a,360714eb-4269-47fe-a164-97cdd7903d58,Mijn hart gaat zo tekeer,2011,NL,Official
Frans,2016,If I Were Sorry,Sweden,5,16d62c7f-e1d6-4f94-9b44-dfb531f59b4a,447861c5-d7ce-426f-82c8-8c51e1546bb1,Ra ta ta da da da,2014,NL,Official
Frans,2016,If I Were Sorry,Sweden,5,16d62c7f-e1d6-4f94-9b44-dfb531f59b4a,4704ad97-03ba-4a83-8dd2-f5430ac98347,Geen woorden,2009,NL,Official
Frans,2016,If I Were Sorry,Sweden,5,16d62c7f-e1d6-4f94-9b44-dfb531f59b4a,4752bbef-79ee-435f-8f6a-5b479a473fe4,De Bauer 100,2018-11,NL,Official
Frans,2016,If I Were Sorry,Sweden,5,16d62c7f-e1d6-4f94-9b44-dfb531f59b4a,4a2df4d6-77da-40f4-a024-e02c7f9396bd,'n Beetje zonneschijn,2006,NL,Official
Frans,2016,If I Were Sorry,Sweden,5,16d62c7f-e1d6-4f94-9b44-dfb531f59b4a,4abb9c9d-d807-4b41-ae39-2843c5ce09ce,Wat moet ik toch zonder jou? / Frans Bauer familiedag,2011,BE,Official
Frans,2016,If I Were Sorry,Sweden,5,16d62c7f-e1d6-4f94-9b44-dfb531f59b4a,4e76ea38-fbe5-4b99-a0b8-a0974c5b8afc,"Geluk, hoop & liefde",2016-10-07,NL,Official
Frans,2016,If I Were Sorry,Sweden,5,16d62c7f-e1d6-4f94-9b44-dfb531f59b4a,5437defe-ad72-494d-a831-95dc4bb29c63,Liefde is ...,2006,NL,Official
Frans,2016,If I Were Sorry,Sweden,5,16d62c7f-e1d6-4f94-9b44-dfb531f59b4a,551a0296-7300-40ed-b869-f7b628d6b8d3,Feesten met de Sam,2013-01-28,BE,Official
Frans,2016,If I Were Sorry,Sweden,5,16d62c7f-e1d6-4f94-9b44-dfb531f59b4a,57fe43a6-3be7-421a-91bc-12e6a3d97139,Om van te dromen,2009-02-13,XW,Official
Frans,2016,If I Were Sorry,Sweden,5,16d62c7f-e1d6-4f94-9b44-dfb531f59b4a,59103ef6-c120-49a0-868c-1e6e099331f3,Het beste van Frans Bauer in Ahoy,2006,NL,Official
Frans,2016,If I Were Sorry,Sweden,5,16d62c7f-e1d6-4f94-9b44-dfb531f59b4a,5c84c9c9-3418-46c2-8c06-16a2d91bad50,’n Zalige Kerst!,2006,XE,Official
Frans,2016,If I Were Sorry,Sweden,5,16d62c7f-e1d6-4f94-9b44-dfb531f59b4a,60f7eb98-80d5-44fe-8225-d7c62354b8fc,Lieve schat,2014,NL,Official
Frans,2016,If I Were Sorry,Sweden,5,16d62c7f-e1d6-4f94-9b44-dfb531f59b4a,61a6d3cd-9a8d-4d53-888d-cf48064264ee,1000 lieve woorden,2007,NL,Official
Frans,2016,If I Were Sorry,Sweden,5,16d62c7f-e1d6-4f94-9b44-dfb531f59b4a,68e518ef-0bc6-422d-aeb7-488b51db4fc4,Naar de Playa,2023-07-14,,Official
Frans,2016,If I Were Sorry,Sweden,5,16d62c7f-e1d6-4f94-9b44-dfb531f59b4a,6d0a1aff-128b-49d1-bf7d-2d09bd2a060a,Amore,2010-01-18,NL,Official
Frans,2016,If I Were Sorry,Sweden,5,16d62c7f-e1d6-4f94-9b44-dfb531f59b4a,709e0a3e-e5d7-4dc0-9a97-11ba36da8e82,Bauer Top 100,2006,NL,Official
Frans,2016,If I Were Sorry,Sweden,5,16d62c7f-e1d6-4f94-9b44-dfb531f59b4a,7ad83b79-3eda-48b1-9a76-0c7c25b2bf65,Als ik met jou op wolken zweef,2008,NL,Official
Frans,2016,If I Were Sorry,Sweden,5,16d62c7f-e1d6-4f94-9b44-dfb531f59b4a,812dbcf1-53b2-4f43-916f-fda6578ea017,Het is feest,2006,NL,Official
Frans,2016,If I Were Sorry,Sweden,5,16d62c7f-e1d6-4f94-9b44-dfb531f59b4a,8243facd-97ed-4b00-8b28-1cdacd2d0068,Vaya Con Dios,2022-12-08,,Official
Frans,2016,If I Were Sorry,Sweden,5,16d62c7f-e1d6-4f94-9b44-dfb531f59b4a,8619db1f-869e-4779-b1a1-068fe4705a10,Echt alles of hoe het begon,,,
Frans,2016,If I Were Sorry,Sweden,5,16d62c7f-e1d6-4f94-9b44-dfb531f59b4a,8831a873-cf57-4563-8529-9eb6fac69cd3,Zij hoort bij mij,2026-04-16,XW,Official
Frans,2016,If I Were Sorry,Sweden,5,16d62c7f-e1d6-4f94-9b44-dfb531f59b4a,89bbfa41-22db-496a-83a4-3765dbb90103,Van de nacht maken wij 'n fiësta,2007,NL,Official
Frans,2016,If I Were Sorry,Sweden,5,16d62c7f-e1d6-4f94-9b44-dfb531f59b4a,9241a54b-0c30-4a51-9324-c086038946ed,Frans Bauer & Marianne Weber,2008-10-15,NL,Official
Frans,2016,If I Were Sorry,Sweden,5,16d62c7f-e1d6-4f94-9b44-dfb531f59b4a,940dc647-6605-4cbf-88c4-33462250344d,Back to Back,2011,NL,Official
Frans,2016,If I Were Sorry,Sweden,5,16d62c7f-e1d6-4f94-9b44-dfb531f59b4a,94648f1a-929a-4d14-8c64-7b3db70504b0,Dicht bij jou,,,Official
Frans,2016,If I Were Sorry,Sweden,5,16d62c7f-e1d6-4f94-9b44-dfb531f59b4a,9510116d-707e-4d7c-a133-c8a7a0bb9457,Kom dans met mij,2007,BE,Official
Frans,2016,If I Were Sorry,Sweden,5,16d62c7f-e1d6-4f94-9b44-dfb531f59b4a,97604e04-4539-49df-9043-01179a99aa31,’n Zalige zomer,2008-06-12,NL,Official
Frans,2016,If I Were Sorry,Sweden,5,16d62c7f-e1d6-4f94-9b44-dfb531f59b4a,97ad98f5-444e-4d17-a6a2-741666a03a6b,Ik heb je lief,2019-10-18,NL,Official
Frans,2016,If I Were Sorry,Sweden,5,16d62c7f-e1d6-4f94-9b44-dfb531f59b4a,99738172-6d68-4330-ba7c-bf0827ea8c2e,Un dos très,2006,NL,Official
Frans,2016,If I Were Sorry,Sweden,5,16d62c7f-e1d6-4f94-9b44-dfb531f59b4a,9ace6ba2-6e13-486b-95b6-653ba1d2a67c,Schön War die Zeit,2008,DE,Official
Frans,2016,If I Were Sorry,Sweden,5,16d62c7f-e1d6-4f94-9b44-dfb531f59b4a,a44c491e-6c92-48a8-8a34-08da9460bb69,Voor elke dag,2009-10-16,NL,Official
Frans,2016,If I Were Sorry,Sweden,5,16d62c7f-e1d6-4f94-9b44-dfb531f59b4a,a5e9f0e2-65ad-461c-8fe0-3c04c76f7bc4,Hun grootste duetten,2008,NL,Official
Frans,2016,If I Were Sorry,Sweden,5,16d62c7f-e1d6-4f94-9b44-dfb531f59b4a,ad0a9621-c5f0-4d7d-a664-7ee8d3bfc82f,Zijn grootste successen,2008,NL,Official
Frans,2016,If I Were Sorry,Sweden,5,16d62c7f-e1d6-4f94-9b44-dfb531f59b4a,babd8a42-a66d-4662-aa8d-43d5308142d9,Frans Bauer & Marianne Weber,2008,NL,Official
Frans,2016,If I Were Sorry,Sweden,5,16d62c7f-e1d6-4f94-9b44-dfb531f59b4a,c26799ad-aca8-4539-8137-385144754185,Levenslied,2018-03-02,NL,Official
Frans,2016,If I Were Sorry,Sweden,5,16d62c7f-e1d6-4f94-9b44-dfb531f59b4a,d1557f30-4199-41a7-9ec5-92b7c83e397d,’n Zalige Kerst!,2007-11-08,NL,Official
Frans,2016,If I Were Sorry,Sweden,5,16d62c7f-e1d6-4f94-9b44-dfb531f59b4a,d29e2a2c-7040-42d9-a9bd-94cddfb1b7b9,Het beste van Frans Bauer,2009-03,BE,Official
Frans,2016,If I Were Sorry,Sweden,5,16d62c7f-e1d6-4f94-9b44-dfb531f59b4a,d4a97360-4d0c-4455-9738-fc10ff06e5d2,Kerst met Frans Bauer,2006,NL,Official
Frans,2016,If I Were Sorry,Sweden,5,16d62c7f-e1d6-4f94-9b44-dfb531f59b4a,d90fda3a-e897-4588-bf4e-672bbdd9add9,Stille nacht,2009,NL,Official
Frans,2016,If I Were Sorry,Sweden,5,16d62c7f-e1d6-4f94-9b44-dfb531f59b4a,d9bdea15-cf0c-4188-9a18-e6c23ed354fb,Frans Bauer & Marianne Weber,2008-10-16,XW,Official
Frans,2016,If I Were Sorry,Sweden,5,16d62c7f-e1d6-4f94-9b44-dfb531f59b4a,da26156f-1832-4aab-8857-2ca2de5326f3,Collections,2006,XE,Official
Frans,2016,If I Were Sorry,Sweden,5,16d62c7f-e1d6-4f94-9b44-dfb531f59b4a,dca60fc8-e253-4be1-88ba-bec6296b2c88,Wat ik zou willen,,,Official
Frans,2016,If I Were Sorry,Sweden,5,16d62c7f-e1d6-4f94-9b44-dfb531f59b4a,dfb7112e-b924-4e86-b449-b1c94b2ce626,Zijn 50 mooiste duetten,2008,NL,Official
Frans,2016,If I Were Sorry,Sweden,5,16d62c7f-e1d6-4f94-9b44-dfb531f59b4a,e5173cc0-fd7c-4a22-8d89-2333a99ba5b2,Voor altijd,2006,NL,Official
Frans,2016,If I Were Sorry,Sweden,5,16d62c7f-e1d6-4f94-9b44-dfb531f59b4a,e6442f55-375b-4361-bd0f-46a897fb62be,Levenslied,2018-03-02,NL,Official
Frans,2016,If I Were Sorry,Sweden,5,16d62c7f-e1d6-4f94-9b44-dfb531f59b4a,f002faa2-d56d-43fa-8528-46fe2307b8f5,De mooiste jaren komen nog,2013,NL,Official
Frans,2016,If I Were Sorry,Sweden,5,16d62c7f-e1d6-4f94-9b44-dfb531f59b4a,f0109ace-b455-419a-8c78-ac39edfbfbb0,Top 40 Frans Bauer (His Ultimate Top 40 Collection),2016-08-19,XE,Official
Frans,2016,If I Were Sorry,Sweden,5,16d62c7f-e1d6-4f94-9b44-dfb531f59b4a,f0672ec9-e0bc-47ce-b212-ca3340052534,Kerst met Frans Bauer,2006,NL,Official
Frans,2016,If I Were Sorry,Sweden,5,16d62c7f-e1d6-4f94-9b44-dfb531f59b4a,f3ca40c6-c117-4de9-b556-cb32c02079b5,Van Brabant naar Bordeaux,2024-04-19,XW,Official
Frans,2016,If I Were Sorry,Sweden,5,16d62c7f-e1d6-4f94-9b44-dfb531f59b4a,f8f24a64-9177-4c9c-bfa3-6b78f58c574e,De koningen van het Nederlandstalige lied 3 - De allergrootste hits!,2012,BE,Official
Frans,2016,If I Were Sorry,Sweden,5,16d62c7f-e1d6-4f94-9b44-dfb531f59b4a,ff2b0b0e-6943-4f1c-afdf-b8f78af2d98b,Schau in meine Augen,2008,XE,Official
Amir,2016,J'ai cherché,France,6,0e455850-74bd-4129-b95e-80c30b0d3297,10205d71-023b-48f1-9aab-9a4862018cb0,Au cœur de moi,2016-04-29,FR,Official
Amir,2016,J'ai cherché,France,6,0e455850-74bd-4129-b95e-80c30b0d3297,1b866b1b-b538-4ff7-9201-be3a227581d5,La Fête,2020-06-10,XE,Official
Amir,2016,J'ai cherché,France,6,0e455850-74bd-4129-b95e-80c30b0d3297,22db8741-553c-44c2-95ad-acec6acb5426,Addictions,2018-11-09,FR,Official
Amir,2016,J'ai cherché,France,6,0e455850-74bd-4129-b95e-80c30b0d3297,2841dca3-7307-440f-b438-d305bd24385b,Au cœur de moi,2016-04-29,FR,Official
Amir,2016,J'ai cherché,France,6,0e455850-74bd-4129-b95e-80c30b0d3297,28507aca-c153-41e5-ad1e-3cc09eb2ed39,Ressources,2020,FR,Official
Amir,2016,J'ai cherché,France,6,0e455850-74bd-4129-b95e-80c30b0d3297,289ece96-904c-4903-a9d1-0d42c65213e9,Grandir,2023-01-13,FR,Official
Amir,2016,J'ai cherché,France,6,0e455850-74bd-4129-b95e-80c30b0d3297,2e8fa8a6-2ad0-4957-8827-2b34eba0c180,Ressources,2021-11-12,XW,Official
Amir,2016,J'ai cherché,France,6,0e455850-74bd-4129-b95e-80c30b0d3297,334f7da9-01c5-425c-950a-7c872d0090ca,Au cœur de moi,2016-11-11,FR,Official
Amir,2016,J'ai cherché,France,6,0e455850-74bd-4129-b95e-80c30b0d3297,3e9d59af-26aa-4b32-b302-28b5ea70770e,On dirait (Willy William Remix),2016-12-09,XE,Official
Amir,2016,J'ai cherché,France,6,0e455850-74bd-4129-b95e-80c30b0d3297,3ec074dc-c1ee-487a-a737-3bb040207eb4,R3SSOURCES,2022-08-19,XW,Official
Amir,2016,J'ai cherché,France,6,0e455850-74bd-4129-b95e-80c30b0d3297,436f87d1-d885-410e-9aa4-642445ad377a,Si On N'aime Qu'une Fois - Η Λέξη Σ' Αγαπώ,2020-03-20,,
Amir,2016,J'ai cherché,France,6,0e455850-74bd-4129-b95e-80c30b0d3297,4b335869-34dd-4e11-9d21-9f3aa8b20338,Nous,2025-06-13,XW,Official
Amir,2016,J'ai cherché,France,6,0e455850-74bd-4129-b95e-80c30b0d3297,637e0523-6bca-48aa-bc94-76bb57e0c6d2,Ressources,2020,DE,Official
Amir,2016,J'ai cherché,France,6,0e455850-74bd-4129-b95e-80c30b0d3297,661e3cbc-54c3-4b25-97ce-9fad72d19b20,C Amir,2024-09-13,,Official
Amir,2016,J'ai cherché,France,6,0e455850-74bd-4129-b95e-80c30b0d3297,6bfb96ee-dde4-4c01-9ef6-d933009be3ab,Sommet,2024-05-03,XW,Official
Amir,2016,J'ai cherché,France,6,0e455850-74bd-4129-b95e-80c30b0d3297,71aa6f3f-8034-4a3a-b273-a1ec404612ef,1+1 (Banx & Ranx remix),2021-07-13,XW,Official
Amir,2016,J'ai cherché,France,6,0e455850-74bd-4129-b95e-80c30b0d3297,720bfa7f-d903-43ac-89a1-0ae6513e3a0d,Addictions,2017-10-27,FR,Official
Amir,2016,J'ai cherché,France,6,0e455850-74bd-4129-b95e-80c30b0d3297,7466deb6-c58d-404c-b7c3-7a88b71a247b,Addictions,2017-10-27,FR,Official
Amir,2016,J'ai cherché,France,6,0e455850-74bd-4129-b95e-80c30b0d3297,74823ce6-ac15-454c-86bf-cc3d856f2966,États d'amour,2017-08-25,FR,Official
Amir,2016,J'ai cherché,France,6,0e455850-74bd-4129-b95e-80c30b0d3297,79bb5643-d7a4-4d1a-843f-14ec948e4879,C Amir,2024-09-13,FR,Official
Amir,2016,J'ai cherché,France,6,0e455850-74bd-4129-b95e-80c30b0d3297,8af0c0eb-512f-4aa9-beb4-b1292e3be0a8,Désenchantée,2013-03-25,FR,Official
Amir,2016,J'ai cherché,France,6,0e455850-74bd-4129-b95e-80c30b0d3297,914c38aa-4ff0-40af-848f-ba23c91f0a25,C amir²,2025-10-31,XW,Official
Amir,2016,J'ai cherché,France,6,0e455850-74bd-4129-b95e-80c30b0d3297,91b29d65-67fd-4b0c-87d9-7672f3a39ea9,Ressources,2021-11-12,FR,Official
Amir,2016,J'ai cherché,France,6,0e455850-74bd-4129-b95e-80c30b0d3297,961c144e-bfd3-43d9-ac6a-63d3364457c3,Longtemps,2018-08-17,,Official
Amir,2016,J'ai cherché,France,6,0e455850-74bd-4129-b95e-80c30b0d3297,96876f2f-0688-4201-b3e8-bba19a92958b,Addictions,2017-10-27,FR,Official
Amir,2016,J'ai cherché,France,6,0e455850-74bd-4129-b95e-80c30b0d3297,9c9c5ab4-2e32-4fe3-8010-d7481b50d709,R3SSOURCES,2022-08-19,FR,Official
Amir,2016,J'ai cherché,France,6,0e455850-74bd-4129-b95e-80c30b0d3297,a21e523e-fe9d-42ba-b3e7-0fdf74e97522,Toi,2020-09-02,XW,Official
Amir,2016,J'ai cherché,France,6,0e455850-74bd-4129-b95e-80c30b0d3297,a82054c7-9b1f-41bc-979c-b20c41e7b54f,Ressources,2020-10-16,FR,Official
Amir,2016,J'ai cherché,France,6,0e455850-74bd-4129-b95e-80c30b0d3297,a9e298dc-ec45-4770-abfc-d6e81e7f787c,Addictions (Ultimate Version),2019-05-17,FR,Official
Amir,2016,J'ai cherché,France,6,0e455850-74bd-4129-b95e-80c30b0d3297,adf1e855-b435-4ed5-bb38-448f5c51c0ca,Comme Les Oiseaux,2018-08-06,XE,Official
Amir,2016,J'ai cherché,France,6,0e455850-74bd-4129-b95e-80c30b0d3297,b687bba2-c27f-4d84-b50f-7fb7b1e7db80,Addictions,2017-10-27,XW,Official
Amir,2016,J'ai cherché,France,6,0e455850-74bd-4129-b95e-80c30b0d3297,b81bf5e4-57ce-40c4-aecd-e5f073bc9410,J'ai cherché,2016-01-15,CA,Official
Amir,2016,J'ai cherché,France,6,0e455850-74bd-4129-b95e-80c30b0d3297,d3ca851a-2579-45df-a6a9-1eb2244e7a02,No Vacancy (French language version),2017-05-26,XW,Official
Amir,2016,J'ai cherché,France,6,0e455850-74bd-4129-b95e-80c30b0d3297,dd02fc87-f842-4a12-9340-3ce1b7b8e1e6,Si on n'aime qu'une fois,2020-03-20,XE,Official
Amir,2016,J'ai cherché,France,6,0e455850-74bd-4129-b95e-80c30b0d3297,e261c433-5fb7-43a2-8d0f-18f0893f8366,Au cœur de moi,2016-04-29,,Official
Amir,2016,J'ai cherché,France,6,0e455850-74bd-4129-b95e-80c30b0d3297,e303ca83-a439-4cd3-997a-e690feeef37a,Ressources,2020-10-16,XW,Official
Amir,2016,J'ai cherché,France,6,0e455850-74bd-4129-b95e-80c30b0d3297,f891cf91-fb89-4010-a3d7-e3a743ca6c75,5 minutes avec toi,2019-04-12,,Official
Amir,2016,J'ai cherché,France,6,0e455850-74bd-4129-b95e-80c30b0d3297,fef1093a-cf70-471d-9f7d-9aa93a7578d1,R3SSOURCES,2022-08-19,AF,Official
Iveta Mukuchyan,2016,LoveWave,Armenia,7,7eb57432-59b5-4976-a2f2-0695601966da,55d9b9ca-cf67-4201-90fa-2e468f248a6c,Make Me Feel (Notre Dame remix),2025-02-14,XW,Official
Iveta Mukuchyan,2016,LoveWave,Armenia,7,7eb57432-59b5-4976-a2f2-0695601966da,7bc85980-e66f-4735-802d-efc38ff66973,Mez Vochinch Chi Haghti,2020-11-07,XW,Official
Iveta Mukuchyan,2016,LoveWave,Armenia,7,7eb57432-59b5-4976-a2f2-0695601966da,a4d4b5e9-3d0d-4058-9e5a-76e2581b94c0,Մեզ Ոչինչ Չի Հաղթի,,,Pseudo-Release
Michał Szpak,2016,Color of Your Life,Poland,8,ced5c9d5-1616-41c5-8641-92e993443b98,02631167-3a99-4a5a-9ef2-c77beb0ca70d,Dreamer,2018-09-07,PL,Official
Michał Szpak,2016,Color of Your Life,Poland,8,ced5c9d5-1616-41c5-8641-92e993443b98,bf17aefb-2161-431a-809f-6697d6ecf6e5,Dreamer Special Edition,2018-09-07,PL,Official
Michał Szpak,2016,Color of Your Life,Poland,8,ced5c9d5-1616-41c5-8641-92e993443b98,d05b1e83-1511-408f-8ce1-afbf598d9802,XI,2011-12-13,PL,Official
Michał Szpak,2016,Color of Your Life,Poland,8,ced5c9d5-1616-41c5-8641-92e993443b98,e7871697-66ad-4aae-8423-5d349f8b294a,Byle Być Sobą,2015-11-13,PL,Official
Donny Montell,2016,I've Been Waiting for This Night,Lithuania,9,33dbfe37-fd2b-40cb-b480-9873b8f74362,00e1cce0-37c6-465b-b838-fa9a2621ca6b,Nieko verta (Uk club remix),2018-05-04,XW,Official
Donny Montell,2016,I've Been Waiting for This Night,Lithuania,9,33dbfe37-fd2b-40cb-b480-9873b8f74362,0a5ceef8-21fb-4f82-a748-1a1940b8c25b,Donny Montell,2012-05-26,XW,Official
Donny Montell,2016,I've Been Waiting for This Night,Lithuania,9,33dbfe37-fd2b-40cb-b480-9873b8f74362,1edd711b-2a0b-4a40-848b-386cf0d2b350,Nieko verta,2017-12-22,,Official
Donny Montell,2016,I've Been Waiting for This Night,Lithuania,9,33dbfe37-fd2b-40cb-b480-9873b8f74362,21dd8911-7c13-48e1-974e-fd7148ab2aef,Per amžius su Vyčiu už laisvą Tėvynę,2016-08-26,XW,Official
Donny Montell,2016,I've Been Waiting for This Night,Lithuania,9,33dbfe37-fd2b-40cb-b480-9873b8f74362,2690134d-ad21-46c8-aa15-465ef0f8084d,Tai mūsų laikas,2016-03-08,,Official
Donny Montell,2016,I've Been Waiting for This Night,Lithuania,9,33dbfe37-fd2b-40cb-b480-9873b8f74362,31b21696-8e6a-4041-ab16-815817a0af21,#BLCK,2016-03-26,XW,Official
Donny Montell,2016,I've Been Waiting for This Night,Lithuania,9,33dbfe37-fd2b-40cb-b480-9873b8f74362,3bcec312-25ae-47c8-b43e-df1cdc846333,Mergaitės nori mylėt,2023-09-28,XW,Official
Donny Montell,2016,I've Been Waiting for This Night,Lithuania,9,33dbfe37-fd2b-40cb-b480-9873b8f74362,3be1ff0b-8733-4e2b-9da1-f35366c0d9af,I’ve Been Waiting for This Night: Eurovision 2016 – Lithuania,2016-03-30,,Official
Donny Montell,2016,I've Been Waiting for This Night,Lithuania,9,33dbfe37-fd2b-40cb-b480-9873b8f74362,50919f27-4ac2-4d47-af6f-709c3074d491,I’ve Been Waiting for This Night,2015,XE,Promotion
Donny Montell,2016,I've Been Waiting for This Night,Lithuania,9,33dbfe37-fd2b-40cb-b480-9873b8f74362,68cccc61-2e54-428c-a581-5cc17318f9ac,Jausmai,2023-06-29,XW,Official
Donny Montell,2016,I've Been Waiting for This Night,Lithuania,9,33dbfe37-fd2b-40cb-b480-9873b8f74362,6dc1cb5d-617e-4c83-8546-e24d397e2152,Kol vakaras ilgas,2020-07-10,XW,Official
Donny Montell,2016,I've Been Waiting for This Night,Lithuania,9,33dbfe37-fd2b-40cb-b480-9873b8f74362,8731a35e-fe31-4986-b1ba-afc62ced9e51,Nieko verta (UK club remix),2018-05-01,XW,Official
Donny Montell,2016,I've Been Waiting for This Night,Lithuania,9,33dbfe37-fd2b-40cb-b480-9873b8f74362,90183a09-a045-49b2-ae6e-a925c12f54cd,Star,2024-01-05,XW,Official
Donny Montell,2016,I've Been Waiting for This Night,Lithuania,9,33dbfe37-fd2b-40cb-b480-9873b8f74362,9173bf44-7549-4403-886c-6aea1ef49d77,Tik tau vienai (live acoustic),2014-10-18,XW,Official
Donny Montell,2016,I've Been Waiting for This Night,Lithuania,9,33dbfe37-fd2b-40cb-b480-9873b8f74362,b89058bb-d768-40a8-a3bf-f7fea21e471f,Tik tau vienai (deluxe version),2014-10-18,,Official
Donny Montell,2016,I've Been Waiting for This Night,Lithuania,9,33dbfe37-fd2b-40cb-b480-9873b8f74362,c3056136-4d75-4c4f-bfb5-2cf25320dc06,Lūpos kaip medus,2022-09-22,XW,Official
Donny Montell,2016,I've Been Waiting for This Night,Lithuania,9,33dbfe37-fd2b-40cb-b480-9873b8f74362,c310f745-1904-4dfd-a34a-0d49f94bd695,Sudužusi širdis,2024-12-10,XW,Official
Donny Montell,2016,I've Been Waiting for This Night,Lithuania,9,33dbfe37-fd2b-40cb-b480-9873b8f74362,ccbf82b3-c40c-4e20-a187-70f1c3774ccf,1987,2021-12-15,LT,Official
Donny Montell,2016,I've Been Waiting for This Night,Lithuania,9,33dbfe37-fd2b-40cb-b480-9873b8f74362,cd602844-9ebc-4c01-8017-e701dbe05e54,Nieko verta,2017-12-21,XW,Official
Donny Montell,2016,I've Been Waiting for This Night,Lithuania,9,33dbfe37-fd2b-40cb-b480-9873b8f74362,d614a66c-c850-4fcd-9574-a4146eae3ff0,Ikaras,2024-07-11,XW,Official
Donny Montell,2016,I've Been Waiting for This Night,Lithuania,9,33dbfe37-fd2b-40cb-b480-9873b8f74362,e0adb06b-46d0-4b28-ba77-d0110b5f9519,Bėgam,2022-06-23,XW,Official
Donny Montell,2016,I've Been Waiting for This Night,Lithuania,9,33dbfe37-fd2b-40cb-b480-9873b8f74362,ea9e1b89-e263-472e-8786-94f88f4ffbf4,1987,2021-09-04,XW,Official
Laura Tesoro,2016,What's the Pressure,Belgium,10,5b171695-1ea9-441a-9d39-d44f39b3538c,0f3022a0-381a-4626-a1aa-afcef48471d5,Girlfriend,2025-11-28,XW,Official
Laura Tesoro,2016,What's the Pressure,Belgium,10,5b171695-1ea9-441a-9d39-d44f39b3538c,2d11f8e6-1c20-484c-b6be-0ba8266e291e,Limits,2019-10-25,XW,Official
Laura Tesoro,2016,What's the Pressure,Belgium,10,5b171695-1ea9-441a-9d39-d44f39b3538c,4323be70-1c2e-4c17-9f30-fe9ed36b1d1e,So Naive,2024-09-06,,Official
Laura Tesoro,2016,What's the Pressure,Belgium,10,5b171695-1ea9-441a-9d39-d44f39b3538c,4d73aa46-921a-4773-9f1c-f4bc1b6d7622,Silverline (lean on me),2025-03-14,XW,Official
Laura Tesoro,2016,What's the Pressure,Belgium,10,5b171695-1ea9-441a-9d39-d44f39b3538c,7296c940-0fb2-4973-baf0-fb5c211c3ddf,Beast,2017-10-27,XW,Official
Laura Tesoro,2016,What's the Pressure,Belgium,10,5b171695-1ea9-441a-9d39-d44f39b3538c,8ebbe444-9967-4565-a1f6-4df7eb3962fc,Beautiful Mistakes,2025-09-19,XW,Official
Laura Tesoro,2016,What's the Pressure,Belgium,10,5b171695-1ea9-441a-9d39-d44f39b3538c,d01c0c94-c9db-433f-a3e0-d966fcae8bd7,Shining,2025-05-17,XW,Official
Laura Tesoro,2016,What's the Pressure,Belgium,10,5b171695-1ea9-441a-9d39-d44f39b3538c,d3e2d0b9-2e15-48a0-a02a-4058db8469d8,Outta Here,2014,BE,Official
Laura Tesoro,2016,What's the Pressure,Belgium,10,5b171695-1ea9-441a-9d39-d44f39b3538c,d60bd944-ade2-416e-bba8-befeed303c78,Bound to Be,2026-01-16,XW,Official
Laura Tesoro,2016,What's the Pressure,Belgium,10,5b171695-1ea9-441a-9d39-d44f39b3538c,e0c5e613-d6b2-4ffc-b7d1-38ff04b4d821,Mutual,2018-11-30,AF,Official
Salvador Sobral,2017,Amar pelos dois,Portugal,1,ad226273-7870-47d6-a8d0-903ddba3853d,0874be69-2918-4ff4-ab19-6a632ed17675,Amar Pelos Dois,2017-03-10,XW,Official
Salvador Sobral,2017,Amar pelos dois,Portugal,1,ad226273-7870-47d6-a8d0-903ddba3853d,33d74382-7e96-4722-af98-d4c5e7cc5553,Timbre,2023,ES,Official
Salvador Sobral,2017,Amar pelos dois,Portugal,1,ad226273-7870-47d6-a8d0-903ddba3853d,57dc37e2-af4e-4f2b-87ee-da86e02bd88b,Ben poca cosa tens,2025-04-16,,Official
Salvador Sobral,2017,Amar pelos dois,Portugal,1,ad226273-7870-47d6-a8d0-903ddba3853d,6fb14f88-66c9-437d-8d04-2e203ce59100,Sal,2022,,
Salvador Sobral,2017,Amar pelos dois,Portugal,1,ad226273-7870-47d6-a8d0-903ddba3853d,78114ec3-9db8-474e-905e-9986a4a2860c,Excuse Me (Ao Vivo),2017-12-15,,Official
Salvador Sobral,2017,Amar pelos dois,Portugal,1,ad226273-7870-47d6-a8d0-903ddba3853d,89174b2b-edc6-4702-b8f0-b3a7889236d7,Alma Nuestra,2020-06-26,ES,
Salvador Sobral,2017,Amar pelos dois,Portugal,1,ad226273-7870-47d6-a8d0-903ddba3853d,9749816f-5e60-41f2-b0f4-b5cdb90c0196,Sílvia & Salvador,2025-05-16,ES,Official
Salvador Sobral,2017,Amar pelos dois,Portugal,1,ad226273-7870-47d6-a8d0-903ddba3853d,a0898280-0763-4dd9-bf60-af91d34071ca,"Paris, Lisboa",2019-03-29,XW,Official
Salvador Sobral,2017,Amar pelos dois,Portugal,1,ad226273-7870-47d6-a8d0-903ddba3853d,aba4fcac-d276-4e44-ac1a-33e1053603f5,Excuse Me Ao Vivo,2017-12-15,PT,Official
Salvador Sobral,2017,Amar pelos dois,Portugal,1,ad226273-7870-47d6-a8d0-903ddba3853d,d534ff4a-0a40-4e41-8651-b627ade335b8,Amar Pelos Dois (instrumental),2017-04-28,AF,Official
Salvador Sobral,2017,Amar pelos dois,Portugal,1,ad226273-7870-47d6-a8d0-903ddba3853d,e19496d7-41d5-422c-99d4-c4b7a64861d4,bpm,2021-05-28,XW,Official
Salvador Sobral,2017,Amar pelos dois,Portugal,1,ad226273-7870-47d6-a8d0-903ddba3853d,f3d43cbe-0874-4aa2-be22-719d6fbd9127,A Residência,2025-12-05,XW,Official
Salvador Sobral,2017,Amar pelos dois,Portugal,1,ad226273-7870-47d6-a8d0-903ddba3853d,f63f9325-b5d7-4e5c-8184-fd9d0682978f,Excuse Me,2016,PT,Official
SunStroke Project,2017,"Hey, Mamma!",Moldova,3,42789179-3785-482b-be34-10dcb3ce0cea,07d31d8a-fc11-4607-85af-8fa403575a44,I'll House U / Groove On / Run Away,2010,SE,Promotion
SunStroke Project,2017,"Hey, Mamma!",Moldova,3,42789179-3785-482b-be34-10dcb3ce0cea,105bd017-7b17-49cf-9323-0f8c0578f546,dancing like it's 74,2025-12-15,XW,Official
SunStroke Project,2017,"Hey, Mamma!",Moldova,3,42789179-3785-482b-be34-10dcb3ce0cea,6f0c1773-f7a1-42ab-b601-2fec6d14c356,Run Away,2021-06-18,,Official
SunStroke Project,2017,"Hey, Mamma!",Moldova,3,42789179-3785-482b-be34-10dcb3ce0cea,9e02017c-35e5-40ee-bb01-df01a10a2ae4,Run Away,2010-05-25,XE,Official
SunStroke Project,2017,"Hey, Mamma!",Moldova,3,42789179-3785-482b-be34-10dcb3ce0cea,c624c804-04cc-46ab-96a0-4ecf166b0ab7,Hey Mamma,2017-05-17,XE,Official
SunStroke Project,2017,"Hey, Mamma!",Moldova,3,42789179-3785-482b-be34-10dcb3ce0cea,cfedbdde-e737-4c59-a58e-9635e46abc13,Run Away,2016-10-09,,Official
SunStroke Project,2017,"Hey, Mamma!",Moldova,3,42789179-3785-482b-be34-10dcb3ce0cea,dc31c8b2-c161-4794-97ad-a8d6bfba2eb0,Fireshow,2025-05-29,XW,Official
SunStroke Project,2017,"Hey, Mamma!",Moldova,3,42789179-3785-482b-be34-10dcb3ce0cea,de013c57-503d-4411-95d7-5cfdab453df4,Run Away,2010,XE,Official
Blanche,2017,City Lights,Belgium,4,b9bf2eda-4088-49ec-bf00-f3164ded9f1e,0b57d60c-0b24-4da9-bd0a-4f494f91fe75,Map of the City / Heart and Soul,2013-01-01,XW,Official
Blanche,2017,City Lights,Belgium,4,b9bf2eda-4088-49ec-bf00-f3164ded9f1e,1677b049-691d-438b-9c8e-84889359eb02,Hints to Pilgrims,2014-11,US,Official
Blanche,2017,City Lights,Belgium,4,b9bf2eda-4088-49ec-bf00-f3164ded9f1e,2504418c-1ce8-45f8-8abc-5dee736ccab8,Songs of Blanche Blanche Blanche,2011,XW,Official
Blanche,2017,City Lights,Belgium,4,b9bf2eda-4088-49ec-bf00-f3164ded9f1e,266c08c9-bbc0-448c-a383-9902fe5ac589,White/Blanche,2013-08,US,Official
Blanche,2017,City Lights,Belgium,4,b9bf2eda-4088-49ec-bf00-f3164ded9f1e,29a8ed9d-691e-45e7-bb65-4df214140270,Songs of Blanche Blanche Blanche,2011,US,Official
Blanche,2017,City Lights,Belgium,4,b9bf2eda-4088-49ec-bf00-f3164ded9f1e,2c0dc148-63e5-4986-8f6e-0beb090bcfc6,Scam / Press Dumps,2012-10-01,XW,Official
Blanche,2017,City Lights,Belgium,4,b9bf2eda-4088-49ec-bf00-f3164ded9f1e,3b456b38-979d-4b2c-ac26-7f10a2411d61,Wooden Ball,2017-07-28,XW,Official
Blanche,2017,City Lights,Belgium,4,b9bf2eda-4088-49ec-bf00-f3164ded9f1e,3bcb9cb3-d334-44a7-84be-ee4a183df572,"Fiscal, Remote, Distilled",2022-03-01,XW,Official
Blanche,2017,City Lights,Belgium,4,b9bf2eda-4088-49ec-bf00-f3164ded9f1e,3e3124b2-d876-43fd-92f3-67342e2f9ad7,Papas Proof,2012-06-22,FR,Official
Blanche,2017,City Lights,Belgium,4,b9bf2eda-4088-49ec-bf00-f3164ded9f1e,569c25df-f64f-499f-9cda-85b5698dd2d5,Heroes of the Microphone,2016-03-15,,Official
Blanche,2017,City Lights,Belgium,4,b9bf2eda-4088-49ec-bf00-f3164ded9f1e,592e60ea-3645-4f3f-98d7-3071da365761,Termite Music,2014-06-15,US,Official
Blanche,2017,City Lights,Belgium,4,b9bf2eda-4088-49ec-bf00-f3164ded9f1e,5b9df770-34db-4240-8d4f-eefed4bd56b1,Breaking Mirrors,2016-09-18,DE,Official
Blanche,2017,City Lights,Belgium,4,b9bf2eda-4088-49ec-bf00-f3164ded9f1e,5f4a2eb7-208b-44ba-bde2-d6068afdfb12,Wink With Both Eyes,2012-04-26,US,Official
Blanche,2017,City Lights,Belgium,4,b9bf2eda-4088-49ec-bf00-f3164ded9f1e,62a326e3-3d9f-440a-b5bc-e38011dd0ddf,Scam / Press Dumps,2013-01-08,DE,Official
Blanche,2017,City Lights,Belgium,4,b9bf2eda-4088-49ec-bf00-f3164ded9f1e,658e9c0e-ba07-41ff-bda2-0d7ef0f9e744,2wice 2wins,2012-01-15,XW,Official
Blanche,2017,City Lights,Belgium,4,b9bf2eda-4088-49ec-bf00-f3164ded9f1e,6dec4450-bd2d-4bf2-bb3e-ddadd1e187d9,2wice 2wins,2012,US,Official
Blanche,2017,City Lights,Belgium,4,b9bf2eda-4088-49ec-bf00-f3164ded9f1e,6ef977c8-fddb-4adf-9e4c-54e53cc01e7b,Termite Music,2014-06-15,XW,Official
Blanche,2017,City Lights,Belgium,4,b9bf2eda-4088-49ec-bf00-f3164ded9f1e,757080ef-c3bd-4a1c-b6be-916660ee162f,Songs of Blanche Blanche Blanche,2011-04-19,DE,Official
Blanche,2017,City Lights,Belgium,4,b9bf2eda-4088-49ec-bf00-f3164ded9f1e,76475169-fc61-462c-89f3-97e64d811e67,Hints to Pilgrims,2014-11-17,XW,Official
Blanche,2017,City Lights,Belgium,4,b9bf2eda-4088-49ec-bf00-f3164ded9f1e,86351b02-d1df-4086-98db-3daa60003b82,Seashells,2021-01-01,US,Official
Blanche,2017,City Lights,Belgium,4,b9bf2eda-4088-49ec-bf00-f3164ded9f1e,91f42824-bd1e-4544-980c-ae35ddf62bc0,Papas Proof,2011-03-01,XW,Official
Blanche,2017,City Lights,Belgium,4,b9bf2eda-4088-49ec-bf00-f3164ded9f1e,97d969f9-1d00-4ff9-b8be-5aa4157b160f,Map of the City / Heart and Soul,2014,US,Official
Blanche,2017,City Lights,Belgium,4,b9bf2eda-4088-49ec-bf00-f3164ded9f1e,a7c45b3d-c0ee-4540-8cfc-25dafa42cb55,Breaking Mirrors,2013-03-01,XW,Official
Blanche,2017,City Lights,Belgium,4,b9bf2eda-4088-49ec-bf00-f3164ded9f1e,c00a2473-3fe6-49d1-831a-bdddd699f587,White/Blanche,2013-11-15,XW,Official
Blanche,2017,City Lights,Belgium,4,b9bf2eda-4088-49ec-bf00-f3164ded9f1e,cb171001-72ae-42ce-95d2-b63b48ebba66,Talk Out Loud / Water to Wine,2011,US,Official
Blanche,2017,City Lights,Belgium,4,b9bf2eda-4088-49ec-bf00-f3164ded9f1e,d0239ea0-a3e3-4e3d-8301-ee99bec29790,Wink With Both Eyes,2012-04-23,XW,Official
Blanche,2017,City Lights,Belgium,4,b9bf2eda-4088-49ec-bf00-f3164ded9f1e,db70d803-3b65-4ebe-890d-00ad3c623e95,Hints to Pilgrims,2014-11,US,Promotion
Blanche,2017,City Lights,Belgium,4,b9bf2eda-4088-49ec-bf00-f3164ded9f1e,e05ba086-8689-4121-9781-34259b84c6f8,2wice 2wins / Songs for Music,2012-02-01,US,Official
Blanche,2017,City Lights,Belgium,4,b9bf2eda-4088-49ec-bf00-f3164ded9f1e,e1c2e70c-f2e9-4abe-870a-e92a732d1271,Our Place,2017-07-28,XW,Official
Blanche,2017,City Lights,Belgium,4,b9bf2eda-4088-49ec-bf00-f3164ded9f1e,e4601a83-8f32-4fb0-a56c-0b4e4d211f41,2wice 2wins / Songs for Music,2016-09-20,DE,Official
Blanche,2017,City Lights,Belgium,4,b9bf2eda-4088-49ec-bf00-f3164ded9f1e,ebee3c46-6825-4d11-bcea-31f1eaeb16af,Wooden Ball,2013-03-15,XW,Official
Blanche,2017,City Lights,Belgium,4,b9bf2eda-4088-49ec-bf00-f3164ded9f1e,f85254c8-7766-4bc2-9898-049ce730b638,Open Session Rock,2012-05-15,XW,Official
Blanche,2017,City Lights,Belgium,4,b9bf2eda-4088-49ec-bf00-f3164ded9f1e,fd23cc52-a9a8-40c7-b598-e3f474ce41be,Seashells,2021-01-01,XW,Official
Robin Bengtsson,2017,I Can't Go On,Sweden,5,b2cd3d67-5636-4ae1-ad2d-257a3339bdef,10f86eaf-a17d-4ba0-857c-4d9de3400b39,I Can't Go On (Remix),2017-02-26,,Official
Robin Bengtsson,2017,I Can't Go On,Sweden,5,b2cd3d67-5636-4ae1-ad2d-257a3339bdef,38f845f0-70cc-449f-80b0-9c73b145664a,Tjena tjena tjena,2012-04-02,,Official
Robin Bengtsson,2017,I Can't Go On,Sweden,5,b2cd3d67-5636-4ae1-ad2d-257a3339bdef,3d7ebbfd-dfac-432c-9ba5-6356c76cff3b,That's Christmas To Me / Have Yourself A Merry Little Christmas,2016-11-11,,Official
Robin Bengtsson,2017,I Can't Go On,Sweden,5,b2cd3d67-5636-4ae1-ad2d-257a3339bdef,3ff90e0f-2675-492a-a748-e4a9abeb2063,Friendzoned,2019-05-17,DZ,Official
Robin Bengtsson,2017,I Can't Go On,Sweden,5,b2cd3d67-5636-4ae1-ad2d-257a3339bdef,559e02ef-8a82-40d4-b20e-376a26e3272e,Mama’s Song,2019-05-24,DZ,Official
Robin Bengtsson,2017,I Can't Go On,Sweden,5,b2cd3d67-5636-4ae1-ad2d-257a3339bdef,74b4d249-6846-44a8-971d-ee207c1b9112,Domino (Jessie J acoustic cover),2012-01-27,SE,Official
Robin Bengtsson,2017,I Can't Go On,Sweden,5,b2cd3d67-5636-4ae1-ad2d-257a3339bdef,81974c81-022b-4a8c-a303-f1121bfa7a73,I Can't Go On,2017,SE,Promotion
Robin Bengtsson,2017,I Can't Go On,Sweden,5,b2cd3d67-5636-4ae1-ad2d-257a3339bdef,84439163-b8f4-45f6-a475-d403ca7e0fbe,Just Let It Go,2019-10-18,DZ,Official
Robin Bengtsson,2017,I Can't Go On,Sweden,5,b2cd3d67-5636-4ae1-ad2d-257a3339bdef,9d5dbb57-b3e1-451e-9f4f-7c0096635c08,Cross the Universe,2012-11-07,SE,Official
Robin Bengtsson,2017,I Can't Go On,Sweden,5,b2cd3d67-5636-4ae1-ad2d-257a3339bdef,a04eb8e0-232a-4657-9c51-309062fab326,I Can't Go On,2017-02-26,SE,Official
Robin Bengtsson,2017,I Can't Go On,Sweden,5,b2cd3d67-5636-4ae1-ad2d-257a3339bdef,a6856cbe-be8c-4000-8b52-75275bd81dab,Honey Honey,2026-02-06,XW,Official
Robin Bengtsson,2017,I Can't Go On,Sweden,5,b2cd3d67-5636-4ae1-ad2d-257a3339bdef,ab26b6a3-79d0-4755-8264-0a1bbe9fca70,Take a Chance,2020-02-22,DZ,Official
Robin Bengtsson,2017,I Can't Go On,Sweden,5,b2cd3d67-5636-4ae1-ad2d-257a3339bdef,f49cd7c5-6c80-4809-8831-cba52adb1cdf,Never Born To Love,2018-11-16,,
Francesco Gabbani,2017,Occidentali's Karma,Italy,6,14f15f56-b064-4c06-be86-97d9525247a1,0239f1b2-2f55-41c6-a38a-645cbf37ff77,Dalla mia parte,2025-09-02,XW,Official
Francesco Gabbani,2017,Occidentali's Karma,Italy,6,14f15f56-b064-4c06-be86-97d9525247a1,0f84f6ea-c411-4f75-b1a4-ebf9d48daa5e,Eternamente ora,2016,IT,Official
Francesco Gabbani,2017,Occidentali's Karma,Italy,6,14f15f56-b064-4c06-be86-97d9525247a1,18842e22-2948-4706-b3c0-4d0fe09ba827,Magellan,2017-05-12,AF,Official
Francesco Gabbani,2017,Occidentali's Karma,Italy,6,14f15f56-b064-4c06-be86-97d9525247a1,1e73d1a4-6686-4e9e-891a-256e1dd8e9a9,Viva la vita,2025-02-12,XW,Official
Francesco Gabbani,2017,Occidentali's Karma,Italy,6,14f15f56-b064-4c06-be86-97d9525247a1,1f035195-1e14-466e-a016-efca71768864,Occidentali's Karma,2017-02-10,IT,Official
Francesco Gabbani,2017,Occidentali's Karma,Italy,6,14f15f56-b064-4c06-be86-97d9525247a1,1f9e5f7c-17bc-4a67-bbea-0b5bee88bd75,Eternamente ora,2019,AF,Official
Francesco Gabbani,2017,Occidentali's Karma,Italy,6,14f15f56-b064-4c06-be86-97d9525247a1,22615f5d-5c5b-4c0e-ac52-b8d506b9d057,Spazio Tempo,2021-11-11,,Official
Francesco Gabbani,2017,Occidentali's Karma,Italy,6,14f15f56-b064-4c06-be86-97d9525247a1,3e4dafb5-6f2c-4c27-99fc-59cccf0866ea,Volevamo solo essere felici,2022-04-22,IT,Official
Francesco Gabbani,2017,Occidentali's Karma,Italy,6,14f15f56-b064-4c06-be86-97d9525247a1,4cab3362-fe09-44cc-a9fd-2b3da598befd,Frutta malinconia,2024-05-03,,Official
Francesco Gabbani,2017,Occidentali's Karma,Italy,6,14f15f56-b064-4c06-be86-97d9525247a1,59a7f295-d580-48be-8cf0-c84b152a85b8,Magellano,2017-04-28,IT,Official
Francesco Gabbani,2017,Occidentali's Karma,Italy,6,14f15f56-b064-4c06-be86-97d9525247a1,5e32b2ca-adba-4208-98d0-f8d3968b3074,Magellano,2017-11-17,IT,Official
Francesco Gabbani,2017,Occidentali's Karma,Italy,6,14f15f56-b064-4c06-be86-97d9525247a1,5e78124c-c987-45f2-8004-04062c1f1523,Occidentali's Karma,2017-02-10,XE,Official
Francesco Gabbani,2017,Occidentali's Karma,Italy,6,14f15f56-b064-4c06-be86-97d9525247a1,63e4f90b-aab2-4c6f-bcae-43b6ad1e5ef1,Dalla tua parte,2025-02-21,IT,Official
Francesco Gabbani,2017,Occidentali's Karma,Italy,6,14f15f56-b064-4c06-be86-97d9525247a1,6c52a409-5680-4cf7-b7df-f60c28624c4d,Volevamo solo essere felici,2022,,
Francesco Gabbani,2017,Occidentali's Karma,Italy,6,14f15f56-b064-4c06-be86-97d9525247a1,8275f9b2-7537-49ac-abdf-b946604cb7d4,Summer Funk,2026-05-08,XW,Official
Francesco Gabbani,2017,Occidentali's Karma,Italy,6,14f15f56-b064-4c06-be86-97d9525247a1,887fc514-3097-4a06-9311-c100a4775659,Viceversa,2020-02-28,XE,Official
Francesco Gabbani,2017,Occidentali's Karma,Italy,6,14f15f56-b064-4c06-be86-97d9525247a1,96f03f6c-ce92-4353-aed6-38bb614941bc,Pachidermi e pappagalli,2017-09-22,IT,Official
Francesco Gabbani,2017,Occidentali's Karma,Italy,6,14f15f56-b064-4c06-be86-97d9525247a1,9a075749-0fe3-4a8b-8b4f-056f4c691b77,L’abitudine,2023-04-07,,Official
Francesco Gabbani,2017,Occidentali's Karma,Italy,6,14f15f56-b064-4c06-be86-97d9525247a1,a07ca54f-e18b-4e64-a072-b5871711b96d,Greitist Iz,2015,IT,Official
Francesco Gabbani,2017,Occidentali's Karma,Italy,6,14f15f56-b064-4c06-be86-97d9525247a1,a92cec65-dd51-492a-959e-a660e373d52e,Poveri ma ricchi,2016,IT,
Francesco Gabbani,2017,Occidentali's Karma,Italy,6,14f15f56-b064-4c06-be86-97d9525247a1,b9a7b42f-c558-4d63-87a3-c673526e2f7f,Eternamente ora,2016-02-12,AF,Official
Francesco Gabbani,2017,Occidentali's Karma,Italy,6,14f15f56-b064-4c06-be86-97d9525247a1,e6ea2fa1-e5f1-4301-8c52-18c0661d4e6a,Viva la vita,2025-02-12,XW,Official
Francesco Gabbani,2017,Occidentali's Karma,Italy,6,14f15f56-b064-4c06-be86-97d9525247a1,e9cc4d38-2664-4836-aa45-3ac07cc9f7e7,Amen,2016,IT,Official
Francesco Gabbani,2017,Occidentali's Karma,Italy,6,14f15f56-b064-4c06-be86-97d9525247a1,f01e7e55-f7ea-44c0-940e-6866fb5dd0a3,Viceversa,2020-02-14,IT,Official
Francesco Gabbani,2017,Occidentali's Karma,Italy,6,14f15f56-b064-4c06-be86-97d9525247a1,f0f9ccb9-f2b0-447a-b58d-5fa75cc90fd8,Summer Funk,2026-05-08,XW,Official
Jacques Houdek,2017,My Friend,Croatia,9,c85fa836-9ade-49b2-a347-5828f5722030,09b2e43c-d0da-4053-a1b8-10d50fd1bb53,Crno I Bijelo,2008,HR,
Jacques Houdek,2017,My Friend,Croatia,9,c85fa836-9ade-49b2-a347-5828f5722030,36b07fb8-7556-48b7-8654-4500bbc40940,Najljepše ljubavne pjesme,2010,HR,Official
Jacques Houdek,2017,My Friend,Croatia,9,c85fa836-9ade-49b2-a347-5828f5722030,59d0c82b-9878-46a0-bdb9-8840e39c1cf9,Za Posebne Trenutke,2007,HR,
Jacques Houdek,2017,My Friend,Croatia,9,c85fa836-9ade-49b2-a347-5828f5722030,aed7d384-4fb7-4215-ab3c-d368ac8f4b23,Živim za to,2006,,
Jacques Houdek,2017,My Friend,Croatia,9,c85fa836-9ade-49b2-a347-5828f5722030,c2155df0-addc-49a4-b395-1488647210a0,Čarolija,2004,,Official
JOWST,2017,Grab the Moment,Norway,10,3c0d31e7-ba69-4b61-bcce-9c447d2def23,6d7b984b-509a-4e7b-9c90-62541a476a5f,Grab the Moment,2017-02-15,XW,Official
Netta,2018,Toy,Israel,1,6806600b-f824-4874-b574-f7b9a3e6cd3d,1307da13-f402-4a02-b94e-43fa67002888,Everything,2023-06-28,XW,Official
Netta,2018,Toy,Israel,1,6806600b-f824-4874-b574-f7b9a3e6cd3d,18a9f847-a83a-4f59-8681-72c1f77c999c,Playground Politica,2022-08-31,,Official
Netta,2018,Toy,Israel,1,6806600b-f824-4874-b574-f7b9a3e6cd3d,210e8cf3-b22e-420b-8264-7f4f2f9ee591,Toy (#NotYourToy remix),2020-09-04,XW,Official
Netta,2018,Toy,Israel,1,6806600b-f824-4874-b574-f7b9a3e6cd3d,394efc5b-300a-443d-9d6b-7c5b0eb0b36b,Goody Bag EP,2020-06-25,XW,Official
Netta,2018,Toy,Israel,1,6806600b-f824-4874-b574-f7b9a3e6cd3d,40601894-11a2-48fd-b144-84c4b53d2211,"The Best of Netta’s Office, Vol. 1",2020-12-18,XW,Official
Netta,2018,Toy,Israel,1,6806600b-f824-4874-b574-f7b9a3e6cd3d,40b7292b-6540-4783-b4a6-72ff7d28c8cf,סרנדה,2026-04-26,IL,Official
Netta,2018,Toy,Israel,1,6806600b-f824-4874-b574-f7b9a3e6cd3d,4b7fce27-d644-4423-a841-9839556f3406,BEG,2019-12-26,,Official
Netta,2018,Toy,Israel,1,6806600b-f824-4874-b574-f7b9a3e6cd3d,4d3e3a0f-6fec-4c49-8d2a-6d498db483d9,מתמטיקה,2022-12-20,XW,Official
Netta,2018,Toy,Israel,1,6806600b-f824-4874-b574-f7b9a3e6cd3d,505c6451-c9f1-4f96-a619-2ccb3e9c99a3,Playground Politica,2022-08-31,,Official
Netta,2018,Toy,Israel,1,6806600b-f824-4874-b574-f7b9a3e6cd3d,5732999d-fb6b-4da5-a2a3-aaf1fe5896a0,Toy (Chen Leiba remixes),2018-06-06,US,Official
Netta,2018,Toy,Israel,1,6806600b-f824-4874-b574-f7b9a3e6cd3d,576df53a-4a9a-4612-8445-e9e00980feb0,Toy,2018-03-11,XW,Official
Netta,2018,Toy,Israel,1,6806600b-f824-4874-b574-f7b9a3e6cd3d,58700cf2-6086-40cb-b53b-c54a1acfe3d0,בום,2021-03-04,XW,Official
Netta,2018,Toy,Israel,1,6806600b-f824-4874-b574-f7b9a3e6cd3d,613ddf06-96a0-41fb-9b97-4facdbc39019,Ricki Lake,2020-02-06,,Official
Netta,2018,Toy,Israel,1,6806600b-f824-4874-b574-f7b9a3e6cd3d,654a4935-517c-4d2f-bef7-a19de46327ec,מסיבה רעה,2023-02-28,XW,Official
Netta,2018,Toy,Israel,1,6806600b-f824-4874-b574-f7b9a3e6cd3d,6c25a406-016e-48eb-b93c-120b2d10d32a,CEO,2021-10-13,XW,Official
Netta,2018,Toy,Israel,1,6806600b-f824-4874-b574-f7b9a3e6cd3d,70122a2b-5320-4e2b-8c01-369cd164664a,Bassa Sababa,2019-02-01,XW,Official
Netta,2018,Toy,Israel,1,6806600b-f824-4874-b574-f7b9a3e6cd3d,73408c18-3bbd-4e02-a1be-6dd157c519c1,Goody Bag,2020-06-25,XW,Official
Netta,2018,Toy,Israel,1,6806600b-f824-4874-b574-f7b9a3e6cd3d,74528bf7-fe89-4763-8d2f-b7d659d54f57,Nana Banana,2019-05-10,XW,Official
Netta,2018,Toy,Israel,1,6806600b-f824-4874-b574-f7b9a3e6cd3d,8385d534-30a4-426f-a393-dbaef997e33f,Detonate,2025-03-13,XW,Official
Netta,2018,Toy,Israel,1,6806600b-f824-4874-b574-f7b9a3e6cd3d,88983dfc-92f7-449e-a1a2-c58054f2de03,The Times They Are a‐Changin’,2020-12-04,XW,Official
Netta,2018,Toy,Israel,1,6806600b-f824-4874-b574-f7b9a3e6cd3d,98cd842b-4cb2-42dd-908d-ead72a5edbdf,Toy (music video version),2018-06-04,US,Official
Netta,2018,Toy,Israel,1,6806600b-f824-4874-b574-f7b9a3e6cd3d,99286c14-97b7-4025-b987-e2071c164dc9,You Spin Me Round (Like a Record),2023-05-13,,Official
Netta,2018,Toy,Israel,1,6806600b-f824-4874-b574-f7b9a3e6cd3d,99c7e862-2405-4579-bbe8-7766e34b90f6,I Love My Nails,2022-04-08,,Official
Netta,2018,Toy,Israel,1,6806600b-f824-4874-b574-f7b9a3e6cd3d,a4779674-7745-4cfa-b7b5-ce3b10a5fff1,הכל עליי,2024-06-21,XW,Official
Netta,2018,Toy,Israel,1,6806600b-f824-4874-b574-f7b9a3e6cd3d,a79c0812-e9af-4563-8eb3-0d7bc6fe3aba,I Love My Nails (KC Lights remix),2022-04-29,,Official
Netta,2018,Toy,Israel,1,6806600b-f824-4874-b574-f7b9a3e6cd3d,be8b5e27-4943-470f-8532-66debbf551a1,Toy (Sagi Kariv remixes),2018-06-04,US,Official
Netta,2018,Toy,Israel,1,6806600b-f824-4874-b574-f7b9a3e6cd3d,ca5f5527-4dd8-4c34-8b2c-dd8815f03ebd,Bassa Sababa (Global Remixes),2019-04-12,AF,Official
Netta,2018,Toy,Israel,1,6806600b-f824-4874-b574-f7b9a3e6cd3d,d98ea605-eeca-48ea-98b3-7cc7ae299ccb,Moustache,2021-08-05,XW,Official
Netta,2018,Toy,Israel,1,6806600b-f824-4874-b574-f7b9a3e6cd3d,f040707b-24b1-48d7-8699-dfc3c34b960d,נתק אותי,2024-03-12,XW,Official
Netta,2018,Toy,Israel,1,6806600b-f824-4874-b574-f7b9a3e6cd3d,f9b37935-675c-4dcc-aaa9-112a65ed46b1,Toy,2018-05-23,US,Official
Netta,2018,Toy,Israel,1,6806600b-f824-4874-b574-f7b9a3e6cd3d,ff73696e-608a-4e4b-9ae1-877ba0f30284,Everything (clean version),2023-06-28,XW,Official
Cesár Sampson,2018,Nobody but You,Austria,3,679c7d2d-ad14-4b5d-958c-a63d3df0334f,c33fae27-ec68-415d-9e8c-93f6e79b6382,Nobody but You,2018-05-04,AT,Official
Michael Schulte,2018,You Let Me Walk Alone,Germany,4,5ea48d60-26c9-406c-aed3-a450bb5d8e86,094da99a-c3fa-43f7-b1c6-830f465697c2,Dreamer,2018-05-04,DE,Official
Michael Schulte,2018,You Let Me Walk Alone,Germany,4,5ea48d60-26c9-406c-aed3-a450bb5d8e86,0c69b584-4200-4dc1-9311-6f071a067cbd,Highs & Lows (Special Edition),2020,XW,Official
Michael Schulte,2018,You Let Me Walk Alone,Germany,4,5ea48d60-26c9-406c-aed3-a450bb5d8e86,0ef8be1a-27e0-4891-9876-95710fcf602b,Better Me,2023-09-15,XW,Official
Michael Schulte,2018,You Let Me Walk Alone,Germany,4,5ea48d60-26c9-406c-aed3-a450bb5d8e86,105058f3-586e-4913-810a-861588cc4bc4,If You Love Me,2024-01-12,XW,Official
Michael Schulte,2018,You Let Me Walk Alone,Germany,4,5ea48d60-26c9-406c-aed3-a450bb5d8e86,108005b0-b1e1-4d03-953f-603a32a054ab,Better Me,2023-09-15,,Official
Michael Schulte,2018,You Let Me Walk Alone,Germany,4,5ea48d60-26c9-406c-aed3-a450bb5d8e86,11e974b7-bf5f-4ca9-ab92-665b0d449b4a,Berlin Sessions,2011-12-09,,Official
Michael Schulte,2018,You Let Me Walk Alone,Germany,4,5ea48d60-26c9-406c-aed3-a450bb5d8e86,124e0030-8e23-49ba-a80c-d7c623368f62,Broken Sunshine,2024-11-01,XW,Official
Michael Schulte,2018,You Let Me Walk Alone,Germany,4,5ea48d60-26c9-406c-aed3-a450bb5d8e86,18c15356-57b3-4850-b183-750fcea7c871,Carry Me Home,2012-02-03,,Official
Michael Schulte,2018,You Let Me Walk Alone,Germany,4,5ea48d60-26c9-406c-aed3-a450bb5d8e86,19c9ebaa-d13d-406c-a697-3b248748d23c,Rock and Scissors,2014-02-21,XW,Official
Michael Schulte,2018,You Let Me Walk Alone,Germany,4,5ea48d60-26c9-406c-aed3-a450bb5d8e86,1dd169d2-5fe3-4fe1-bbaa-6e266abffc4d,Back to the Start,2019-01-25,XW,Official
Michael Schulte,2018,You Let Me Walk Alone,Germany,4,5ea48d60-26c9-406c-aed3-a450bb5d8e86,20928f9f-835f-4dd9-ac5b-d2e1f4a73a3d,Dreamer,2018-05-04,DE,Official
Michael Schulte,2018,You Let Me Walk Alone,Germany,4,5ea48d60-26c9-406c-aed3-a450bb5d8e86,24be5368-bf9c-4b6b-ae44-7a25bee7f075,Keep Me Up,2020-01-31,XW,Official
Michael Schulte,2018,You Let Me Walk Alone,Germany,4,5ea48d60-26c9-406c-aed3-a450bb5d8e86,2a9700c7-0a42-41e7-9161-a28478ba91f9,Waterfall,2023-03-24,,Official
Michael Schulte,2018,You Let Me Walk Alone,Germany,4,5ea48d60-26c9-406c-aed3-a450bb5d8e86,330ea736-00e3-45d7-af9d-a3734967ef53,Beautiful Reasons,2026-04-17,,Official
Michael Schulte,2018,You Let Me Walk Alone,Germany,4,5ea48d60-26c9-406c-aed3-a450bb5d8e86,3703d9ec-afb2-4d6b-85ef-1fb880d6699c,More to This Life,2022-10-28,XW,Official
Michael Schulte,2018,You Let Me Walk Alone,Germany,4,5ea48d60-26c9-406c-aed3-a450bb5d8e86,39fa59dd-f715-465c-864b-8c47f8279cf2,Beautiful Reason,2024-06-07,XW,Official
Michael Schulte,2018,You Let Me Walk Alone,Germany,4,5ea48d60-26c9-406c-aed3-a450bb5d8e86,3dc8c5ca-84ae-458f-ba80-ea4f177ab938,Remember Me,2023-09-29,DE,Official
Michael Schulte,2018,You Let Me Walk Alone,Germany,4,5ea48d60-26c9-406c-aed3-a450bb5d8e86,40c167cf-d00f-4a2f-8fa9-f24f7332288c,Falling Apart,2017-09-22,XW,Official
Michael Schulte,2018,You Let Me Walk Alone,Germany,4,5ea48d60-26c9-406c-aed3-a450bb5d8e86,45ab4454-6a39-41b3-9694-309df208e677,The Love You Left Behind,2018-12-14,XW,Official
Michael Schulte,2018,You Let Me Walk Alone,Germany,4,5ea48d60-26c9-406c-aed3-a450bb5d8e86,4bc31a2e-7b2b-4bb8-9767-206386de4f4d,Ohne Dich,2012-06-08,XW,Official
Michael Schulte,2018,You Let Me Walk Alone,Germany,4,5ea48d60-26c9-406c-aed3-a450bb5d8e86,556ad387-1c58-4c28-9650-9ca94f39cf66,Hold the Rhythm,2017-04-27,,Official
Michael Schulte,2018,You Let Me Walk Alone,Germany,4,5ea48d60-26c9-406c-aed3-a450bb5d8e86,58deee39-7ac6-4e7d-8a8c-2e3d487b256a,"Acoustic Cover (Live), Vol. 2",2011-07-15,IT,Official
Michael Schulte,2018,You Let Me Walk Alone,Germany,4,5ea48d60-26c9-406c-aed3-a450bb5d8e86,59e58ae1-2a07-43ef-a46a-5f08a85378be,Tears,2011-05-20,,Official
Michael Schulte,2018,You Let Me Walk Alone,Germany,4,5ea48d60-26c9-406c-aed3-a450bb5d8e86,5e8d7ec3-ef69-4cc5-aa24-ec47c2102b10,You Let Me Walk Alone,2018-02-20,,Official
Michael Schulte,2018,You Let Me Walk Alone,Germany,4,5ea48d60-26c9-406c-aed3-a450bb5d8e86,60630b3c-8350-44b1-8f29-46418c43ea19,Afterlife,2025-04-04,,Official
Michael Schulte,2018,You Let Me Walk Alone,Germany,4,5ea48d60-26c9-406c-aed3-a450bb5d8e86,6210e1e2-ba2d-420d-afe0-75a141789fcd,With You,2022-05-13,XW,Official
Michael Schulte,2018,You Let Me Walk Alone,Germany,4,5ea48d60-26c9-406c-aed3-a450bb5d8e86,6919a8f3-15c9-4c00-84b8-a2f756c1bd0e,Sophie,2017-04-21,XW,Official
Michael Schulte,2018,You Let Me Walk Alone,Germany,4,5ea48d60-26c9-406c-aed3-a450bb5d8e86,6ce11d7c-adbc-4cfe-adca-35c902b5a9ea,Thoughts,2014-05-16,DE,Official
Michael Schulte,2018,You Let Me Walk Alone,Germany,4,5ea48d60-26c9-406c-aed3-a450bb5d8e86,6d701bd7-2e33-4844-885b-fd20862659eb,End of My Days,2017-02-24,XW,Official
Michael Schulte,2018,You Let Me Walk Alone,Germany,4,5ea48d60-26c9-406c-aed3-a450bb5d8e86,6f28b76e-799c-47b0-8b91-1859cc11fff7,My Christmas Classics,2013-11-22,DE,Official
Michael Schulte,2018,You Let Me Walk Alone,Germany,4,5ea48d60-26c9-406c-aed3-a450bb5d8e86,79966ce2-38f5-49c1-89ab-bf610d5fb297,"Acoustic Cover, Vol. 1 (Live)",2011-05-06,IT,Official
Michael Schulte,2018,You Let Me Walk Alone,Germany,4,5ea48d60-26c9-406c-aed3-a450bb5d8e86,7ca9f435-da40-410d-a92e-e41a819cc898,Money on Me,2016-11-18,XW,Official
Michael Schulte,2018,You Let Me Walk Alone,Germany,4,5ea48d60-26c9-406c-aed3-a450bb5d8e86,7d3511c9-9366-4757-aaa1-90f6c9b60c78,All the Waves,2011-03-18,,Official
Michael Schulte,2018,You Let Me Walk Alone,Germany,4,5ea48d60-26c9-406c-aed3-a450bb5d8e86,7d4cb0ba-244b-41ff-817f-936e324ed069,Last Christmas,2011-07-22,,Official
Michael Schulte,2018,You Let Me Walk Alone,Germany,4,5ea48d60-26c9-406c-aed3-a450bb5d8e86,7d7a4c5d-a410-4889-b07c-3458ef32eb42,Stay,2021-03-12,XW,Official
Michael Schulte,2018,You Let Me Walk Alone,Germany,4,5ea48d60-26c9-406c-aed3-a450bb5d8e86,7f55c0a4-6d53-4fae-aea9-f04d189952ab,Remember Me,2022-01-07,XW,Official
Michael Schulte,2018,You Let Me Walk Alone,Germany,4,5ea48d60-26c9-406c-aed3-a450bb5d8e86,7faafdb4-e1da-4422-859c-1211d4eda2ff,She,2011-01-07,,Official
Michael Schulte,2018,You Let Me Walk Alone,Germany,4,5ea48d60-26c9-406c-aed3-a450bb5d8e86,87586aba-a52e-49df-8a3a-25a45e1dfe43,Dreamer,2018-05-04,,Official
Michael Schulte,2018,You Let Me Walk Alone,Germany,4,5ea48d60-26c9-406c-aed3-a450bb5d8e86,88f4f68e-3251-4ed8-ac65-d1ddb4e8bda6,With You (Piano Version),2022-06-24,XW,Official
Michael Schulte,2018,You Let Me Walk Alone,Germany,4,5ea48d60-26c9-406c-aed3-a450bb5d8e86,89b45447-5737-4a53-9643-b7861f9b0f8d,The Arising,2014,DE,Official
Michael Schulte,2018,You Let Me Walk Alone,Germany,4,5ea48d60-26c9-406c-aed3-a450bb5d8e86,913cba56-7462-46a6-bc65-04328683c5ea,5am,2026-01-09,DE,Official
Michael Schulte,2018,You Let Me Walk Alone,Germany,4,5ea48d60-26c9-406c-aed3-a450bb5d8e86,94502c06-184c-4cfb-af73-e1d570ce9e2a,Never Let You Down,2018-09-28,XW,Official
Michael Schulte,2018,You Let Me Walk Alone,Germany,4,5ea48d60-26c9-406c-aed3-a450bb5d8e86,9768fe15-03d1-4e98-9fa9-b8d9420d18e3,Don't You Worry (From The Voice Of Germany),2020-12-18,,Official
Michael Schulte,2018,You Let Me Walk Alone,Germany,4,5ea48d60-26c9-406c-aed3-a450bb5d8e86,97d8e5a5-14c8-4745-b192-716a34fe1183,Half of My Heart,2025-09-19,XW,Official
Michael Schulte,2018,You Let Me Walk Alone,Germany,4,5ea48d60-26c9-406c-aed3-a450bb5d8e86,9dbcf139-3baf-4374-b9b2-b64a3fc76187,Remember Me,2023-09-29,XW,
Michael Schulte,2018,You Let Me Walk Alone,Germany,4,5ea48d60-26c9-406c-aed3-a450bb5d8e86,9de4bc35-76a6-4341-9e1a-f8232f67d408,Waterfall,2023-03-24,,Official
Michael Schulte,2018,You Let Me Walk Alone,Germany,4,5ea48d60-26c9-406c-aed3-a450bb5d8e86,9de8dfc9-d38f-4097-b708-a5f6ba8fc7f8,Troublemaker,2024-04-12,XW,Official
Michael Schulte,2018,You Let Me Walk Alone,Germany,4,5ea48d60-26c9-406c-aed3-a450bb5d8e86,a0f73c82-bd5a-4cb4-8f8a-c1f6fd8874ed,For a Second,2020-07-31,XW,Official
Michael Schulte,2018,You Let Me Walk Alone,Germany,4,5ea48d60-26c9-406c-aed3-a450bb5d8e86,a4bd8acf-ac26-48e8-96ac-4736db9bc480,Soul Traveler,2010-10-22,XW,Official
Michael Schulte,2018,You Let Me Walk Alone,Germany,4,5ea48d60-26c9-406c-aed3-a450bb5d8e86,a62bf1da-ec84-474b-a966-19ec1528ddc7,Highs & Lows,2019-10-25,XE,Official
Michael Schulte,2018,You Let Me Walk Alone,Germany,4,5ea48d60-26c9-406c-aed3-a450bb5d8e86,abc61011-8eff-4a5c-b242-794f6921de54,Half of My Heart,2025-09-19,XW,Official
Michael Schulte,2018,You Let Me Walk Alone,Germany,4,5ea48d60-26c9-406c-aed3-a450bb5d8e86,b2e5ee45-84f3-4c5e-a0af-f644726dee3a,Jump Before We Fall,2012-09-14,XW,Official
Michael Schulte,2018,You Let Me Walk Alone,Germany,4,5ea48d60-26c9-406c-aed3-a450bb5d8e86,b58aaa29-3770-418b-922c-35ed631e50c0,My Christmas Classics,2013-11-22,,Official
Michael Schulte,2018,You Let Me Walk Alone,Germany,4,5ea48d60-26c9-406c-aed3-a450bb5d8e86,bd187537-2058-43d8-a59f-4f8018864324,All I Need,2019-08-16,XW,Official
Michael Schulte,2018,You Let Me Walk Alone,Germany,4,5ea48d60-26c9-406c-aed3-a450bb5d8e86,c23b2ae7-35b3-450c-95fc-63360d3d4c1c,Here Goes Nothing,2021-09-24,XW,Official
Michael Schulte,2018,You Let Me Walk Alone,Germany,4,5ea48d60-26c9-406c-aed3-a450bb5d8e86,c6467178-01fa-4aaa-a9b4-3556f4e7b68a,Wide Awake,2012-09-28,DE,Official
Michael Schulte,2018,You Let Me Walk Alone,Germany,4,5ea48d60-26c9-406c-aed3-a450bb5d8e86,c66586e3-59e6-48cc-b0d0-081038322256,Collide,2017-03-31,XW,Official
Michael Schulte,2018,You Let Me Walk Alone,Germany,4,5ea48d60-26c9-406c-aed3-a450bb5d8e86,c973bb03-2638-4dfb-a230-6184f85aef5f,"Acoustic Cover (Live), Vol.3",2012-07-27,IT,Official
Michael Schulte,2018,You Let Me Walk Alone,Germany,4,5ea48d60-26c9-406c-aed3-a450bb5d8e86,cac4edf2-9f24-45ac-9766-ba79f3418a49,Highs & Lows,2020-12-04,DE,Official
Michael Schulte,2018,You Let Me Walk Alone,Germany,4,5ea48d60-26c9-406c-aed3-a450bb5d8e86,d6c4f1d2-0be5-40cd-a312-abf0798cfc39,Stay (Pianoversion),2021-05-14,XW,Official
Michael Schulte,2018,You Let Me Walk Alone,Germany,4,5ea48d60-26c9-406c-aed3-a450bb5d8e86,d8c45724-889b-42ce-bd13-3332774680b2,Wrong Direction,2020-05-08,XW,Official
Michael Schulte,2018,You Let Me Walk Alone,Germany,4,5ea48d60-26c9-406c-aed3-a450bb5d8e86,dec8f41a-be1b-41ea-beb0-0e24bc8a0d9e,Grow Old With Me,2012-12-21,XW,Official
Michael Schulte,2018,You Let Me Walk Alone,Germany,4,5ea48d60-26c9-406c-aed3-a450bb5d8e86,e65e3fc4-88ed-4fdf-bc21-f5830f15ff78,Light My Fire,2014-02-14,XW,Official
Michael Schulte,2018,You Let Me Walk Alone,Germany,4,5ea48d60-26c9-406c-aed3-a450bb5d8e86,eb7f02c8-59fe-483b-b1ca-3fe36ccd7e70,Bye Bye Bye,2021-06-11,XW,Official
Michael Schulte,2018,You Let Me Walk Alone,Germany,4,5ea48d60-26c9-406c-aed3-a450bb5d8e86,f981ac0a-988e-423a-a23a-317fa4b65775,Good Times,2011-07-22,,Official
Michael Schulte,2018,You Let Me Walk Alone,Germany,4,5ea48d60-26c9-406c-aed3-a450bb5d8e86,fb580ecb-ad03-4d24-b92e-9431ca1c1df9,You Said You'd Grow Old With Me,2012,DE,Official
Mikolas Josef,2018,Lie to Me,Czech Republic,6,386d7d50-62ef-4d3b-9a4c-60ce31072775,13d68dae-e2ea-4b13-8bce-f1ccb5214d3a,Lalalalalalalalalala,2020-10-09,XW,Official
Mikolas Josef,2018,Lie to Me,Czech Republic,6,386d7d50-62ef-4d3b-9a4c-60ce31072775,36b717a2-a52d-44c2-a86c-df506edf3048,Me Gusta,2018-10-05,,Official
Mikolas Josef,2018,Lie to Me,Czech Republic,6,386d7d50-62ef-4d3b-9a4c-60ce31072775,6fa9bd13-5dac-45f7-adbd-d007bf44fdb3,Boys Don’t Cry,2023-03-23,XW,Official
Mikolas Josef,2018,Lie to Me,Czech Republic,6,386d7d50-62ef-4d3b-9a4c-60ce31072775,73ceb7dd-3a8f-4f28-86df-3d90f7efdb94,Acapella,2019-05-24,XW,Official
Mikolas Josef,2018,Lie to Me,Czech Republic,6,386d7d50-62ef-4d3b-9a4c-60ce31072775,838f0b35-a7d9-43ff-96be-4a9e63eaded3,Delilah,2023-06-09,GB,Official
Mikolas Josef,2018,Lie to Me,Czech Republic,6,386d7d50-62ef-4d3b-9a4c-60ce31072775,ca6ff47b-394d-4f78-96b2-40d4341f0754,Delilah [Short],2023-10-27,XW,Official
Mikolas Josef,2018,Lie to Me,Czech Republic,6,386d7d50-62ef-4d3b-9a4c-60ce31072775,e4d65f55-bccc-4839-a5c6-1b3463277e32,II,2025-10-24,,Official
Mikolas Josef,2018,Lie to Me,Czech Republic,6,386d7d50-62ef-4d3b-9a4c-60ce31072775,ff3a4cb7-729d-4ac2-952f-2efb44bcdd22,Colorado,2019-11-29,CZ,Official
Benjamin Ingrosso,2018,Dance You Off,Sweden,7,4c789963-4ebe-4ace-8bc0-ed325f21c276,010a9953-5029-43bb-aa4e-b5f2dd679aa9,Tror du at han bryr seg,2019-03-08,AF,Official
Benjamin Ingrosso,2018,Dance You Off,Sweden,7,4c789963-4ebe-4ace-8bc0-ed325f21c276,0474ae6e-7e2b-4d69-abc1-b6fac76137e6,Dance You Off,2018-02-24,AF,Official
Benjamin Ingrosso,2018,Dance You Off,Sweden,7,4c789963-4ebe-4ace-8bc0-ed325f21c276,05fc177e-4857-45d2-a185-2a7d7b3e56d2,Så mycket bättre: Tolkningarna 2020,2020-11-27,XW,Official
Benjamin Ingrosso,2018,Dance You Off,Sweden,7,4c789963-4ebe-4ace-8bc0-ed325f21c276,06f2371c-1a0d-4d21-b4d0-74627e66c6a7,Dance You Off (Galavant remix),2018-05-11,AF,Official
Benjamin Ingrosso,2018,Dance You Off,Sweden,7,4c789963-4ebe-4ace-8bc0-ed325f21c276,0a5e8ccb-4b47-4b6a-b1b1-fad094866399,VHS (Spotify studio It’s Hits Recording),2021-03-19,XW,Official
Benjamin Ingrosso,2018,Dance You Off,Sweden,7,4c789963-4ebe-4ace-8bc0-ed325f21c276,0ba10d19-e6c6-4353-b954-60be73dc5432,Shampoo,2020-06-12,AF,Official
Benjamin Ingrosso,2018,Dance You Off,Sweden,7,4c789963-4ebe-4ace-8bc0-ed325f21c276,0e922d73-a27b-4303-93d3-70d05dcc893a,Not Anybody’s Fault,2021-10-08,XW,Official
Benjamin Ingrosso,2018,Dance You Off,Sweden,7,4c789963-4ebe-4ace-8bc0-ed325f21c276,0f4fc5b6-15ce-45dc-a7aa-27f45f664e54,One More Time,2017-08-18,XW,Official
Benjamin Ingrosso,2018,Dance You Off,Sweden,7,4c789963-4ebe-4ace-8bc0-ed325f21c276,18c8adf6-5002-4987-933e-ceace8a1d19f,Playlist,2022-06-17,XW,Official
Benjamin Ingrosso,2018,Dance You Off,Sweden,7,4c789963-4ebe-4ace-8bc0-ed325f21c276,1d55b15f-89c2-44fa-86af-ff5a3fd1646c,Jag Är En Astronaut,2006,SE,Official
Benjamin Ingrosso,2018,Dance You Off,Sweden,7,4c789963-4ebe-4ace-8bc0-ed325f21c276,1e781dde-c081-4b5d-8341-cde006a9d7ab,Honey Boy,2024-05-17,,Official
Benjamin Ingrosso,2018,Dance You Off,Sweden,7,4c789963-4ebe-4ace-8bc0-ed325f21c276,200333dc-3bbe-4007-8357-d9455f58ccb6,Happy Thoughts,2019-05-10,XW,Official
Benjamin Ingrosso,2018,Dance You Off,Sweden,7,4c789963-4ebe-4ace-8bc0-ed325f21c276,25e961ac-1bab-4ffc-9e52-8f7cc153f944,Shampoo,2020-06-12,AF,Official
Benjamin Ingrosso,2018,Dance You Off,Sweden,7,4c789963-4ebe-4ace-8bc0-ed325f21c276,29e07048-28cb-4f4d-9f9e-3ce1feef792a,Dance You Off (LiTek remix),2018-05-04,AF,Official
Benjamin Ingrosso,2018,Dance You Off,Sweden,7,4c789963-4ebe-4ace-8bc0-ed325f21c276,2d949a82-13c1-4a43-8f8d-4bd473a3e628,Identification,2018-09-28,AF,Official
Benjamin Ingrosso,2018,Dance You Off,Sweden,7,4c789963-4ebe-4ace-8bc0-ed325f21c276,2f839808-ee01-4926-80c6-011114c519fc,Good Lovin’ (acoustic version),2017-03-24,XW,Official
Benjamin Ingrosso,2018,Dance You Off,Sweden,7,4c789963-4ebe-4ace-8bc0-ed325f21c276,2fe8ea4b-503f-4e17-8e9a-a449eba7d524,All My Life,2024-08-09,XW,Official
Benjamin Ingrosso,2018,Dance You Off,Sweden,7,4c789963-4ebe-4ace-8bc0-ed325f21c276,330417fb-cdbf-47a4-838f-0d739b6d6367,Honey Boy,2024-05-03,XW,Official
Benjamin Ingrosso,2018,Dance You Off,Sweden,7,4c789963-4ebe-4ace-8bc0-ed325f21c276,34a211e7-d23f-44a9-87e2-df1805d866fe,Better Days,2024-04-05,,Official
Benjamin Ingrosso,2018,Dance You Off,Sweden,7,4c789963-4ebe-4ace-8bc0-ed325f21c276,3e42c1d2-671b-4882-a791-95d6060a4e25,I Found You (Dimitri From Paris remix),2021-09-17,XW,Official
Benjamin Ingrosso,2018,Dance You Off,Sweden,7,4c789963-4ebe-4ace-8bc0-ed325f21c276,3fd277f5-063a-46c1-a5d4-4f71bb53e862,Smile,2021-05-21,XW,Official
Benjamin Ingrosso,2018,Dance You Off,Sweden,7,4c789963-4ebe-4ace-8bc0-ed325f21c276,456dae9b-a19b-4b2c-8be1-6534f82c5f3e,Smile (Remixes),2021-07-02,XW,Official
Benjamin Ingrosso,2018,Dance You Off,Sweden,7,4c789963-4ebe-4ace-8bc0-ed325f21c276,49429648-6e36-4b01-ba2d-4641a6298311,Honey Boy (The Sponges Remix),2024-05-31,XW,Official
Benjamin Ingrosso,2018,Dance You Off,Sweden,7,4c789963-4ebe-4ace-8bc0-ed325f21c276,4a2b32f8-80e0-4abe-8297-790f1031b06c,All Night Long (All Night),2020-07-17,AF,Official
Benjamin Ingrosso,2018,Dance You Off,Sweden,7,4c789963-4ebe-4ace-8bc0-ed325f21c276,4dbff529-d11c-4627-be6c-92260e63053c,The Dirt (Nevada remix),2020-02-07,AF,Official
Benjamin Ingrosso,2018,Dance You Off,Sweden,7,4c789963-4ebe-4ace-8bc0-ed325f21c276,4ea7cf01-1749-49fd-9bff-2c72b971beb5,Do You Think About Me,2017-05-05,XW,Official
Benjamin Ingrosso,2018,Dance You Off,Sweden,7,4c789963-4ebe-4ace-8bc0-ed325f21c276,5346c14a-2ee5-4a00-b1f3-91dc0a5d3340,Black & Blue,2022-05-20,,Official
Benjamin Ingrosso,2018,Dance You Off,Sweden,7,4c789963-4ebe-4ace-8bc0-ed325f21c276,5af4a8da-8e5b-4697-b6e9-b7d4104dec7d,Rock It (acoustic version),2019-05-10,AF,Official
Benjamin Ingrosso,2018,Dance You Off,Sweden,7,4c789963-4ebe-4ace-8bc0-ed325f21c276,61002729-2760-4b74-801d-8e3c35cf4842,Kite,2024-03-22,XW,Official
Benjamin Ingrosso,2018,Dance You Off,Sweden,7,4c789963-4ebe-4ace-8bc0-ed325f21c276,656fcfa5-6534-4749-bf04-2565e0d1e922,Track by Track Commentary: Benjamin Ingrosso on Pink Velvet Theatre,2024-12-09,,Official
Benjamin Ingrosso,2018,Dance You Off,Sweden,7,4c789963-4ebe-4ace-8bc0-ed325f21c276,6827986f-0ae2-467b-bd1f-147f20a691b4,The Dirt (The Remixes),2020-02-21,AF,Official
Benjamin Ingrosso,2018,Dance You Off,Sweden,7,4c789963-4ebe-4ace-8bc0-ed325f21c276,6f737ac6-3fa7-4b8f-aa4e-39540323e5d4,Pink Velvet Theatre,2024-10-25,,Official
Benjamin Ingrosso,2018,Dance You Off,Sweden,7,4c789963-4ebe-4ace-8bc0-ed325f21c276,7167fa12-bbfc-4b0d-899d-a11878a5334c,Black & Blue (Late Nine remix) (extended version),2022-06-24,,Official
Benjamin Ingrosso,2018,Dance You Off,Sweden,7,4c789963-4ebe-4ace-8bc0-ed325f21c276,73081f76-1ed2-48cb-9a4a-a0160f3c0a78,Smile (additional versions),2021-07-16,XW,Official
Benjamin Ingrosso,2018,Dance You Off,Sweden,7,4c789963-4ebe-4ace-8bc0-ed325f21c276,7606a935-e1de-41f0-9481-8c787199a3ca,The Dirt,2020-01-17,AI,Official
Benjamin Ingrosso,2018,Dance You Off,Sweden,7,4c789963-4ebe-4ace-8bc0-ed325f21c276,82409433-fed6-46eb-b5fc-a981069af64d,Shampoo,2020-06-12,DZ,Official
Benjamin Ingrosso,2018,Dance You Off,Sweden,7,4c789963-4ebe-4ace-8bc0-ed325f21c276,845a0c27-9ba9-4f74-94bb-faa8d4a7215f,Do You Think About Me (Galavant remix),2017-07-14,XW,Official
Benjamin Ingrosso,2018,Dance You Off,Sweden,7,4c789963-4ebe-4ace-8bc0-ed325f21c276,93f9dff7-4290-4c92-90f8-7429219a185f,En dag när du blir stor,2021-11-26,XW,Official
Benjamin Ingrosso,2018,Dance You Off,Sweden,7,4c789963-4ebe-4ace-8bc0-ed325f21c276,945639f5-61a2-48ce-8849-e08305fed509,Good Lovin’,2017-02-25,XW,Official
Benjamin Ingrosso,2018,Dance You Off,Sweden,7,4c789963-4ebe-4ace-8bc0-ed325f21c276,9dd69d5a-693e-4ac3-a256-d3a9cfcb1118,En gång i tiden (del 2),2021-04-16,XW,Official
Benjamin Ingrosso,2018,Dance You Off,Sweden,7,4c789963-4ebe-4ace-8bc0-ed325f21c276,a08457e9-4b67-4416-9e74-a2653bfb4e1e,Paradise (acoustic),2018-12-14,AF,Official
Benjamin Ingrosso,2018,Dance You Off,Sweden,7,4c789963-4ebe-4ace-8bc0-ed325f21c276,a0c9bc3a-3de9-49e2-85a4-fe47244931cb,Crystal Clear,2015-11-20,XW,Official
Benjamin Ingrosso,2018,Dance You Off,Sweden,7,4c789963-4ebe-4ace-8bc0-ed325f21c276,a0f5c71e-8a89-428b-a249-9af82afd98bd,Black & Blue (Late Nine remix),2022-06-24,,Official
Benjamin Ingrosso,2018,Dance You Off,Sweden,7,4c789963-4ebe-4ace-8bc0-ed325f21c276,a2fc0d29-9422-483a-b230-cbed7a4c3ff2,Komma över dig,2022-05-06,,Official
Benjamin Ingrosso,2018,Dance You Off,Sweden,7,4c789963-4ebe-4ace-8bc0-ed325f21c276,a39f103c-d823-474d-88dd-14a0d67530fa,Kite,2024-03-22,,Official
Benjamin Ingrosso,2018,Dance You Off,Sweden,7,4c789963-4ebe-4ace-8bc0-ed325f21c276,a3d295b8-1f5f-413f-8451-7bf1c2cf4752,I Found You,2021-07-30,XW,Official
Benjamin Ingrosso,2018,Dance You Off,Sweden,7,4c789963-4ebe-4ace-8bc0-ed325f21c276,a759fbba-9bc5-4ac6-af35-9a4c43e6adb4,Home for Christmas,2015-12-04,XW,Official
Benjamin Ingrosso,2018,Dance You Off,Sweden,7,4c789963-4ebe-4ace-8bc0-ed325f21c276,a81e55e7-2db2-4fe4-9ba0-26a3a8b9e94a,Costa Rica,2019-07-12,XW,Official
Benjamin Ingrosso,2018,Dance You Off,Sweden,7,4c789963-4ebe-4ace-8bc0-ed325f21c276,aaae134a-e036-42db-bbae-36c0e81ab7f2,En gång i tiden,2021-10-22,,Official
Benjamin Ingrosso,2018,Dance You Off,Sweden,7,4c789963-4ebe-4ace-8bc0-ed325f21c276,ade88a01-18c5-4d5d-af86-d3bb49491792,Shampoo (alternative versions),2020-09-25,AL,Official
Benjamin Ingrosso,2018,Dance You Off,Sweden,7,4c789963-4ebe-4ace-8bc0-ed325f21c276,ae1ce75c-3497-4fb2-a79f-cd00e10e9866,Identification,2018-09-28,SE,Official
Benjamin Ingrosso,2018,Dance You Off,Sweden,7,4c789963-4ebe-4ace-8bc0-ed325f21c276,af40d2ab-0ff5-4bc8-89d0-5c8c6c7f4f49,I Found You (Myd remix),2021-09-03,XW,Official
Benjamin Ingrosso,2018,Dance You Off,Sweden,7,4c789963-4ebe-4ace-8bc0-ed325f21c276,b1172ef3-1f4f-4678-b5e8-e849ad91bce7,Dance You Off,2018-05-18,AF,Official
Benjamin Ingrosso,2018,Dance You Off,Sweden,7,4c789963-4ebe-4ace-8bc0-ed325f21c276,b563942f-a197-4833-a3e8-d19f3649bdf0,The Dirt (Younotus remix),2020-01-31,AF,Official
Benjamin Ingrosso,2018,Dance You Off,Sweden,7,4c789963-4ebe-4ace-8bc0-ed325f21c276,b837a635-da29-4c84-9e94-8897f8bdda38,To Love Somebody,2023-04-20,XW,Official
Benjamin Ingrosso,2018,Dance You Off,Sweden,7,4c789963-4ebe-4ace-8bc0-ed325f21c276,bc1c641d-76c9-49e9-9020-c84b0a5f6ff3,Black & Blue,2022-05-20,AF,Official
Benjamin Ingrosso,2018,Dance You Off,Sweden,7,4c789963-4ebe-4ace-8bc0-ed325f21c276,bc6afa4d-0acc-4bd0-9ff9-f6367a3504bf,Vilja bli,2023-04-27,XW,Official
Benjamin Ingrosso,2018,Dance You Off,Sweden,7,4c789963-4ebe-4ace-8bc0-ed325f21c276,c4ad8ce3-93c0-4e8f-89d2-986dc78db05e,Behave (remix),2018-12-14,AF,Official
Benjamin Ingrosso,2018,Dance You Off,Sweden,7,4c789963-4ebe-4ace-8bc0-ed325f21c276,c7dbeb34-3e9b-43bb-be09-5f7c00d701f9,Paradise,2018-08-24,XW,Official
Benjamin Ingrosso,2018,Dance You Off,Sweden,7,4c789963-4ebe-4ace-8bc0-ed325f21c276,ca5eb482-6a0e-4c0e-8a98-2f70789ac5ab,Flickan på min gata,2021-01-11,XW,Official
Benjamin Ingrosso,2018,Dance You Off,Sweden,7,4c789963-4ebe-4ace-8bc0-ed325f21c276,cc99f8c9-e148-4974-bba2-cdf2435b5fc8,Live at Konserthuset Stockholm,2022-12-30,XW,Official
Benjamin Ingrosso,2018,Dance You Off,Sweden,7,4c789963-4ebe-4ace-8bc0-ed325f21c276,cd79ea2b-9c99-49f2-83c5-3ac82205c244,Look Who’s Laughing Now,2024-06-14,XW,Official
Benjamin Ingrosso,2018,Dance You Off,Sweden,7,4c789963-4ebe-4ace-8bc0-ed325f21c276,d04c9b85-09e9-4607-ba00-72d3d8ffdf2f,Fall in Love,2015-10-09,AF,Official
Benjamin Ingrosso,2018,Dance You Off,Sweden,7,4c789963-4ebe-4ace-8bc0-ed325f21c276,d4525b12-3b63-4ff8-90e2-d9f86c4dd307,The Dirt,2020-01-17,DZ,Official
Benjamin Ingrosso,2018,Dance You Off,Sweden,7,4c789963-4ebe-4ace-8bc0-ed325f21c276,d64f7a35-4c4f-42f9-992c-9cbc547d3253,Spotify Singles,2019-03-15,DZ,Official
Benjamin Ingrosso,2018,Dance You Off,Sweden,7,4c789963-4ebe-4ace-8bc0-ed325f21c276,d73e9320-406e-4135-a657-83fcaf1dba17,En gång i tiden,2021-01-15,XW,Official
Benjamin Ingrosso,2018,Dance You Off,Sweden,7,4c789963-4ebe-4ace-8bc0-ed325f21c276,d74b3bb5-0ea1-4cc6-a249-71a1ce3761a2,All Night Long (All Night),2020-07-17,DZ,Official
Benjamin Ingrosso,2018,Dance You Off,Sweden,7,4c789963-4ebe-4ace-8bc0-ed325f21c276,dbaeb741-f372-4822-851b-880c4e63dedc,Kite,2024-01-26,SE,Official
Benjamin Ingrosso,2018,Dance You Off,Sweden,7,4c789963-4ebe-4ace-8bc0-ed325f21c276,e2d00f78-7799-4e8d-9397-90f49d871282,Fall in Love,2015-10-09,XW,Official
Benjamin Ingrosso,2018,Dance You Off,Sweden,7,4c789963-4ebe-4ace-8bc0-ed325f21c276,f0d220f0-3470-4df8-9062-15e1ca57f8fc,I Wouldn’t Know,2018-07-27,AF,Official
Benjamin Ingrosso,2018,Dance You Off,Sweden,7,4c789963-4ebe-4ace-8bc0-ed325f21c276,f1639068-0dd0-4c5f-902b-0490661dc273,Tror du att han bryr sig,2018-05-18,XW,Official
Benjamin Ingrosso,2018,Dance You Off,Sweden,7,4c789963-4ebe-4ace-8bc0-ed325f21c276,f3f43b40-59a2-4172-a5ce-7baaf4c29c00,La Incondicional (From Benjamin's),2022-04-19,XW,Official
Benjamin Ingrosso,2018,Dance You Off,Sweden,7,4c789963-4ebe-4ace-8bc0-ed325f21c276,f4c20f19-627c-4464-90cd-28a88a7b5b09,The Dirt (Osrin remix),2020-02-14,AF,Official
Benjamin Ingrosso,2018,Dance You Off,Sweden,7,4c789963-4ebe-4ace-8bc0-ed325f21c276,f7fea9f5-4bd8-4506-9ed8-1bfde2d86b6d,Pink Velvet Theatre,2024-10-25,,Official
Benjamin Ingrosso,2018,Dance You Off,Sweden,7,4c789963-4ebe-4ace-8bc0-ed325f21c276,fc32428a-7228-4a97-a7b6-45fe9f803a6c,Love You Again,2016-06-10,XW,Official
Benjamin Ingrosso,2018,Dance You Off,Sweden,7,4c789963-4ebe-4ace-8bc0-ed325f21c276,fe12148a-9304-4598-a3a8-d3016c345281,Kite (remixes),2024-04-26,XW,Official
Benjamin Ingrosso,2018,Dance You Off,Sweden,7,4c789963-4ebe-4ace-8bc0-ed325f21c276,ffbb1a41-ae6a-4d08-998c-65f7583b0aca,Paradise (Remixes),2018-11-23,AF,Official
Rasmussen,2018,Higher Ground,Denmark,9,b5d21ec9-43cd-4b1e-ac9f-4de2115b522d,0bc3034f-5449-4500-865b-623bd4ee3c31,Split,2006-10,US,Official
Rasmussen,2018,Higher Ground,Denmark,9,b5d21ec9-43cd-4b1e-ac9f-4de2115b522d,494831aa-09f1-4b58-8c7f-25c1f677034b,You,2010-10-08,,Official
Rasmussen,2018,Higher Ground,Denmark,9,b5d21ec9-43cd-4b1e-ac9f-4de2115b522d,4d2b6d5b-0d7c-44df-a8e8-bd1189e5a1e0,5ths,2009-02-12,AU,Official
Rasmussen,2018,Higher Ground,Denmark,9,b5d21ec9-43cd-4b1e-ac9f-4de2115b522d,cc3fd196-7f77-404f-9e09-165d12419a5f,Meer,2016-11-28,DE,Official
DoReDoS,2018,My Lucky Day,Moldova,10,100d271b-e15e-47ee-95ea-f7fb1796e8b4,be39e896-8886-4c01-aa9b-fe9271104b6c,My Lucky Day,2018-04-06,,Official
DoReDoS,2018,My Lucky Day,Moldova,10,100d271b-e15e-47ee-95ea-f7fb1796e8b4,f73e398f-313e-4a07-bd6b-046a25126127,My Lucky Day,2024-01-12,XW,Official
Duncan Laurence,2019,Arcade,Netherlands,1,20faff08-d3b7-45ca-a8aa-a85f6bb9eb78,00d59167-dd08-42aa-8e4a-ecb90170042a,Love Don’t Hate It,2019-10-23,XW,Official
Duncan Laurence,2019,Arcade,Netherlands,1,20faff08-d3b7-45ca-a8aa-a85f6bb9eb78,036fcfcd-32f4-4657-ba7d-bc1c182cfc54,Worlds On Fire,2020-05-13,XW,Official
Duncan Laurence,2019,Arcade,Netherlands,1,20faff08-d3b7-45ca-a8aa-a85f6bb9eb78,0bd69c88-fc7f-47a2-b140-18af98d67ce9,SKYBOY (THE HOLLYWOOD SESSION),2023-11-17,,Official
Duncan Laurence,2019,Arcade,Netherlands,1,20faff08-d3b7-45ca-a8aa-a85f6bb9eb78,168576fd-023f-4377-b593-5e83cdea7e33,Small Town Boy,2020-11-13,XW,Official
Duncan Laurence,2019,Arcade,Netherlands,1,20faff08-d3b7-45ca-a8aa-a85f6bb9eb78,1f9a8940-7fae-4604-a3d6-8b180c04fd96,Someone Else (acoustic version),2020-09-04,XW,Official
Duncan Laurence,2019,Arcade,Netherlands,1,20faff08-d3b7-45ca-a8aa-a85f6bb9eb78,264ccdb9-4e4a-4a68-8dc7-80c4d9864521,Feel Something (Sammy Porter remix),2021-02-12,,Official
Duncan Laurence,2019,Arcade,Netherlands,1,20faff08-d3b7-45ca-a8aa-a85f6bb9eb78,2699a6c0-01c8-4e86-961a-618822fedc65,Last Night,2020-10-01,XW,Official
Duncan Laurence,2019,Arcade,Netherlands,1,20faff08-d3b7-45ca-a8aa-a85f6bb9eb78,2c7d508a-fcdf-4311-b26a-30745266ab70,Small Town Boy,2021-05-21,XW,Official
Duncan Laurence,2019,Arcade,Netherlands,1,20faff08-d3b7-45ca-a8aa-a85f6bb9eb78,2ef5cba0-0ad8-4a0d-b351-12bf750f67a8,WDIA (Would Do It Again),2022-10-21,AF,Official
Duncan Laurence,2019,Arcade,Netherlands,1,20faff08-d3b7-45ca-a8aa-a85f6bb9eb78,32423ac6-abaf-4351-aafc-4fafb00bd8dc,Small Town Boy in a Big Arcade,2021-02-26,XW,Official
Duncan Laurence,2019,Arcade,Netherlands,1,20faff08-d3b7-45ca-a8aa-a85f6bb9eb78,379fed48-a76d-4330-bc54-5fead01623d6,Arcade,2019-03-07,XW,Official
Duncan Laurence,2019,Arcade,Netherlands,1,20faff08-d3b7-45ca-a8aa-a85f6bb9eb78,405bf9f2-554a-4811-a525-24723a66c5c5,Small Town Boy in a Big Arcade,2021-02-26,XW,Official
Duncan Laurence,2019,Arcade,Netherlands,1,20faff08-d3b7-45ca-a8aa-a85f6bb9eb78,4584153b-8a31-4b48-a5ef-30803e5fb072,Skyboy,2023-03-08,,Official
Duncan Laurence,2019,Arcade,Netherlands,1,20faff08-d3b7-45ca-a8aa-a85f6bb9eb78,499c00e7-cbd6-45ba-b0cd-03292480a7f3,Feel Something,2020-11-06,AT,Official
Duncan Laurence,2019,Arcade,Netherlands,1,20faff08-d3b7-45ca-a8aa-a85f6bb9eb78,4c93687b-3938-4ecb-8312-dfa94c8541d9,Feel Your Love (Rapture),2024-08-23,XW,Official
Duncan Laurence,2019,Arcade,Netherlands,1,20faff08-d3b7-45ca-a8aa-a85f6bb9eb78,55e73223-a138-4f3c-89a4-a9a0af2b7eca,Feel Something,2020-11-06,CA,Official
Duncan Laurence,2019,Arcade,Netherlands,1,20faff08-d3b7-45ca-a8aa-a85f6bb9eb78,577bc849-4176-496a-b369-98572426550d,Feel Something,2020-11-06,XW,Official
Duncan Laurence,2019,Arcade,Netherlands,1,20faff08-d3b7-45ca-a8aa-a85f6bb9eb78,59c8c1ca-1cf1-42cb-9e9c-a12bf4faad1f,Loving You Is a Losing Game,2020-11-23,XW,Official
Duncan Laurence,2019,Arcade,Netherlands,1,20faff08-d3b7-45ca-a8aa-a85f6bb9eb78,5db8381a-0e73-40ab-a833-15b5803e4d2c,Feel Something,2020-11-06,BE,Official
Duncan Laurence,2019,Arcade,Netherlands,1,20faff08-d3b7-45ca-a8aa-a85f6bb9eb78,6a18ebd4-663e-4359-95a7-f34ac8d7adca,Arcade,2020-11-27,XW,Official
Duncan Laurence,2019,Arcade,Netherlands,1,20faff08-d3b7-45ca-a8aa-a85f6bb9eb78,774faebf-5098-4c59-af7b-a5b56857b5b6,Small Town Boy,2020-11-13,XW,Official
Duncan Laurence,2019,Arcade,Netherlands,1,20faff08-d3b7-45ca-a8aa-a85f6bb9eb78,78803dca-2f06-4125-8c35-7f46beeea38e,Feel Something,2020-11-06,AT,Official
Duncan Laurence,2019,Arcade,Netherlands,1,20faff08-d3b7-45ca-a8aa-a85f6bb9eb78,7d98f01e-d445-408a-8547-b5f9e7057011,Feel Something (Sammy Porter remix),2021-03-11,BE,Official
Duncan Laurence,2019,Arcade,Netherlands,1,20faff08-d3b7-45ca-a8aa-a85f6bb9eb78,7dedc6b9-bc7f-47d5-8bf4-56c6578c55a4,Rest in Peace,2023-08-25,,Official
Duncan Laurence,2019,Arcade,Netherlands,1,20faff08-d3b7-45ca-a8aa-a85f6bb9eb78,81bb50d4-e0c6-4e7d-8fc4-97b0ad9dbbc0,You'll Never Walk Alone,2023-05-14,XW,
Duncan Laurence,2019,Arcade,Netherlands,1,20faff08-d3b7-45ca-a8aa-a85f6bb9eb78,8a529b9c-c8dc-4b14-85b2-8bd4ef7ecf68,choking on my words,2025-02-14,XW,Official
Duncan Laurence,2019,Arcade,Netherlands,1,20faff08-d3b7-45ca-a8aa-a85f6bb9eb78,90c72736-c7e4-4e77-8f04-ca5b873e5e10,Feel Something (Tom Staar remix),2021-02-04,BE,Official
Duncan Laurence,2019,Arcade,Netherlands,1,20faff08-d3b7-45ca-a8aa-a85f6bb9eb78,964f59d4-8374-4082-a34b-63e8e553ba70,Rest in Peace,2023-08-25,,Official
Duncan Laurence,2019,Arcade,Netherlands,1,20faff08-d3b7-45ca-a8aa-a85f6bb9eb78,97322594-0ff0-43cf-b70f-d4f5d5cc58c1,I Do,2023-09-02,XW,Official
Duncan Laurence,2019,Arcade,Netherlands,1,20faff08-d3b7-45ca-a8aa-a85f6bb9eb78,a6e2ec9b-dd54-49c4-842c-ad0df5a306e0,Small Town Boy,2020-11-13,XW,Official
Duncan Laurence,2019,Arcade,Netherlands,1,20faff08-d3b7-45ca-a8aa-a85f6bb9eb78,ac922979-164a-43bd-ad78-8c73cbf31876,Feel Something (Tom Staar remix),2021-01-08,BE,Official
Duncan Laurence,2019,Arcade,Netherlands,1,20faff08-d3b7-45ca-a8aa-a85f6bb9eb78,b01340cf-66ce-4543-9cfc-2e380d7e3f5b,Anything,2023-08-18,,Official
Duncan Laurence,2019,Arcade,Netherlands,1,20faff08-d3b7-45ca-a8aa-a85f6bb9eb78,b01d49f7-7a96-49a5-8f7b-7a0c551648f1,Arcade,2020-11-27,XW,Official
Duncan Laurence,2019,Arcade,Netherlands,1,20faff08-d3b7-45ca-a8aa-a85f6bb9eb78,bab5a951-9063-42cf-94b4-d30dbdf09964,Arcade (Sam Feldt remix),2021-04-23,XW,Official
Duncan Laurence,2019,Arcade,Netherlands,1,20faff08-d3b7-45ca-a8aa-a85f6bb9eb78,bcaa5270-3884-4536-935c-0823597cc7cb,Electric Life,2022-08-03,,Official
Duncan Laurence,2019,Arcade,Netherlands,1,20faff08-d3b7-45ca-a8aa-a85f6bb9eb78,c0960946-0575-4641-9d2d-b3ff8d6d27ba,Arcade (acoustic version),2019-07-19,XW,Official
Duncan Laurence,2019,Arcade,Netherlands,1,20faff08-d3b7-45ca-a8aa-a85f6bb9eb78,c86e56ce-9c61-44a7-acf0-5a11afda4d10,Skyboy,2023-09-22,,Official
Duncan Laurence,2019,Arcade,Netherlands,1,20faff08-d3b7-45ca-a8aa-a85f6bb9eb78,d0b487dc-c120-4e78-bdfc-5342012b966a,Small Town Boy,2020-11-27,XW,Official
Duncan Laurence,2019,Arcade,Netherlands,1,20faff08-d3b7-45ca-a8aa-a85f6bb9eb78,d2a715de-918a-4121-ac18-871fc1881989,Small Town Boy,2021-05-21,XW,Official
Duncan Laurence,2019,Arcade,Netherlands,1,20faff08-d3b7-45ca-a8aa-a85f6bb9eb78,d2b53576-6b39-4b56-946c-453e6f8be5fb,Electric Life,2022-08-03,,Official
Duncan Laurence,2019,Arcade,Netherlands,1,20faff08-d3b7-45ca-a8aa-a85f6bb9eb78,dfc79a74-0c69-43b5-84c4-d0cbc33b2d15,Arcade (Sam Feldt remix),2021-04-23,XW,Official
Duncan Laurence,2019,Arcade,Netherlands,1,20faff08-d3b7-45ca-a8aa-a85f6bb9eb78,e15c57d1-3f56-4d12-8161-2bd168c5e084,Small Town Boy,2020-11-13,XW,Official
Duncan Laurence,2019,Arcade,Netherlands,1,20faff08-d3b7-45ca-a8aa-a85f6bb9eb78,ef928fde-bfff-4e93-96ef-8c6f33fbb8a3,Feel Something (Sammy Porter remix),2021-02-12,,Official
Duncan Laurence,2019,Arcade,Netherlands,1,20faff08-d3b7-45ca-a8aa-a85f6bb9eb78,f1070c8c-b871-48f2-914a-62aa6d92bbbd,Small Town Boy,2020,NL,Official
Duncan Laurence,2019,Arcade,Netherlands,1,20faff08-d3b7-45ca-a8aa-a85f6bb9eb78,f5fbb178-20e0-4564-bf49-c46072db0b29,Wishes Come True,2021-11-26,XW,Official
Mahmood,2019,Soldi,Italy,2,ecd032cc-19c8-4a05-902c-e539d3bc75fd,00aeb96d-1b1a-4c6c-9a17-d83a2df2085a,Soldi (Benny Benassi RMX),2019-03-08,IT,Official
Mahmood,2019,Soldi,Italy,2,ecd032cc-19c8-4a05-902c-e539d3bc75fd,10971be5-c5db-4e9e-b4c0-3538b6bb6fd8,Rapide (acoustic version),2020-04-12,XW,Official
Mahmood,2019,Soldi,Italy,2,ecd032cc-19c8-4a05-902c-e539d3bc75fd,16ea5a9a-c699-4194-949b-95850fc35ca0,Soldi,2019-05-10,IT,Official
Mahmood,2019,Soldi,Italy,2,ecd032cc-19c8-4a05-902c-e539d3bc75fd,1eec50a2-cc2e-49a3-a7f6-9376e20ef5cd,Pesos,2017-07-14,,Official
Mahmood,2019,Soldi,Italy,2,ecd032cc-19c8-4a05-902c-e539d3bc75fd,223f1ebe-e9d5-4ccf-b05a-e1dd04f00d87,Bel Air,2022-03-10,,Official
Mahmood,2019,Soldi,Italy,2,ecd032cc-19c8-4a05-902c-e539d3bc75fd,31dad361-e974-4473-83e1-edb1736fe924,Moonlight Popolare,2020-05-22,XW,Official
Mahmood,2019,Soldi,Italy,2,ecd032cc-19c8-4a05-902c-e539d3bc75fd,335ff1ec-912b-4cd6-8a91-97a13f164290,Ghettolimpo,2021-06-10,XW,Official
Mahmood,2019,Soldi,Italy,2,ecd032cc-19c8-4a05-902c-e539d3bc75fd,33f8dfdb-566c-43f5-9e91-2717cfd5e807,Gioventù bruciata,2019-02-22,XW,Official
Mahmood,2019,Soldi,Italy,2,ecd032cc-19c8-4a05-902c-e539d3bc75fd,3a24508e-cb06-41e6-a9e1-d3f7e8102d5d,Ghettolimpo,2021-06-10,XW,Official
Mahmood,2019,Soldi,Italy,2,ecd032cc-19c8-4a05-902c-e539d3bc75fd,420923c7-279a-408b-871a-054acf50b160,Barrio,2019-08-30,XW,Official
Mahmood,2019,Soldi,Italy,2,ecd032cc-19c8-4a05-902c-e539d3bc75fd,574702f5-9218-4bc4-8331-f7ad2ae88d45,Ghettolimpo,2021-06-11,IT,Official
Mahmood,2019,Soldi,Italy,2,ecd032cc-19c8-4a05-902c-e539d3bc75fd,589ae4c8-2a46-4d59-9457-b7117b16d9d8,Milano Good Vibes,2018-08-31,IT,Official
Mahmood,2019,Soldi,Italy,2,ecd032cc-19c8-4a05-902c-e539d3bc75fd,59b8795c-8519-48dc-bc2f-34f25cddc32a,Soldi,2019-02-06,IT,Official
Mahmood,2019,Soldi,Italy,2,ecd032cc-19c8-4a05-902c-e539d3bc75fd,5b229665-f6cf-43df-aee5-ed473dd5fe73,Brividi,2022-02-02,XW,Official
Mahmood,2019,Soldi,Italy,2,ecd032cc-19c8-4a05-902c-e539d3bc75fd,5bf9497c-8fa6-4374-97ba-6feee3915d71,Gioventù bruciata,2018-11-30,IT,Official
Mahmood,2019,Soldi,Italy,2,ecd032cc-19c8-4a05-902c-e539d3bc75fd,5df18829-7699-41af-acde-829a93328f48,Gioventù bruciata,2019-02-22,XW,Official
Mahmood,2019,Soldi,Italy,2,ecd032cc-19c8-4a05-902c-e539d3bc75fd,6a1578ca-dd75-4ce7-aa25-505a542a6032,Calipso,2019-04-26,IT,Official
Mahmood,2019,Soldi,Italy,2,ecd032cc-19c8-4a05-902c-e539d3bc75fd,6a7710e7-a16f-47d6-886f-690f8d335a6c,Rapide,2020-01-16,XW,Official
Mahmood,2019,Soldi,Italy,2,ecd032cc-19c8-4a05-902c-e539d3bc75fd,6d32022e-abfe-449b-8e4c-76b8c95dfeee,Uramaki,2018-04-27,IT,Official
Mahmood,2019,Soldi,Italy,2,ecd032cc-19c8-4a05-902c-e539d3bc75fd,6e614d5c-e916-41da-bd14-f42a912f9da0,COCKTAIL D’AMORE,2023-11-02,,Official
Mahmood,2019,Soldi,Italy,2,ecd032cc-19c8-4a05-902c-e539d3bc75fd,70ea5d0f-b803-4c93-8067-20ce03b36470,Soldi,2019-05-10,DZ,Official
Mahmood,2019,Soldi,Italy,2,ecd032cc-19c8-4a05-902c-e539d3bc75fd,72644f55-e192-4ff9-a3e4-41e77508333f,Gioventù bruciata,2018-09-21,IT,Official
Mahmood,2019,Soldi,Italy,2,ecd032cc-19c8-4a05-902c-e539d3bc75fd,7402e3fa-799f-49cf-b350-492e9cf96c91,NEI LETTI DEGLI ALTRI,2024-02-16,XW,Official
Mahmood,2019,Soldi,Italy,2,ecd032cc-19c8-4a05-902c-e539d3bc75fd,7de2418f-3e01-49b5-b4d5-bb619236c919,Soldi (Denis First RMX),2019-03-15,IT,Official
Mahmood,2019,Soldi,Italy,2,ecd032cc-19c8-4a05-902c-e539d3bc75fd,88356621-6ebe-436a-8d9c-3948045c34eb,Barrio,2019-09-02,XW,Official
Mahmood,2019,Soldi,Italy,2,ecd032cc-19c8-4a05-902c-e539d3bc75fd,8ed489e8-885b-45a1-b2cf-b223a505ea64,Tuta gold,2024-02-07,XW,Official
Mahmood,2019,Soldi,Italy,2,ecd032cc-19c8-4a05-902c-e539d3bc75fd,9aa69318-3d8a-446e-8dcc-2b4ace12540b,Soldi (Vigiland RMX),2019-03-22,IT,Official
Mahmood,2019,Soldi,Italy,2,ecd032cc-19c8-4a05-902c-e539d3bc75fd,a4ca7f01-e621-4bc9-bf84-ed93b1d14ec2,Gioventù bruciata,2019-02-22,IT,Official
Mahmood,2019,Soldi,Italy,2,ecd032cc-19c8-4a05-902c-e539d3bc75fd,a7335d68-a306-4930-9856-ca86d78e76ee,Moonlight popolare,2020-05-14,XW,Official
Mahmood,2019,Soldi,Italy,2,ecd032cc-19c8-4a05-902c-e539d3bc75fd,a7bf4f6c-b5e5-492a-ace0-d25d0be0d776,RA TA TA,2024-06-13,,Official
Mahmood,2019,Soldi,Italy,2,ecd032cc-19c8-4a05-902c-e539d3bc75fd,ae9b58bd-f85e-47c5-a545-ee8c7400b46d,Gioventù bruciata,2019-02-06,IT,Official
Mahmood,2019,Soldi,Italy,2,ecd032cc-19c8-4a05-902c-e539d3bc75fd,afe8c12b-e774-4a55-9872-307645b26b44,Dorado,2020-07-09,IT,Official
Mahmood,2019,Soldi,Italy,2,ecd032cc-19c8-4a05-902c-e539d3bc75fd,b2654c9f-9530-4fd4-bee5-d5039678dc8e,Moonlight popolare,2020-05-14,,Official
Mahmood,2019,Soldi,Italy,2,ecd032cc-19c8-4a05-902c-e539d3bc75fd,b3fd12ea-0f3b-4ffc-80a2-a53a8d491fcf,Rubini,2021-08-27,,Official
Mahmood,2019,Soldi,Italy,2,ecd032cc-19c8-4a05-902c-e539d3bc75fd,b514c950-483d-4c2c-a8fd-43d9fa738ca5,Bel Air,2022-03-10,XW,Official
Mahmood,2019,Soldi,Italy,2,ecd032cc-19c8-4a05-902c-e539d3bc75fd,b6079497-11b0-4bac-8f87-619fb37d5d2a,Brividi (MEDUZA remix),2022-05-13,XW,Official
Mahmood,2019,Soldi,Italy,2,ecd032cc-19c8-4a05-902c-e539d3bc75fd,c139ecc8-c5ad-4a88-8d8e-2caf3c0850b2,NEI LETTI DEGLI ALTRI,2024-03-08,IT,Official
Mahmood,2019,Soldi,Italy,2,ecd032cc-19c8-4a05-902c-e539d3bc75fd,c3387513-b620-43a5-961d-2fde4c660a59,Pesos,2017-07-14,,Official
Mahmood,2019,Soldi,Italy,2,ecd032cc-19c8-4a05-902c-e539d3bc75fd,cdc01e2b-4ef5-4176-be65-3baf0723c54e,Gioventù bruciata,2019-02-22,XW,Official
Mahmood,2019,Soldi,Italy,2,ecd032cc-19c8-4a05-902c-e539d3bc75fd,cf2099c3-4f57-41b2-a2c1-b0ccc9105aae,Tuta gold,2024-02-07,XW,Official
Mahmood,2019,Soldi,Italy,2,ecd032cc-19c8-4a05-902c-e539d3bc75fd,d74e0896-4b26-49f5-bf1c-e4a0e409e6f3,Luna,2017-06-21,IT,Official
Mahmood,2019,Soldi,Italy,2,ecd032cc-19c8-4a05-902c-e539d3bc75fd,de46dd02-e3da-419a-9888-3a75103fc17e,Soldi,2019-05-10,IT,Official
Mahmood,2019,Soldi,Italy,2,ecd032cc-19c8-4a05-902c-e539d3bc75fd,e43a453e-d76c-44c5-9b85-1571f3a6f2d5,Dimentica,2016-01-22,,Official
Luca Hänni,2019,She Got Me,Switzerland,4,f27db7be-0c89-4e60-b245-295180feec90,0265c710-4c77-49ab-87f7-6311ef372375,Not Everyone's Darling,2023-05-07,,Official
Luca Hänni,2019,She Got Me,Switzerland,4,f27db7be-0c89-4e60-b245-295180feec90,045410a0-6e1b-4078-87e8-cd9c98ce731d,Living the Dream,2013-04-19,DE,Official
Luca Hänni,2019,She Got Me,Switzerland,4,f27db7be-0c89-4e60-b245-295180feec90,0879e550-f289-4fe8-b676-57b28f024037,Love Me Better,2024-08-16,XW,Official
Luca Hänni,2019,She Got Me,Switzerland,4,f27db7be-0c89-4e60-b245-295180feec90,0f6934fd-5c5e-4dc8-867f-7cf3ea5dc0fc,Bei mir,2018-12-25,XW,Official
Luca Hänni,2019,She Got Me,Switzerland,4,f27db7be-0c89-4e60-b245-295180feec90,1e810b07-a932-4720-b3f5-3b3d4590af1e,Dance Until We Die,2014,CH,Official
Luca Hänni,2019,She Got Me,Switzerland,4,f27db7be-0c89-4e60-b245-295180feec90,22f8ef3b-8b05-4831-9021-6860ed4d3e04,Stay With Me,2024-02-23,,Official
Luca Hänni,2019,She Got Me,Switzerland,4,f27db7be-0c89-4e60-b245-295180feec90,2a4ac18a-7a3c-4482-ad8d-469060bd125d,Love Is A Lie,2025-03-28,XW,Official
Luca Hänni,2019,She Got Me,Switzerland,4,f27db7be-0c89-4e60-b245-295180feec90,2c08e0b0-b8b6-4a7f-8452-4a897cb0764e,110 Karat,2020,,Official
Luca Hänni,2019,She Got Me,Switzerland,4,f27db7be-0c89-4e60-b245-295180feec90,2eae33b0-aad1-4e49-852d-f51e1eb40cd8,Just You And Me,2021-10-22,XW,Official
Luca Hänni,2019,She Got Me,Switzerland,4,f27db7be-0c89-4e60-b245-295180feec90,34d9bdc3-e9e0-4d79-a210-7bfdfcd9ffb9,Don't Think About Me,2012-04-28,DE,Official
Luca Hänni,2019,She Got Me,Switzerland,4,f27db7be-0c89-4e60-b245-295180feec90,3bffbfac-9ac5-41df-a4af-e3657e3ca985,Salsa Ganze Nacht,2023-03-31,XW,Official
Luca Hänni,2019,She Got Me,Switzerland,4,f27db7be-0c89-4e60-b245-295180feec90,3cd2fab4-ebfc-4e0e-b426-12af39ad865c,Fire,2023-10-06,XW,Official
Luca Hänni,2019,She Got Me,Switzerland,4,f27db7be-0c89-4e60-b245-295180feec90,440ab111-3e48-4bb1-9a24-3449d7a9cb46,Trompete,2023-02-24,XW,Official
Luca Hänni,2019,She Got Me,Switzerland,4,f27db7be-0c89-4e60-b245-295180feec90,4efa8532-e5f7-4bac-892a-ea61618dc91a,You Broke Me First,2021-11-12,XW,Official
Luca Hänni,2019,She Got Me,Switzerland,4,f27db7be-0c89-4e60-b245-295180feec90,58674b6c-dbee-4d0f-aab1-aebcd5db0c83,Durch die Nacht,2021-04-16,XW,Official
Luca Hänni,2019,She Got Me,Switzerland,4,f27db7be-0c89-4e60-b245-295180feec90,59721a90-5bd2-413f-81e5-6a2f484c1f3b,She Got Me,2019-03-08,XW,Official
Luca Hänni,2019,She Got Me,Switzerland,4,f27db7be-0c89-4e60-b245-295180feec90,66117edf-a001-4952-9855-af22503fb600,Powder,2017-10-13,XW,Official
Luca Hänni,2019,She Got Me,Switzerland,4,f27db7be-0c89-4e60-b245-295180feec90,6e151126-8eeb-423a-9eb0-690938294539,Dynamit,2021-08-13,XW,Official
Luca Hänni,2019,She Got Me,Switzerland,4,f27db7be-0c89-4e60-b245-295180feec90,6f943b60-1e48-4b28-a1d5-fcbd10b74a3f,Zelien Fur Dich,2024-05-10,XW,Official
Luca Hänni,2019,She Got Me,Switzerland,4,f27db7be-0c89-4e60-b245-295180feec90,706f3c48-f90c-4104-8144-fba4f30e1f8d,Since We Met,2025-02-07,XW,Official
Luca Hänni,2019,She Got Me,Switzerland,4,f27db7be-0c89-4e60-b245-295180feec90,747e3c77-a407-4faf-aaa6-ccdb3f91a23a,Millionar,2022-02-11,XW,Official
Luca Hänni,2019,She Got Me,Switzerland,4,f27db7be-0c89-4e60-b245-295180feec90,748c2690-fab1-4c4e-b564-707975453e06,I Will Die for You (Remixes),2012-08-24,DE,Official
Luca Hänni,2019,She Got Me,Switzerland,4,f27db7be-0c89-4e60-b245-295180feec90,7dc21a8f-d780-4560-89ab-7142e51b389e,Durch die Nacht,2021-04-16,,Official
Luca Hänni,2019,She Got Me,Switzerland,4,f27db7be-0c89-4e60-b245-295180feec90,8477dd6c-3b1e-4461-a3d5-3f0e46352da1,Clouds,2022-10-14,XW,Official
Luca Hänni,2019,She Got Me,Switzerland,4,f27db7be-0c89-4e60-b245-295180feec90,88ed9b91-b498-4ddb-9d15-befd185fb243,When We Wake Up,2015-09-18,,Official
Luca Hänni,2019,She Got Me,Switzerland,4,f27db7be-0c89-4e60-b245-295180feec90,8c26cf6c-39be-452a-864a-1c98c451970a,When We Wake Up,2015-09-18,DE,Official
Luca Hänni,2019,She Got Me,Switzerland,4,f27db7be-0c89-4e60-b245-295180feec90,94234168-766f-44db-814b-03aa41304a6e,Don't Think About Me,2012,XE,Official
Luca Hänni,2019,She Got Me,Switzerland,4,f27db7be-0c89-4e60-b245-295180feec90,94417364-d467-42d4-9d18-90948081ea94,My Name Is Luca,2012-05-18,DE,Official
Luca Hänni,2019,She Got Me,Switzerland,4,f27db7be-0c89-4e60-b245-295180feec90,9cba8cc0-867b-4d72-b14c-df9fd56b23c3,Warum Musstest Du Gehen,2022-01-14,XW,Official
Luca Hänni,2019,She Got Me,Switzerland,4,f27db7be-0c89-4e60-b245-295180feec90,a3cd988d-acd1-4c08-af42-e489cdf2e8e7,Signs,2018-04-13,AF,Official
Luca Hänni,2019,She Got Me,Switzerland,4,f27db7be-0c89-4e60-b245-295180feec90,b00e408a-7a03-44d8-bb7d-abcce05ade92,Nebenbei,2019-12-20,XW,Official
Luca Hänni,2019,She Got Me,Switzerland,4,f27db7be-0c89-4e60-b245-295180feec90,b5b04a8b-a4ba-4e62-87b3-0aeba82df5ba,Irresistible,2025-05-09,XW,Official
Luca Hänni,2019,She Got Me,Switzerland,4,f27db7be-0c89-4e60-b245-295180feec90,b5b38d34-fcb7-4db7-9a33-d3a55f65b611,My Name Is Luca,2012-05-18,DE,Official
Luca Hänni,2019,She Got Me,Switzerland,4,f27db7be-0c89-4e60-b245-295180feec90,cfe2b740-4c1b-4cbc-ac54-2d2f5a83dd85,Ma Bonita,2022-07-15,,Official
Luca Hänni,2019,She Got Me,Switzerland,4,f27db7be-0c89-4e60-b245-295180feec90,d3e2072f-7340-4124-9e2a-2d052bfa4ce2,There for You,2021-09-24,AL,Official
Luca Hänni,2019,She Got Me,Switzerland,4,f27db7be-0c89-4e60-b245-295180feec90,fa0cd73e-6e5f-487d-96c1-a874255af019,When We Wake Up,2015-09-18,CH,Official
KEiiNO,2019,Spirit in the Sky,Norway,5,01835ecf-333d-4b06-902f-f84b6c056fd4,0de3313c-212e-4a2a-be71-6fae347cddd3,VENUS,2021-10-29,XW,Official
KEiiNO,2019,Spirit in the Sky,Norway,5,01835ecf-333d-4b06-902f-f84b6c056fd4,17e1ccb1-b63e-4810-91d7-1964bfaf79c0,OKTA guokte,2022-02-24,XW,Official
KEiiNO,2019,Spirit in the Sky,Norway,5,01835ecf-333d-4b06-902f-f84b6c056fd4,1ba10fd1-4c5c-4b03-9d9a-68a029f4187b,MONUMENT,2021-01-14,XW,Official
KEiiNO,2019,Spirit in the Sky,Norway,5,01835ecf-333d-4b06-902f-f84b6c056fd4,1e260fce-c078-40d2-a178-f1533699acc0,Chromium Heart,2025-10-31,XW,Official
KEiiNO,2019,Spirit in the Sky,Norway,5,01835ecf-333d-4b06-902f-f84b6c056fd4,257c8875-e107-4224-86a0-aa86276b2b99,Say It Like That,2024-09-27,XW,Official
KEiiNO,2019,Spirit in the Sky,Norway,5,01835ecf-333d-4b06-902f-f84b6c056fd4,274c7aa7-8c65-42ff-bf2b-f653f042c53b,Spirit in the Sky (KAUTOBAHN Remix),2021-05-20,XW,Official
KEiiNO,2019,Spirit in the Sky,Norway,5,01835ecf-333d-4b06-902f-f84b6c056fd4,29d5f0ac-9d96-45a6-aa91-5706b3fd1198,Transarctic Lover,2020-10-09,XW,Official
KEiiNO,2019,Spirit in the Sky,Norway,5,01835ecf-333d-4b06-902f-f84b6c056fd4,2e8e483d-7d0e-4818-a140-404b303b88c2,OKTA,2020-05-08,XW,Official
KEiiNO,2019,Spirit in the Sky,Norway,5,01835ecf-333d-4b06-902f-f84b6c056fd4,38887eb6-8a16-46b2-9365-05021b434c6b,MONUMENT (Acoustic),2022-10-10,XW,Official
KEiiNO,2019,Spirit in the Sky,Norway,5,01835ecf-333d-4b06-902f-f84b6c056fd4,388b60f6-b128-4ca4-9b4c-c01e465fd0bd,Vill ha dig,2019-09-19,XW,Official
KEiiNO,2019,Spirit in the Sky,Norway,5,01835ecf-333d-4b06-902f-f84b6c056fd4,40dd2980-a500-4590-90c9-0bd53dee53b0,A New Beginning,2021-12-10,XW,Official
KEiiNO,2019,Spirit in the Sky,Norway,5,01835ecf-333d-4b06-902f-f84b6c056fd4,42a3fea0-e5fe-41d5-a403-269dad0f160b,Black Leather,2020-02-28,XW,Official
KEiiNO,2019,Spirit in the Sky,Norway,5,01835ecf-333d-4b06-902f-f84b6c056fd4,43e08f29-ee67-495d-ba31-a434a7266fb2,Damdiggida,2024-01-05,,Official
KEiiNO,2019,Spirit in the Sky,Norway,5,01835ecf-333d-4b06-902f-f84b6c056fd4,4404b0cb-93a4-452e-8044-584d07734585,UNBREAKABLE,2021-03-12,XW,Official
KEiiNO,2019,Spirit in the Sky,Norway,5,01835ecf-333d-4b06-902f-f84b6c056fd4,468cb72f-a646-4408-8c56-44b2b2f9c8a2,RITMA,2023-05-12,XW,Official
KEiiNO,2019,Spirit in the Sky,Norway,5,01835ecf-333d-4b06-902f-f84b6c056fd4,484591b6-2aff-4165-8514-264163d28717,The Sun Always Shines On TV,2023-04-21,XW,Official
KEiiNO,2019,Spirit in the Sky,Norway,5,01835ecf-333d-4b06-902f-f84b6c056fd4,4d8ad03c-232a-42fe-bc2e-58ac7ddad389,Northern Boy,2024-12-13,XW,Official
KEiiNO,2019,Spirit in the Sky,Norway,5,01835ecf-333d-4b06-902f-f84b6c056fd4,53558ecb-7066-44f8-984e-785d4244edea,Insomnia,2023-11-03,XW,Official
KEiiNO,2019,Spirit in the Sky,Norway,5,01835ecf-333d-4b06-902f-f84b6c056fd4,53e6430a-7c95-4562-8343-d7f951d9e593,Midnight Marina EP,2023-06-23,XW,Official
KEiiNO,2019,Spirit in the Sky,Norway,5,01835ecf-333d-4b06-902f-f84b6c056fd4,54208279-077e-40b4-94c1-dfba0e2c0b40,Get Up,2023-09-15,XW,Official
KEiiNO,2019,Spirit in the Sky,Norway,5,01835ecf-333d-4b06-902f-f84b6c056fd4,570ece81-180f-4ee4-b764-4488d252a79c,DiSCO,2024-05-10,XW,Official
KEiiNO,2019,Spirit in the Sky,Norway,5,01835ecf-333d-4b06-902f-f84b6c056fd4,61613b93-0b84-41bd-8440-529d2bc4e721,I Wanna Dance With Somebody (Who Loves Me),2020-06-19,XW,Official
KEiiNO,2019,Spirit in the Sky,Norway,5,01835ecf-333d-4b06-902f-f84b6c056fd4,63d3fc52-8fb8-47bd-8a15-0906d2846a9a,End of Time (Taste of Heaven),2021-10-08,XW,Official
KEiiNO,2019,Spirit in the Sky,Norway,5,01835ecf-333d-4b06-902f-f84b6c056fd4,6d0aa0f1-9838-43e9-a180-0fe442f121c4,Midnight Gloria,2025-01-10,XW,Official
KEiiNO,2019,Spirit in the Sky,Norway,5,01835ecf-333d-4b06-902f-f84b6c056fd4,7313cc2f-df46-4a07-af7b-fa6c66a6cebe,Would I Lie,2020-04-03,XW,Official
KEiiNO,2019,Spirit in the Sky,Norway,5,01835ecf-333d-4b06-902f-f84b6c056fd4,750b3dc6-ccf8-4c39-9488-edc59565d2eb,Shallow,2019,NO,Official
KEiiNO,2019,Spirit in the Sky,Norway,5,01835ecf-333d-4b06-902f-f84b6c056fd4,7dd04615-6ed5-47ab-af7a-ce7c4c64ee00,ADDJAS,2021-06-18,XW,Official
KEiiNO,2019,Spirit in the Sky,Norway,5,01835ecf-333d-4b06-902f-f84b6c056fd4,86f1a0a0-4cfc-4cae-a60a-512fde578a9b,Alt Du Kan Se,2023-01-27,XW,Official
KEiiNO,2019,Spirit in the Sky,Norway,5,01835ecf-333d-4b06-902f-f84b6c056fd4,9026b9bc-672f-45f6-9902-cf4d85282379,Mellom Bakkar og Berg (Nordmannen),2021-05-28,XW,Official
KEiiNO,2019,Spirit in the Sky,Norway,5,01835ecf-333d-4b06-902f-f84b6c056fd4,95a219f9-323a-4b09-bbbd-9431830183fe,Spirit in the Sky (Acoustic),2019-04-12,,Official
KEiiNO,2019,Spirit in the Sky,Norway,5,01835ecf-333d-4b06-902f-f84b6c056fd4,a5be6ef1-c807-48f8-bcb7-ee0c058fd22f,OKTA,2020-05-08,,Official
KEiiNO,2019,Spirit in the Sky,Norway,5,01835ecf-333d-4b06-902f-f84b6c056fd4,ad8ce490-5ae2-4cab-8851-7345b00b4f73,On A Night Like This,2022-02-25,XW,Official
KEiiNO,2019,Spirit in the Sky,Norway,5,01835ecf-333d-4b06-902f-f84b6c056fd4,b8ee2659-fb01-4aa1-931a-0d7a08f31470,Demon Of Your Love,2025-09-12,XW,Official
KEiiNO,2019,Spirit in the Sky,Norway,5,01835ecf-333d-4b06-902f-f84b6c056fd4,baacc814-7b0f-4ada-a3d7-6f3a2ae46cf5,Okta,2021-10-15,NO,Official
KEiiNO,2019,Spirit in the Sky,Norway,5,01835ecf-333d-4b06-902f-f84b6c056fd4,bbca0b3f-2e5c-4958-8778-469053e89ed1,Unstoppable,2025-05-09,XW,Official
KEiiNO,2019,Spirit in the Sky,Norway,5,01835ecf-333d-4b06-902f-f84b6c056fd4,c058cb7f-2f9b-4679-805c-b1b26baca940,End Of The Rainbow,2025-10-03,XW,Official
KEiiNO,2019,Spirit in the Sky,Norway,5,01835ecf-333d-4b06-902f-f84b6c056fd4,cb6d235c-dbbf-4f6f-84f1-32709b087aad,HALO,2025-02-21,XW,Official
KEiiNO,2019,Spirit in the Sky,Norway,5,01835ecf-333d-4b06-902f-f84b6c056fd4,dcc93cf3-a7f7-45a4-a765-8e9b652b679a,Summer Of My Life,2021-05-14,XW,Official
KEiiNO,2019,Spirit in the Sky,Norway,5,01835ecf-333d-4b06-902f-f84b6c056fd4,df3357f8-b4bb-45be-a82c-148c91755518,Nights of Thunder,2022-11-17,XW,Official
KEiiNO,2019,Spirit in the Sky,Norway,5,01835ecf-333d-4b06-902f-f84b6c056fd4,eec20b9c-348d-4294-b00e-c97475bc9216,"Hero, baby",2024-03-22,XW,Official
KEiiNO,2019,Spirit in the Sky,Norway,5,01835ecf-333d-4b06-902f-f84b6c056fd4,f48caf4d-503b-41c8-a2b5-13d2f3cfd9f4,Spirit in the Sky,2019-01-25,XW,Official
KEiiNO,2019,Spirit in the Sky,Norway,5,01835ecf-333d-4b06-902f-f84b6c056fd4,f8bba56c-1e9d-41a3-96d4-072cda7f5cfb,Mother Of The Night,2022-04-29,XW,Official
KEiiNO,2019,Spirit in the Sky,Norway,5,01835ecf-333d-4b06-902f-f84b6c056fd4,fa9ce3ad-eb50-45d3-8fae-f9291084dd13,DRIVERS LICENSE,2021-04-09,XW,Official
KEiiNO,2019,Spirit in the Sky,Norway,5,01835ecf-333d-4b06-902f-f84b6c056fd4,fad0c2e3-c989-4bfc-bf90-1711f767342c,Indigo Night,2026-04-10,XW,Official
KEiiNO,2019,Spirit in the Sky,Norway,5,01835ecf-333d-4b06-902f-f84b6c056fd4,fb8fc7d7-f0f1-4c1b-814d-b1891d8fef10,A Winter’s Night,2020-11-06,AF,Official
John Lundvik,2019,Too Late for Love,Sweden,6,1111d5e4-8208-402f-9afb-9eb1c35db4cb,0ccaefb0-6b07-40cd-b2ec-0df5d9643ad7,Too Late for Love (Remixes),2019-04-26,DZ,Official
John Lundvik,2019,Too Late for Love,Sweden,6,1111d5e4-8208-402f-9afb-9eb1c35db4cb,42f42cef-6a34-4adb-914f-0de4b6432130,Too Late For Love (Remixes),2019-04-26,XW,Official
John Lundvik,2019,Too Late for Love,Sweden,6,1111d5e4-8208-402f-9afb-9eb1c35db4cb,48f6e22d-859a-433b-8e73-578081e343a4,With You,2017-09-01,DZ,Official
John Lundvik,2019,Too Late for Love,Sweden,6,1111d5e4-8208-402f-9afb-9eb1c35db4cb,4cd881cc-5b9e-47d5-9860-d34f36c9fee6,All About the Games (Official Swedish Song for Rio 2016),2016-07-18,XW,Official
John Lundvik,2019,Too Late for Love,Sweden,6,1111d5e4-8208-402f-9afb-9eb1c35db4cb,589e3e53-8544-4d81-9c84-6421d853a240,Voice of the Silent,2025-01-31,XW,Official
John Lundvik,2019,Too Late for Love,Sweden,6,1111d5e4-8208-402f-9afb-9eb1c35db4cb,61789e5d-c040-4e39-b83f-1e56f2583f73,Too Late For Love,2019-02-25,XE,
John Lundvik,2019,Too Late for Love,Sweden,6,1111d5e4-8208-402f-9afb-9eb1c35db4cb,c06a24ec-6267-412d-86a7-9244e4c0aef2,My Turn,2019-05-10,DZ,Official
John Lundvik,2019,Too Late for Love,Sweden,6,1111d5e4-8208-402f-9afb-9eb1c35db4cb,c5e95f46-46c1-47d2-9683-0d15ec5214fe,One Night in Bangkok,2019-09-27,DZ,Official
John Lundvik,2019,Too Late for Love,Sweden,6,1111d5e4-8208-402f-9afb-9eb1c35db4cb,c8e6ca48-b3c1-45c4-9a71-c183c6e6801d,Christmas,2017-11-10,DZ,Official
John Lundvik,2019,Too Late for Love,Sweden,6,1111d5e4-8208-402f-9afb-9eb1c35db4cb,df0c0416-6422-44ea-b8d0-72f2bf4584c6,Love Your Body,2016-06-11,XW,Official
John Lundvik,2019,Too Late for Love,Sweden,6,1111d5e4-8208-402f-9afb-9eb1c35db4cb,f86dcdaf-402e-42de-8331-a6f60f72cb56,Too Late for Love,2019-02-23,SE,Official
Chingiz,2019,Truth,Azerbaijan,7,51e1eb35-7ed6-48e0-8793-4b4b981e0dec,92217bea-a4a9-4906-87d0-f3a484fdd931,Truth (Radio Edit),2019-03-08,,Official
Lake Malawi,2019,Friend of a Friend,Czech Republic,8,083fe0dd-da9d-4560-a7fc-c91ea092aab3,49b822dc-a7d7-49e0-ae1f-0f5682f34621,Stuck in the 80's,2019-11-16,XW,Official
Lake Malawi,2019,Friend of a Friend,Czech Republic,8,083fe0dd-da9d-4560-a7fc-c91ea092aab3,540699a5-7531-4ef5-ae9b-a399305b7d6c,Not My Street,2017-06-22,CZ,Official
Lake Malawi,2019,Friend of a Friend,Czech Republic,8,083fe0dd-da9d-4560-a7fc-c91ea092aab3,5ec7d52e-fd70-42e7-bd9b-950b6860189b,The Great Video Game Crush,2022-10-21,XW,Official
Lake Malawi,2019,Friend of a Friend,Czech Republic,8,083fe0dd-da9d-4560-a7fc-c91ea092aab3,8f13c899-d14c-4072-8854-2f53b7b47400,Surrounded by Light,2017-11-10,CZ,Official
Lake Malawi,2019,Friend of a Friend,Czech Republic,8,083fe0dd-da9d-4560-a7fc-c91ea092aab3,96a05d7d-47c7-4097-a8a7-43538f092493,Always June,2014-02-20,XW,Official
Lake Malawi,2019,Friend of a Friend,Czech Republic,8,083fe0dd-da9d-4560-a7fc-c91ea092aab3,a3300f29-8f9b-43e2-a196-2265b5d58e9c,Shaka Zulu,2021-04-09,XW,Official
Lake Malawi,2019,Friend of a Friend,Czech Republic,8,083fe0dd-da9d-4560-a7fc-c91ea092aab3,b33e5d04-13b6-40da-9c5f-a3ea7614c7d8,Friend of a Friend,2019-01-07,,Official
Lake Malawi,2019,Friend of a Friend,Czech Republic,8,083fe0dd-da9d-4560-a7fc-c91ea092aab3,bc4a2361-0ae6-45a1-a2f0-a9e68a62e6e0,We Are Making Love Again,2015-05-25,CZ,Official
Lake Malawi,2019,Friend of a Friend,Czech Republic,8,083fe0dd-da9d-4560-a7fc-c91ea092aab3,d42b721a-5c3c-4100-b04b-37ec3c2b22af,Lucy,2020-02-14,XW,Official
Kate Miller-Heidke,2019,Zero Gravity,Australia,9,f7861eb7-a14c-41ec-813d-15a28a220a06,00b2486b-561b-4c07-834c-6d7ac8ffe999,Little Eve,2007-06-16,AU,Official
Kate Miller-Heidke,2019,Zero Gravity,Australia,9,f7861eb7-a14c-41ec-813d-15a28a220a06,01313112-3e3c-4994-a5a4-b38e4fad185a,Nightflight,2019-01-11,AU,Official
Kate Miller-Heidke,2019,Zero Gravity,Australia,9,f7861eb7-a14c-41ec-813d-15a28a220a06,070fdc4d-1cf9-4b2a-a7d1-0e6e3926fcbe,Nightflight,2012-04-13,AU,Official
Kate Miller-Heidke,2019,Zero Gravity,Australia,9,f7861eb7-a14c-41ec-813d-15a28a220a06,0c212b46-6619-4308-8b00-0f4dcfa5bf25,"Where? (From the Opera ""The Rabbits"")",2016-01-01,AU,Official
Kate Miller-Heidke,2019,Zero Gravity,Australia,9,f7861eb7-a14c-41ec-813d-15a28a220a06,0e87dea9-dc8c-4bc8-a122-d3fb6f46605f,Liberty Bell,2011-10-10,US,Official
Kate Miller-Heidke,2019,Zero Gravity,Australia,9,f7861eb7-a14c-41ec-813d-15a28a220a06,0ff5e566-51b4-4502-9e94-2450bdf65dc2,Zero Gravity,2019-01-25,,Official
Kate Miller-Heidke,2019,Zero Gravity,Australia,9,f7861eb7-a14c-41ec-813d-15a28a220a06,11326668-bab7-4036-95da-aa626372242c,Telegram,2004,AU,Official
Kate Miller-Heidke,2019,Zero Gravity,Australia,9,f7861eb7-a14c-41ec-813d-15a28a220a06,1561fbd8-e0e0-4f68-ae7c-34ab05137a36,Child in Reverse,2020-10-30,XW,Official
Kate Miller-Heidke,2019,Zero Gravity,Australia,9,f7861eb7-a14c-41ec-813d-15a28a220a06,1593f9f0-befd-4eab-844f-e375ebac2579,Nightflight,2012-04-12,XW,Official
Kate Miller-Heidke,2019,Zero Gravity,Australia,9,f7861eb7-a14c-41ec-813d-15a28a220a06,19b6c8d3-db2c-4ce0-95ca-f5ac73769966,Space They Cannot Touch,2008-03-22,AU,Official
Kate Miller-Heidke,2019,Zero Gravity,Australia,9,f7861eb7-a14c-41ec-813d-15a28a220a06,224481b3-036a-4bfe-aaa7-9b79dcaba13b,Kate Miller-Heidke,2009-09-22,US,Official
Kate Miller-Heidke,2019,Zero Gravity,Australia,9,f7861eb7-a14c-41ec-813d-15a28a220a06,33e34a10-15e0-41ac-a20b-64c480a13144,Child in Reverse,2020-10-30,AU,Official
Kate Miller-Heidke,2019,Zero Gravity,Australia,9,f7861eb7-a14c-41ec-813d-15a28a220a06,345d7c47-c9e2-404b-8a44-9cb740422cbf,Curiouser,2010-03-10,US,Official
Kate Miller-Heidke,2019,Zero Gravity,Australia,9,f7861eb7-a14c-41ec-813d-15a28a220a06,34e6f298-3a3b-44d5-8796-a4cdb214c813,Live at the Hi-Fi,2009-10-09,AU,Official
Kate Miller-Heidke,2019,Zero Gravity,Australia,9,f7861eb7-a14c-41ec-813d-15a28a220a06,38d811ff-0e1d-4255-b394-313f782b57d3,Live at the Sydney Opera House,2017-08-11,AU,Official
Kate Miller-Heidke,2019,Zero Gravity,Australia,9,f7861eb7-a14c-41ec-813d-15a28a220a06,3fc67629-65f4-4b5e-a374-ff0172bbb33c,Little Eve,2007,AU,Official
Kate Miller-Heidke,2019,Zero Gravity,Australia,9,f7861eb7-a14c-41ec-813d-15a28a220a06,4ef4756c-1b56-4846-8692-d10472e6c9de,Curiouser,2016-08-26,AU,Official
Kate Miller-Heidke,2019,Zero Gravity,Australia,9,f7861eb7-a14c-41ec-813d-15a28a220a06,50d0ad15-8674-449b-b7f4-689816f0a6e1,The Last Day on Earth,2009,AU,Official
Kate Miller-Heidke,2019,Zero Gravity,Australia,9,f7861eb7-a14c-41ec-813d-15a28a220a06,51da0c44-3211-4a13-a3a8-7d2ee6fae915,Comikaze,2005,AU,Official
Kate Miller-Heidke,2019,Zero Gravity,Australia,9,f7861eb7-a14c-41ec-813d-15a28a220a06,52488e3b-479d-473d-97ce-c067df220142,Psycho Killer,2006-10-17,AU,Official
Kate Miller-Heidke,2019,Zero Gravity,Australia,9,f7861eb7-a14c-41ec-813d-15a28a220a06,5998ddff-a2c6-4cf4-8783-b32edc21349e,Curiouser,,AU,Official
Kate Miller-Heidke,2019,Zero Gravity,Australia,9,f7861eb7-a14c-41ec-813d-15a28a220a06,5dd9cdb5-7983-4bfd-954b-392d84de07c2,Curiouser,2008-10-18,AU,Official
Kate Miller-Heidke,2019,Zero Gravity,Australia,9,f7861eb7-a14c-41ec-813d-15a28a220a06,61fcd545-0794-4e82-a7f3-6571e747f6ab,The Best of Kate Miller-Heidke: Act One,2016-12-02,AU,Official
Kate Miller-Heidke,2019,Zero Gravity,Australia,9,f7861eb7-a14c-41ec-813d-15a28a220a06,63b84dd9-12d3-4c5d-a60c-eba3a5a9e272,The Best of Kate Miller-Heidke :: Act One,2016,AU,Official
Kate Miller-Heidke,2019,Zero Gravity,Australia,9,f7861eb7-a14c-41ec-813d-15a28a220a06,6ab9e268-f931-44fa-8988-1b8f727adbe8,Fairytale of New York,2014-11-12,DE,Official
Kate Miller-Heidke,2019,Zero Gravity,Australia,9,f7861eb7-a14c-41ec-813d-15a28a220a06,723d7311-ee34-4a25-9ca3-e0dbca5e2991,Heavenly Sounds Live,2013,,Official
Kate Miller-Heidke,2019,Zero Gravity,Australia,9,f7861eb7-a14c-41ec-813d-15a28a220a06,72d1f4e0-b699-466c-8e19-339660a81b5c,I’m Growing a Beard Downstairs for Christmas,2015-11-27,,Official
Kate Miller-Heidke,2019,Zero Gravity,Australia,9,f7861eb7-a14c-41ec-813d-15a28a220a06,8a8ae06b-b9dd-4086-b065-29c46968ca47,O Vertigo!,2014-03-14,AU,Official
Kate Miller-Heidke,2019,Zero Gravity,Australia,9,f7861eb7-a14c-41ec-813d-15a28a220a06,8dd689a2-19b9-4a91-94e3-babc840acd79,Circular Breathing,2006-05-01,AU,Official
Kate Miller-Heidke,2019,Zero Gravity,Australia,9,f7861eb7-a14c-41ec-813d-15a28a220a06,90d49a0d-ac2d-4f1c-87e0-6cc405cba5aa,Curiouser,2008-10-18,AU,Official
Kate Miller-Heidke,2019,Zero Gravity,Australia,9,f7861eb7-a14c-41ec-813d-15a28a220a06,940360c3-2593-455f-86be-9a113a91cf12,Words,2007-05-26,AU,Official
Kate Miller-Heidke,2019,Zero Gravity,Australia,9,f7861eb7-a14c-41ec-813d-15a28a220a06,9cd3f272-4824-403d-95d2-c42223985e13,Live at the Playroom,2007-08-28,AU,Official
Kate Miller-Heidke,2019,Zero Gravity,Australia,9,f7861eb7-a14c-41ec-813d-15a28a220a06,9e6d0a79-9893-4082-b0a1-d492d161d814,Drama,2014-02-14,AU,Official
Kate Miller-Heidke,2019,Zero Gravity,Australia,9,f7861eb7-a14c-41ec-813d-15a28a220a06,ac03a4b9-20da-4e6e-849d-7a72e4eb28a8,Live at the Sydney Opera House,2017,AU,Official
Kate Miller-Heidke,2019,Zero Gravity,Australia,9,f7861eb7-a14c-41ec-813d-15a28a220a06,b0404e34-3797-4ab0-ac43-b4b30344c1e5,Are You Ready?,2011-07-22,US,Official
Kate Miller-Heidke,2019,Zero Gravity,Australia,9,f7861eb7-a14c-41ec-813d-15a28a220a06,b1d112df-1c38-4ef0-94e0-85ac9af9713f,Can't Shake It,2008-10-04,AU,Official
Kate Miller-Heidke,2019,Zero Gravity,Australia,9,f7861eb7-a14c-41ec-813d-15a28a220a06,b7db03eb-38cb-4408-a802-3f720881bb5e,Little Eve,2007,AU,Official
Kate Miller-Heidke,2019,Zero Gravity,Australia,9,f7861eb7-a14c-41ec-813d-15a28a220a06,d2cd71a9-684d-4533-80fb-962c73976162,Words,2007-10-28,AU,Official
Kate Miller-Heidke,2019,Zero Gravity,Australia,9,f7861eb7-a14c-41ec-813d-15a28a220a06,d3f00ab1-b51b-478a-9661-d722864c4717,Child in Reverse,2022-03-26,AF,Official
Kate Miller-Heidke,2019,Zero Gravity,Australia,9,f7861eb7-a14c-41ec-813d-15a28a220a06,e2149227-a9fb-41f5-b5c9-980e52be006f,Caught in the Crowd,2009-11-13,AU,Official
Kate Miller-Heidke,2019,Zero Gravity,Australia,9,f7861eb7-a14c-41ec-813d-15a28a220a06,e279287e-1476-40ae-b6a6-0d308a9bd186,The Last Day on Earth,2023-01-19,XW,Official
Kate Miller-Heidke,2019,Zero Gravity,Australia,9,f7861eb7-a14c-41ec-813d-15a28a220a06,e46be4ab-3a30-457f-ba50-a469186c5df7,Make It Last,2007-09-08,AU,Official
Kate Miller-Heidke,2019,Zero Gravity,Australia,9,f7861eb7-a14c-41ec-813d-15a28a220a06,e6626584-cfad-411e-aa97-1469d9a52d98,Little Eve,2007-06-15,AU,Official
Kate Miller-Heidke,2019,Zero Gravity,Australia,9,f7861eb7-a14c-41ec-813d-15a28a220a06,e7b1df12-17d4-4bef-a2eb-96ea3d2bcd24,Nightflight,2012-04-13,AU,Official
Kate Miller-Heidke,2019,Zero Gravity,Australia,9,f7861eb7-a14c-41ec-813d-15a28a220a06,fa0f5911-dd71-4319-912a-08ad51ee263a,O Vertigo!,2014-03-14,AU,Official
Kate Miller-Heidke,2019,Zero Gravity,Australia,9,f7861eb7-a14c-41ec-813d-15a28a220a06,fab81e97-f8d5-4307-9b88-08d70fd7214e,Live at the Sydney Opera House,2017-08-11,AU,Official
Kate Miller-Heidke,2019,Zero Gravity,Australia,9,f7861eb7-a14c-41ec-813d-15a28a220a06,fb196243-c787-48f5-9628-7d7a06279117,Zero Gravity,2019-05-14,AF,Official
Kate Miller-Heidke,2019,Zero Gravity,Australia,9,f7861eb7-a14c-41ec-813d-15a28a220a06,ffde2e66-b16e-43ea-946a-9eb4462ef522,Words,2007-05-15,AU,Official
Hatari,2019,Hatrið mun sigra,Iceland,10,2f0ce8e9-bde6-4c4c-baa4-ab4fcdf57df2,0ab6cd94-181c-4f45-ba39-41c754b39871,Neysluvara,2017-10-31,IS,Official
Hatari,2019,Hatrið mun sigra,Iceland,10,2f0ce8e9-bde6-4c4c-baa4-ab4fcdf57df2,17b1be87-d2b6-4e2a-89d3-0078f9da6932,Neyslutrans,2020-01-17,IS,Official
Hatari,2019,Hatrið mun sigra,Iceland,10,2f0ce8e9-bde6-4c4c-baa4-ab4fcdf57df2,3ad10fc2-5864-4194-b3d6-30d90c25a148,Spillingardans,2019-01-04,XW,Official
Hatari,2019,Hatrið mun sigra,Iceland,10,2f0ce8e9-bde6-4c4c-baa4-ab4fcdf57df2,3efa003a-70f6-4097-a16d-0e7227de79ad,Spillingardans,2019-01-04,AF,Official
Hatari,2019,Hatrið mun sigra,Iceland,10,2f0ce8e9-bde6-4c4c-baa4-ab4fcdf57df2,3f3d2870-8344-4bba-9b1a-b02c39946a71,Neysluvara,2017-10-31,XW,Official
Hatari,2019,Hatrið mun sigra,Iceland,10,2f0ce8e9-bde6-4c4c-baa4-ab4fcdf57df2,54eba465-00b5-480e-b9ad-48606d4c6e42,Klefi / صامد,2019-06-21,XW,Official
Hatari,2019,Hatrið mun sigra,Iceland,10,2f0ce8e9-bde6-4c4c-baa4-ab4fcdf57df2,5fb58769-5c9e-4e98-a4c1-2590663883c6,NEYSLUTRANS,2020-01-17,XW,Official
Hatari,2019,Hatrið mun sigra,Iceland,10,2f0ce8e9-bde6-4c4c-baa4-ab4fcdf57df2,61191ed0-721d-41d2-b513-5225713395e1,Klámstrákur,2019-11-08,XW,Official
Hatari,2019,Hatrið mun sigra,Iceland,10,2f0ce8e9-bde6-4c4c-baa4-ab4fcdf57df2,6cc3e7c5-bd78-42b7-8fcd-71c62aed1955,Fuck You Look Good,2026-01-02,XW,Official
Hatari,2019,Hatrið mun sigra,Iceland,10,2f0ce8e9-bde6-4c4c-baa4-ab4fcdf57df2,7b4526fb-6423-40a8-96b6-dd2b5168a125,MORE,2025-09-26,XW,Official
Hatari,2019,Hatrið mun sigra,Iceland,10,2f0ce8e9-bde6-4c4c-baa4-ab4fcdf57df2,7ebab57a-de72-4a6c-b663-17c0dcad4b9d,Quantity Control,2025-06-06,XW,Official
Hatari,2019,Hatrið mun sigra,Iceland,10,2f0ce8e9-bde6-4c4c-baa4-ab4fcdf57df2,b0b9088e-7568-4b84-bd63-e01bdfcfdf7d,Neyslutrans,2020-01-17,XW,Official
Hatari,2019,Hatrið mun sigra,Iceland,10,2f0ce8e9-bde6-4c4c-baa4-ab4fcdf57df2,c19d6bcd-d72f-4225-81a3-9bf73bfc5903,Breadcrumbs,2024-11-29,XW,Official
Hatari,2019,Hatrið mun sigra,Iceland,10,2f0ce8e9-bde6-4c4c-baa4-ab4fcdf57df2,c47a604f-c78e-4aae-a836-af6a7d968b54,Breadcrumbs,2024-11-29,XW,Official
Hatari,2019,Hatrið mun sigra,Iceland,10,2f0ce8e9-bde6-4c4c-baa4-ab4fcdf57df2,c610395b-a483-428b-af90-97bcaa409f2a,Quantity Control,2025-06-06,,Official
Hatari,2019,Hatrið mun sigra,Iceland,10,2f0ce8e9-bde6-4c4c-baa4-ab4fcdf57df2,cb2dfd8e-5103-40c1-875c-93f7e755cbbc,Neyslutrans,2020-01-17,IS,Official
Hatari,2019,Hatrið mun sigra,Iceland,10,2f0ce8e9-bde6-4c4c-baa4-ab4fcdf57df2,d7a9c8fb-7269-418b-b6cd-6ae0414915f9,Dansið eða deyið,2022-07-01,XW,Official
Hatari,2019,Hatrið mun sigra,Iceland,10,2f0ce8e9-bde6-4c4c-baa4-ab4fcdf57df2,fa29c6df-e127-4452-bc92-ab68317c16e3,Neyslutrans RemiXed,2021-02-19,XW,Official
Måneskin,2021,Zitti e buoni,Italy,1,3862342a-43c4-4cdb-8250-bfdbfb5e1419,025c956c-bb17-4b6a-80b1-0fb2f57dd719,RUSH!,2023-01-20,JP,
Måneskin,2021,Zitti e buoni,Italy,1,3862342a-43c4-4cdb-8250-bfdbfb5e1419,029ff4d5-a88f-418d-8078-6d4c0ff5e6d7,"Teatro d'ira, Vol. I",2021-10-13,JP,Official
Måneskin,2021,Zitti e buoni,Italy,1,3862342a-43c4-4cdb-8250-bfdbfb5e1419,08369589-75b5-4287-90f7-1734d601e783,L’altra dimensione,2019-04-10,XW,Official
Måneskin,2021,Zitti e buoni,Italy,1,3862342a-43c4-4cdb-8250-bfdbfb5e1419,0d637cfc-433e-45fc-8fe1-1d58b12ad432,RUSH! (ARE U COMING?),2023-11-10,,Official
Måneskin,2021,Zitti e buoni,Italy,1,3862342a-43c4-4cdb-8250-bfdbfb5e1419,172958b1-493d-4b2d-b5fe-b366a3522b5e,Chosen,2017-12-08,XW,Official
Måneskin,2021,Zitti e buoni,Italy,1,3862342a-43c4-4cdb-8250-bfdbfb5e1419,18c9f59f-5d06-4a65-a0b6-29647e6a50da,Il ballo della vita,2018-10-26,XW,Official
Måneskin,2021,Zitti e buoni,Italy,1,3862342a-43c4-4cdb-8250-bfdbfb5e1419,1fd408f3-810e-4381-927f-6dc54d230d12,I Wanna Be Your Slave,2021-06-18,XW,Official
Måneskin,2021,Zitti e buoni,Italy,1,3862342a-43c4-4cdb-8250-bfdbfb5e1419,20307707-df3a-44dd-9e56-7fdc490d1f49,Morirò da re,2018-03-23,XW,Official
Måneskin,2021,Zitti e buoni,Italy,1,3862342a-43c4-4cdb-8250-bfdbfb5e1419,25b229b4-9962-4cae-9ea2-6e278b08f2de,Il ballo della vita,2018,IT,Official
Måneskin,2021,Zitti e buoni,Italy,1,3862342a-43c4-4cdb-8250-bfdbfb5e1419,2fa0194a-e1b2-48dd-8d63-7015a9c77e2c,GOSSIP,2023-01-13,XW,Official
Måneskin,2021,Zitti e buoni,Italy,1,3862342a-43c4-4cdb-8250-bfdbfb5e1419,4375f76b-8738-463e-8723-3a9c3cab0a66,MAMMAMIA,2021-10-08,XW,Official
Måneskin,2021,Zitti e buoni,Italy,1,3862342a-43c4-4cdb-8250-bfdbfb5e1419,447d003e-348e-4228-a78e-b86cd92b5854,RUSH!,2023-01-20,,Official
Måneskin,2021,Zitti e buoni,Italy,1,3862342a-43c4-4cdb-8250-bfdbfb5e1419,474f90fc-8266-4290-b915-e912f1fdfe3c,RUSH! (ARE U COMING?),2023-11-10,JP,Official
Måneskin,2021,Zitti e buoni,Italy,1,3862342a-43c4-4cdb-8250-bfdbfb5e1419,47590bfe-4c85-421b-a727-c5c89e5d47e3,"Teatro d’ira, Vol. I",2021,XW,Official
Måneskin,2021,Zitti e buoni,Italy,1,3862342a-43c4-4cdb-8250-bfdbfb5e1419,4847ce70-c545-4a56-9fab-47da261cfa90,I WANNA BE YOUR SLAVE (from THE FIRST TAKE),2024,,Official
Måneskin,2021,Zitti e buoni,Italy,1,3862342a-43c4-4cdb-8250-bfdbfb5e1419,48bc3180-4b03-41b6-88ff-832b60f0cb77,RUSH!,2023-01-20,XE,Official
Måneskin,2021,Zitti e buoni,Italy,1,3862342a-43c4-4cdb-8250-bfdbfb5e1419,4fd8a341-3dcf-495b-8706-5a8887ab1e92,Torna a casa,2018-11-06,XW,Official
Måneskin,2021,Zitti e buoni,Italy,1,3862342a-43c4-4cdb-8250-bfdbfb5e1419,5066b999-06db-447a-98ba-03b8957f13d7,Valentine,2023-11-10,XW,Official
Måneskin,2021,Zitti e buoni,Italy,1,3862342a-43c4-4cdb-8250-bfdbfb5e1419,534d2d50-bb74-4626-8888-251a43b0c067,Torna a casa,2018-09-28,XW,Official
Måneskin,2021,Zitti e buoni,Italy,1,3862342a-43c4-4cdb-8250-bfdbfb5e1419,5bf40dd9-9a36-486b-a313-a905930734b5,MAMMAMIA,2021-10-19,XW,Official
Måneskin,2021,Zitti e buoni,Italy,1,3862342a-43c4-4cdb-8250-bfdbfb5e1419,611a1860-7b10-4f77-9c5a-936ec7d900c2,Chosen,2017-12-15,IT,Official
Måneskin,2021,Zitti e buoni,Italy,1,3862342a-43c4-4cdb-8250-bfdbfb5e1419,61c0b5d9-0886-47d2-953c-56502ebe52f8,SUPERMODEL,2022-05-13,,Official
Måneskin,2021,Zitti e buoni,Italy,1,3862342a-43c4-4cdb-8250-bfdbfb5e1419,650d6085-4033-4c43-b22d-2134b6f081df,I Wanna Be Your Slave,2021-08-06,XW,Official
Måneskin,2021,Zitti e buoni,Italy,1,3862342a-43c4-4cdb-8250-bfdbfb5e1419,6b6d92bb-1894-40d9-9d9d-ff0df9f59db1,THE LONELIEST,2022-10-12,XW,Official
Måneskin,2021,Zitti e buoni,Italy,1,3862342a-43c4-4cdb-8250-bfdbfb5e1419,725c69c0-c796-4f54-8e05-4eacb62d40aa,LA FINE,2022-12-16,,Official
Måneskin,2021,Zitti e buoni,Italy,1,3862342a-43c4-4cdb-8250-bfdbfb5e1419,73c554f8-cc82-479e-822a-8fbf749ff5f8,Rush!,2023-01-20,XE,Official
Måneskin,2021,Zitti e buoni,Italy,1,3862342a-43c4-4cdb-8250-bfdbfb5e1419,74effa0e-389c-4900-b964-727d6a0ab0ee,Vent’anni,2020-11-06,XW,Official
Måneskin,2021,Zitti e buoni,Italy,1,3862342a-43c4-4cdb-8250-bfdbfb5e1419,78074a01-c900-40c9-8b3f-d80221cb587a,Vent’anni,2020-10-30,XW,Official
Måneskin,2021,Zitti e buoni,Italy,1,3862342a-43c4-4cdb-8250-bfdbfb5e1419,79334f15-1dd2-4f2c-ab37-a7ffd0ed69f1,Zitti e buoni,2021-03-16,XW,Official
Måneskin,2021,Zitti e buoni,Italy,1,3862342a-43c4-4cdb-8250-bfdbfb5e1419,81f91383-0a1d-4f38-bd92-9c94f6bf8012,Chosen,2017-11-24,XW,Official
Måneskin,2021,Zitti e buoni,Italy,1,3862342a-43c4-4cdb-8250-bfdbfb5e1419,866fa4f3-2509-4641-9fcd-f17b7b505566,Zitti e buoni,2021-03-03,XW,Official
Måneskin,2021,Zitti e buoni,Italy,1,3862342a-43c4-4cdb-8250-bfdbfb5e1419,8daae218-6ce3-407d-a619-d7d74686e0c8,If I Can Dream,2022-06-16,,Official
Måneskin,2021,Zitti e buoni,Italy,1,3862342a-43c4-4cdb-8250-bfdbfb5e1419,8fddeb7e-f4c0-44f1-b3f3-8ea3dd0d0bc5,THE LONELIEST,2022-10-07,,Official
Måneskin,2021,Zitti e buoni,Italy,1,3862342a-43c4-4cdb-8250-bfdbfb5e1419,90dc8b2f-3002-49d4-9f07-3551c8904da6,RUSH!,2023-01-20,IT,Official
Måneskin,2021,Zitti e buoni,Italy,1,3862342a-43c4-4cdb-8250-bfdbfb5e1419,92fa8793-e480-4e80-b825-8d7468736023,Morirò da re,2018-11-06,XW,Official
Måneskin,2021,Zitti e buoni,Italy,1,3862342a-43c4-4cdb-8250-bfdbfb5e1419,94acb488-8f88-4f99-9604-c19b0b515e23,Morirò da re,2018-03-26,XW,Official
Måneskin,2021,Zitti e buoni,Italy,1,3862342a-43c4-4cdb-8250-bfdbfb5e1419,961ceb3f-d228-4c90-8f7d-178ba05d995b,"Teatro d’ira, Vol. I",2021-03-19,XE,Official
Måneskin,2021,Zitti e buoni,Italy,1,3862342a-43c4-4cdb-8250-bfdbfb5e1419,97a2c8ac-dd10-4991-ba4a-70b67ab291f8,Fear for Nobody,2019-01-18,XW,Official
Måneskin,2021,Zitti e buoni,Italy,1,3862342a-43c4-4cdb-8250-bfdbfb5e1419,99137e29-fbb7-4692-a001-993563633c52,"Teatro d’ira, Vol. I",2021-03-19,XW,Official
Måneskin,2021,Zitti e buoni,Italy,1,3862342a-43c4-4cdb-8250-bfdbfb5e1419,9aa0c037-7834-4fd6-911d-ffc2dd080786,Il ballo della vita,2018-10-26,IT,Official
Måneskin,2021,Zitti e buoni,Italy,1,3862342a-43c4-4cdb-8250-bfdbfb5e1419,9f8904ea-22b9-4337-ab1d-913acff6c7b3,MAMMAMIA,2021-10-08,XW,Official
Måneskin,2021,Zitti e buoni,Italy,1,3862342a-43c4-4cdb-8250-bfdbfb5e1419,a3c7b389-bca2-4afa-b963-c95fd670161b,SUPERMODEL,2022-05-13,,Official
Måneskin,2021,Zitti e buoni,Italy,1,3862342a-43c4-4cdb-8250-bfdbfb5e1419,a6f27ba4-06b4-4dea-a121-77dae96d0515,Il ballo della vita,2018-10-26,XW,Official
Måneskin,2021,Zitti e buoni,Italy,1,3862342a-43c4-4cdb-8250-bfdbfb5e1419,a81abcde-e447-4475-8a80-19b1be2569a3,HONEY (ARE U COMING?),2023-09-05,XW,Official
Måneskin,2021,Zitti e buoni,Italy,1,3862342a-43c4-4cdb-8250-bfdbfb5e1419,ada0b784-de2f-4f0c-9d70-20f05d81b0b9,Torna a casa,2018-10-01,XW,Official
Måneskin,2021,Zitti e buoni,Italy,1,3862342a-43c4-4cdb-8250-bfdbfb5e1419,b2ba047f-407b-46ef-a99f-966f69a74921,Beggin’ (live),2021-02-28,XW,Official
Måneskin,2021,Zitti e buoni,Italy,1,3862342a-43c4-4cdb-8250-bfdbfb5e1419,b4f9d9c9-f2b4-41f7-85c6-bf34f3bc6d7b,RUSH!,2023-01-20,JP,Official
Måneskin,2021,Zitti e buoni,Italy,1,3862342a-43c4-4cdb-8250-bfdbfb5e1419,b55284e6-92cd-4f57-80fc-09acdcce12bd,SUPERMODEL,2022-05-31,XW,Official
Måneskin,2021,Zitti e buoni,Italy,1,3862342a-43c4-4cdb-8250-bfdbfb5e1419,ba846fba-82bf-4738-add0-ebbec6705c8c,Rush! (Are U Coming?),2023-11-20,,Official
Måneskin,2021,Zitti e buoni,Italy,1,3862342a-43c4-4cdb-8250-bfdbfb5e1419,c0f8fa29-2317-49c1-a9b8-1bbe022a8f21,L’altra dimensione,2019-04-11,XW,Official
Måneskin,2021,Zitti e buoni,Italy,1,3862342a-43c4-4cdb-8250-bfdbfb5e1419,c1244329-4bd7-4514-8374-3177bf171ff2,I Wanna Be Your Slave,2021-08-06,XW,Official
Måneskin,2021,Zitti e buoni,Italy,1,3862342a-43c4-4cdb-8250-bfdbfb5e1419,c49d7237-e2d8-4c1e-91ff-0efd8acfe6df,Chosen,2017-12-13,XW,Official
Måneskin,2021,Zitti e buoni,Italy,1,3862342a-43c4-4cdb-8250-bfdbfb5e1419,c78c3c10-ca01-4e73-bfa5-79dbc03040fd,GOSSIP,2023-01-13,,Official
Måneskin,2021,Zitti e buoni,Italy,1,3862342a-43c4-4cdb-8250-bfdbfb5e1419,c9b6f309-a8d8-4a4b-b64b-dfb007a7e30c,Le parole lontane,2019-09-13,XW,Official
Måneskin,2021,Zitti e buoni,Italy,1,3862342a-43c4-4cdb-8250-bfdbfb5e1419,d56b98f4-d5a4-4e56-85cc-7938fcf47074,I Wanna Be Your Slave,2021-08-06,XE,Official
Måneskin,2021,Zitti e buoni,Italy,1,3862342a-43c4-4cdb-8250-bfdbfb5e1419,d8981191-8271-4578-9d11-9c789ada1589,Live In Japan - Rush! World Tour,2024-07-31,JP,Official
Måneskin,2021,Zitti e buoni,Italy,1,3862342a-43c4-4cdb-8250-bfdbfb5e1419,daa68193-12d9-4c6f-a002-5ae6c7a5fe40,RUSH!,2023-01-20,,Official
Måneskin,2021,Zitti e buoni,Italy,1,3862342a-43c4-4cdb-8250-bfdbfb5e1419,db34de14-14d0-45a9-b0f4-9f37383273b7,If I Can Dream,2022-07-29,XW,Official
Måneskin,2021,Zitti e buoni,Italy,1,3862342a-43c4-4cdb-8250-bfdbfb5e1419,e0f0bd2e-8a94-450f-b61e-5e9cfc737834,Valentine,2023-11-17,XW,Official
Måneskin,2021,Zitti e buoni,Italy,1,3862342a-43c4-4cdb-8250-bfdbfb5e1419,e45f3c47-097e-4c60-bb91-cad31bb4c225,GOSSIP,2023-01-13,,Official
Måneskin,2021,Zitti e buoni,Italy,1,3862342a-43c4-4cdb-8250-bfdbfb5e1419,e6a18e60-d9b2-4a0a-8238-452a7ca09b10,THE LONELIEST,2022-10-07,,Official
Måneskin,2021,Zitti e buoni,Italy,1,3862342a-43c4-4cdb-8250-bfdbfb5e1419,e6e49565-d482-43bb-ad11-bf106f0d31e0,If I Can Dream,2022-06-16,,Official
Måneskin,2021,Zitti e buoni,Italy,1,3862342a-43c4-4cdb-8250-bfdbfb5e1419,e8dc73bd-b8a8-4a87-b548-ef52288f0c8a,Baby Said,2023-03-03,XW,Official
Måneskin,2021,Zitti e buoni,Italy,1,3862342a-43c4-4cdb-8250-bfdbfb5e1419,f92b7dc1-d890-40cc-8cf4-86d311439c2a,Fear for Nobody,2019-01-18,XW,Official
Måneskin,2021,Zitti e buoni,Italy,1,3862342a-43c4-4cdb-8250-bfdbfb5e1419,fa002894-0a54-42ba-8bd1-04f613e0b1ca,HONEY (ARE U COMING?),2023-09-01,AF,Official
Måneskin,2021,Zitti e buoni,Italy,1,3862342a-43c4-4cdb-8250-bfdbfb5e1419,fda64d92-c523-4aca-96b7-431cdc044e99,I Wanna Be Your Slave,2021-07-15,XW,Official
Måneskin,2021,Zitti e buoni,Italy,1,3862342a-43c4-4cdb-8250-bfdbfb5e1419,ff1c67cb-6808-485a-8593-0a57c7f5ebf0,Zitti e buoni,2021-03-03,XW,Official
Barbara Pravi,2021,Voilà,France,2,65e62f84-e581-4375-a650-8f2d394b05b3,1a4c1bbb-c019-45ac-aa50-1a723d9e502e,You Are the Reason (French duet version),2018-06-01,XW,Official
Barbara Pravi,2021,Voilà,France,2,65e62f84-e581-4375-a650-8f2d394b05b3,2ca97b72-3f87-45b4-abd8-c04a0cf5a527,CHAIR,2020-03-08,XW,Official
Barbara Pravi,2021,Voilà,France,2,65e62f84-e581-4375-a650-8f2d394b05b3,2efdd0d3-f46c-4243-8efd-31bb82cbc2a3,Le Malamour (acoustic),2019-03-08,XW,Official
Barbara Pravi,2021,Voilà,France,2,65e62f84-e581-4375-a650-8f2d394b05b3,56cc81ee-2f97-41bc-ad3d-e156b45f89d9,On n’enferme pas les oiseaux,2021-08-27,FR,Official
Barbara Pravi,2021,Voilà,France,2,65e62f84-e581-4375-a650-8f2d394b05b3,5c8e821b-1a95-4052-8bf9-2ceb7542465b,Marianne,2024-03-08,FR,Official
Barbara Pravi,2021,Voilà,France,2,65e62f84-e581-4375-a650-8f2d394b05b3,6665b54f-cc94-4641-8432-4ca7e483912b,On m’appelle Heidi,2016-01-04,DZ,Official
Barbara Pravi,2021,Voilà,France,2,65e62f84-e581-4375-a650-8f2d394b05b3,66f3e307-6065-40cd-89d6-8740e526cdcb,l’exil et l’asile,2025-03-07,,Official
Barbara Pravi,2021,Voilà,France,2,65e62f84-e581-4375-a650-8f2d394b05b3,6a6c6642-c947-415a-b80d-570445d05570,Reviens pour l’hiver,2020-02-07,XW,Official
Barbara Pravi,2021,Voilà,France,2,65e62f84-e581-4375-a650-8f2d394b05b3,6cad0d05-9788-4e03-ae6f-22107b5bbfab,Prière pour reconstruire,2026-03-06,XW,Official
Barbara Pravi,2021,Voilà,France,2,65e62f84-e581-4375-a650-8f2d394b05b3,6da26dc3-ce0a-4f55-914d-dcc842c4643b,Où es-tu ?,2025-10-24,,Official
Barbara Pravi,2021,Voilà,France,2,65e62f84-e581-4375-a650-8f2d394b05b3,813214c5-ca19-4f4d-ba77-66edde85c4ab,Lève-toi,2023-03-08,FR,Official
Barbara Pravi,2021,Voilà,France,2,65e62f84-e581-4375-a650-8f2d394b05b3,815ff021-4920-4802-a4ed-52d990c18de4,365,2022-07-13,,Official
Barbara Pravi,2021,Voilà,France,2,65e62f84-e581-4375-a650-8f2d394b05b3,8bfcdbcd-3c6f-49bd-9b88-fa3fbb7dbd4b,Les prières,2021-03-08,XW,Official
Barbara Pravi,2021,Voilà,France,2,65e62f84-e581-4375-a650-8f2d394b05b3,8e5def69-f8cd-4f86-b95f-79119d86d252,Voilà,2020-11-06,XW,Official
Barbara Pravi,2021,Voilà,France,2,65e62f84-e581-4375-a650-8f2d394b05b3,8e933c69-2cae-4d30-8272-27a5edd13f66,La Pieva (Chez moi),2024-06-07,,Official
Barbara Pravi,2021,Voilà,France,2,65e62f84-e581-4375-a650-8f2d394b05b3,90544c2a-1f23-4fd6-9c5d-2b78146c0db5,l’homme et l’oiseau,2021-07-09,XW,Official
Barbara Pravi,2021,Voilà,France,2,65e62f84-e581-4375-a650-8f2d394b05b3,911ea79c-8357-479c-8440-46a07e7d5b11,On n’enferme pas les oiseaux,2021-08-27,XW,Official
Barbara Pravi,2021,Voilà,France,2,65e62f84-e581-4375-a650-8f2d394b05b3,92aa857b-b460-4f69-a77b-524317107787,La Pieva,2024-09-06,FR,Official
Barbara Pravi,2021,Voilà,France,2,65e62f84-e581-4375-a650-8f2d394b05b3,9c81d60a-4cda-43ac-9d17-7c9fa217622f,Les prières - Guérir,2023-01-06,FR,Official
Barbara Pravi,2021,Voilà,France,2,65e62f84-e581-4375-a650-8f2d394b05b3,a0a25a89-16db-41a2-8f7b-59ead1a5aace,Les Prières - Racines,2022-01-28,FR,Official
Barbara Pravi,2021,Voilà,France,2,65e62f84-e581-4375-a650-8f2d394b05b3,ae8dc7df-d6a6-445b-abd4-cb1296788ece,Bravo,2024-01-19,XW,Official
Barbara Pravi,2021,Voilà,France,2,65e62f84-e581-4375-a650-8f2d394b05b3,e3200f5d-181a-4a58-afb0-45b7ea8672d3,Des éclats dans les nuages,2025-08-01,,Official
Barbara Pravi,2021,Voilà,France,2,65e62f84-e581-4375-a650-8f2d394b05b3,ee2bc5b8-2f5c-40ef-a9bd-a2e54cf9d0a0,Barbara Pravi,2018-06-15,XW,Official
Barbara Pravi,2021,Voilà,France,2,65e62f84-e581-4375-a650-8f2d394b05b3,f1c1b588-1e6f-41f0-997e-9b5851d0ab35,Les Prières-Racines,2021-11-23,FR,Official
Barbara Pravi,2021,Voilà,France,2,65e62f84-e581-4375-a650-8f2d394b05b3,f536918d-8fc5-45d2-89a7-5942f4fad7d0,On m’appelle Heidi,2016-01-04,AF,Official
Gjon's Tears,2021,Tout l'univers,Switzerland,3,b7ef437a-6ad1-481e-9b58-1af58f371e54,8fdd748c-5ec1-488f-bf12-7d64975cbf0f,Cancer,2023-04-27,XW,Official
Gjon's Tears,2021,Tout l'univers,Switzerland,3,b7ef437a-6ad1-481e-9b58-1af58f371e54,911b94f8-2338-4945-9a62-2139b57baf8c,Répondez‐moi (Sunlike Brothers remix),2020-08-14,XW,Official
Gjon's Tears,2021,Tout l'univers,Switzerland,3,b7ef437a-6ad1-481e-9b58-1af58f371e54,b562eeac-bea3-4ffe-85b9-2e39da7fb0a2,Heavenbound (French version),2023-03-28,XW,Official
Gjon's Tears,2021,Tout l'univers,Switzerland,3,b7ef437a-6ad1-481e-9b58-1af58f371e54,d3b6ad56-7d24-4947-81bb-e1e1f2b926cb,The Game,2023-04-28,XW,Official
Gjon's Tears,2021,Tout l'univers,Switzerland,3,b7ef437a-6ad1-481e-9b58-1af58f371e54,e40ceaef-5a7e-4c1a-91b5-508271788cd3,The Game,2023-04-28,,
Gjon's Tears,2021,Tout l'univers,Switzerland,3,b7ef437a-6ad1-481e-9b58-1af58f371e54,eaa0ed80-0612-4a15-b862-c5f40c7abf2f,Répondez‐moi,2020-03-06,DZ,Official
Gjon's Tears,2021,Tout l'univers,Switzerland,3,b7ef437a-6ad1-481e-9b58-1af58f371e54,fc222706-914f-4821-b340-23525d61bf8e,Tout l’univers,2021-03-10,AF,Official
Go_A,2021,Shum,Ukraine,5,80b54212-19f5-42ce-bfd7-e08db9c298ae,055bf0a5-f385-4a6a-b61c-fd4cdae9eee0,Ой у полі,2014-01-28,XW,Official
Go_A,2021,Shum,Ukraine,5,80b54212-19f5-42ce-bfd7-e08db9c298ae,0977dc29-4cc2-4224-8922-69f4fde852ca,Щедрий вечір,2017-01-12,UA,Withdrawn
Go_A,2021,Shum,Ukraine,5,80b54212-19f5-42ce-bfd7-e08db9c298ae,09a7a22a-690b-4935-b89d-869b910d74a1,Коляда,2012-12-20,XW,Official
Go_A,2021,Shum,Ukraine,5,80b54212-19f5-42ce-bfd7-e08db9c298ae,19bf6d4e-4656-46a5-9e15-76bf45d26f54,Сонце,2014-02-27,XW,Official
Go_A,2021,Shum,Ukraine,5,80b54212-19f5-42ce-bfd7-e08db9c298ae,27135d14-25b9-4384-b4a5-314b1fbed61f,#Ідиназвук,2016-11-29,XW,Withdrawn
Go_A,2021,Shum,Ukraine,5,80b54212-19f5-42ce-bfd7-e08db9c298ae,2a6832c5-8692-421c-aa97-48e03b13aa89,Kolyada,,,Pseudo-Release
Go_A,2021,Shum,Ukraine,5,80b54212-19f5-42ce-bfd7-e08db9c298ae,2ff2163a-f8fc-4f6e-b7d3-4a558e69b410,#Ідиназвук,2016-11-29,UA,Official
Go_A,2021,Shum,Ukraine,5,80b54212-19f5-42ce-bfd7-e08db9c298ae,3655ec18-b2d7-46ab-af38-4219525bfe90,SHUM,2021-08-03,XW,Official
Go_A,2021,Shum,Ukraine,5,80b54212-19f5-42ce-bfd7-e08db9c298ae,4716ea5b-e986-4724-8c3e-1bf37d131f49,#Idynazvuk,,,Pseudo-Release
Go_A,2021,Shum,Ukraine,5,80b54212-19f5-42ce-bfd7-e08db9c298ae,4bec1097-812a-4fad-8238-b3d89b719668,Танула,2014-01-28,XW,Official
Go_A,2021,Shum,Ukraine,5,80b54212-19f5-42ce-bfd7-e08db9c298ae,5701b014-8559-4c10-bc02-a740d5f2de6f,Vorozhyla,2024-09-06,XW,Official
Go_A,2021,Shum,Ukraine,5,80b54212-19f5-42ce-bfd7-e08db9c298ae,575b890e-c7b5-46d8-a8e4-2c5ac6625848,Dumala,2023-11-23,XW,Official
Go_A,2021,Shum,Ukraine,5,80b54212-19f5-42ce-bfd7-e08db9c298ae,6bc07fec-b4ef-405a-acaf-710f9e1dc240,SHUM (obsqr. remix),2021-07-27,XW,Official
Go_A,2021,Shum,Ukraine,5,80b54212-19f5-42ce-bfd7-e08db9c298ae,7675b5a7-6c83-46e5-80e1-b646e39535eb,Шум (radio edit),2021-04-02,XW,Official
Go_A,2021,Shum,Ukraine,5,80b54212-19f5-42ce-bfd7-e08db9c298ae,78a1f04d-9c5f-490c-b6ef-5a8fcc396b22,Добрим людям на здоров’я,2020-12-18,XW,Official
Go_A,2021,Shum,Ukraine,5,80b54212-19f5-42ce-bfd7-e08db9c298ae,7dbf47bc-0d9e-417d-937f-7c2fce944c00,Oi u poli,,,Pseudo-Release
Go_A,2021,Shum,Ukraine,5,80b54212-19f5-42ce-bfd7-e08db9c298ae,81eff8c5-ce3a-4f3a-96a6-227321493865,Krip,2024-04-24,XW,Official
Go_A,2021,Shum,Ukraine,5,80b54212-19f5-42ce-bfd7-e08db9c298ae,8333eb8f-0fa8-4b3c-9880-4638c59b28dc,Соловей,2020-02-04,UA,Withdrawn
Go_A,2021,Shum,Ukraine,5,80b54212-19f5-42ce-bfd7-e08db9c298ae,8c53d559-48d3-4e0a-a752-9a459abcad51,SHUM (DJ NANA remix),2021-05-07,XW,Official
Go_A,2021,Shum,Ukraine,5,80b54212-19f5-42ce-bfd7-e08db9c298ae,90e6063b-ce70-4e4a-a989-2c4358822df1,Vorozhyla,2023-08-24,XW,Official
Go_A,2021,Shum,Ukraine,5,80b54212-19f5-42ce-bfd7-e08db9c298ae,95a28c7d-8d2e-40a2-931d-8f14f5411221,Tanula,,,Pseudo-Release
Go_A,2021,Shum,Ukraine,5,80b54212-19f5-42ce-bfd7-e08db9c298ae,ac95b4ce-5f42-4b5a-bcdb-c8e79334f2ee,найкращі пісні,2020,,Bootleg
Go_A,2021,Shum,Ukraine,5,80b54212-19f5-42ce-bfd7-e08db9c298ae,ae19ddea-689c-445c-9b77-ea6e221098b5,Shum (Billx remix),2021-09-24,XW,Official
Go_A,2021,Shum,Ukraine,5,80b54212-19f5-42ce-bfd7-e08db9c298ae,b33460ad-9dc3-479a-9b22-524e0f9ba704,Solovey,2020-03-04,XW,Official
Go_A,2021,Shum,Ukraine,5,80b54212-19f5-42ce-bfd7-e08db9c298ae,b65d273f-d201-4861-955c-cf805c3e8447,Веснянка,2015,,Official
Go_A,2021,Shum,Ukraine,5,80b54212-19f5-42ce-bfd7-e08db9c298ae,bd606b1b-2a50-4dfe-812c-a8c247b9e8da,Рано-раненько,2019,UA,Official
Go_A,2021,Shum,Ukraine,5,80b54212-19f5-42ce-bfd7-e08db9c298ae,c15982f1-202b-4e3d-bbd0-1b2364767b97,Rano-ranenko,,,Pseudo-Release
Go_A,2021,Shum,Ukraine,5,80b54212-19f5-42ce-bfd7-e08db9c298ae,c4f49a2a-dedd-4e93-9181-e83b3e948e8f,SHUM,2021-03-10,XW,Official
Go_A,2021,Shum,Ukraine,5,80b54212-19f5-42ce-bfd7-e08db9c298ae,cb94d160-f9a5-44f7-90bf-10e5db5b116b,Dobrym lyudyam na zdorov'ya,,,Pseudo-Release
Go_A,2021,Shum,Ukraine,5,80b54212-19f5-42ce-bfd7-e08db9c298ae,d81c2735-4ee4-4ec1-a3df-89baa97112fd,Шум,2021-01-22,XW,Official
Go_A,2021,Shum,Ukraine,5,80b54212-19f5-42ce-bfd7-e08db9c298ae,ec603048-4e75-4593-b0c5-1e10b5dd6dad,Kalyna,2022-03-18,,Official
Go_A,2021,Shum,Ukraine,5,80b54212-19f5-42ce-bfd7-e08db9c298ae,f43b0090-0740-47a2-b418-80d0d1db0f33,Shchedryi vechir,,,Pseudo-Release
Go_A,2021,Shum,Ukraine,5,80b54212-19f5-42ce-bfd7-e08db9c298ae,f611189d-0a2a-476a-b56d-247d83eacac7,#Ідиназвук,2016-12-01,XW,Withdrawn
Go_A,2021,Shum,Ukraine,5,80b54212-19f5-42ce-bfd7-e08db9c298ae,fe56cd20-ab5e-47d5-b3d7-a22a657a095f,Rusalochki,2023-06-15,XW,Official
Blind Channel,2021,Dark Side,Finland,6,84cae50d-bdab-4597-89a3-0ebb06ca2247,0630d1ba-d7f5-4157-b573-daa44a3ac4f8,Over My Dead Body,2018-11-16,XW,Official
Blind Channel,2021,Dark Side,Finland,6,84cae50d-bdab-4597-89a3-0ebb06ca2247,08cd3bea-08a3-42e5-bbf6-390f4e6bcb43,Exit Emotions,2024-03-01,XW,Official
Blind Channel,2021,Dark Side,Finland,6,84cae50d-bdab-4597-89a3-0ebb06ca2247,0a3a56a2-8b10-4491-a80c-4f70fdbdf314,Everybody (Backstreet's Back) (idobi session),2024,,
Blind Channel,2021,Dark Side,Finland,6,84cae50d-bdab-4597-89a3-0ebb06ca2247,0b932cc2-c842-41a6-84f9-1c70d7ecf090,Blood Brothers,2018-04-20,DK,Official
Blind Channel,2021,Dark Side,Finland,6,84cae50d-bdab-4597-89a3-0ebb06ca2247,1267b722-25a9-448d-a318-74ac58643724,Alive or Only Burning,2022-09-09,XW,Official
Blind Channel,2021,Dark Side,Finland,6,84cae50d-bdab-4597-89a3-0ebb06ca2247,143956c8-7fb0-4111-8b28-15a78997d248,Left Outside Alone,2020-07-01,AT,Official
Blind Channel,2021,Dark Side,Finland,6,84cae50d-bdab-4597-89a3-0ebb06ca2247,148e0157-fff7-48a6-97a2-1de8833cfc5c,Violent Pop,2020-03-06,DK,Official
Blind Channel,2021,Dark Side,Finland,6,84cae50d-bdab-4597-89a3-0ebb06ca2247,15f332b5-c2ab-4203-815f-3bc92b64afa6,Left Outside Alone,2020-07-01,AF,Official
Blind Channel,2021,Dark Side,Finland,6,84cae50d-bdab-4597-89a3-0ebb06ca2247,1612a57d-1208-4c7d-8815-8b42def2bdfc,Snake,2019-06-07,XW,Official
Blind Channel,2021,Dark Side,Finland,6,84cae50d-bdab-4597-89a3-0ebb06ca2247,19d29748-591e-4dbe-b7bd-f9b992df12ad,Violent Pop,2020-03-06,,Official
Blind Channel,2021,Dark Side,Finland,6,84cae50d-bdab-4597-89a3-0ebb06ca2247,1a93d3da-7661-4ac0-9549-5409ffa12ea3,Calling Out,2014-03-21,XW,Official
Blind Channel,2021,Dark Side,Finland,6,84cae50d-bdab-4597-89a3-0ebb06ca2247,1be6be7f-3e8b-4c45-8dbf-3719b5dd1b94,HAPPY DOOMSDAY,2023-05-12,AF,Official
Blind Channel,2021,Dark Side,Finland,6,84cae50d-bdab-4597-89a3-0ebb06ca2247,1da9352e-d15d-457d-a92c-5226ea74e303,Deja Fu,2016-06-22,XW,Official
Blind Channel,2021,Dark Side,Finland,6,84cae50d-bdab-4597-89a3-0ebb06ca2247,1fd69ce8-db65-4b99-af5c-acd3bffa8369,Deadzone,2023-08-24,XW,Official
Blind Channel,2021,Dark Side,Finland,6,84cae50d-bdab-4597-89a3-0ebb06ca2247,27bfbf90-de23-4015-ae4d-27a9835f9403,Bad Idea - Alex Mattson Remix,2022-12-23,XW,Official
Blind Channel,2021,Dark Side,Finland,6,84cae50d-bdab-4597-89a3-0ebb06ca2247,2b3fcfd9-421a-41ad-aaa2-a823723481c4,Dark Side,2021-01-21,FI,Official
Blind Channel,2021,Dark Side,Finland,6,84cae50d-bdab-4597-89a3-0ebb06ca2247,324b3930-1734-4ec0-b75d-b9f9d3b0129f,Wolfpack,2018-03-09,XW,Official
Blind Channel,2021,Dark Side,Finland,6,84cae50d-bdab-4597-89a3-0ebb06ca2247,330febda-453a-4736-b90c-a003c9365d2f,Fever,2020-01-03,XW,Official
Blind Channel,2021,Dark Side,Finland,6,84cae50d-bdab-4597-89a3-0ebb06ca2247,3a0cc1de-97d7-43ee-9586-62ba2b32640f,Timebomb,2019-03-15,XW,Official
Blind Channel,2021,Dark Side,Finland,6,84cae50d-bdab-4597-89a3-0ebb06ca2247,42acf710-ff4f-4b5b-a177-9903920cefc0,Exit Emotions,2024-03-01,XE,Official
Blind Channel,2021,Dark Side,Finland,6,84cae50d-bdab-4597-89a3-0ebb06ca2247,45b53ac9-471a-4db2-885f-c5b897d2a99d,Don't,2015-09-25,XW,Official
Blind Channel,2021,Dark Side,Finland,6,84cae50d-bdab-4597-89a3-0ebb06ca2247,46197db9-3374-413a-8f0b-ed234882c9e0,Revolutions,2016-09-30,DK,Official
Blind Channel,2021,Dark Side,Finland,6,84cae50d-bdab-4597-89a3-0ebb06ca2247,5dae273c-f4e0-43d6-b0c1-9af773538ecc,Blood Brothers,2018,FI,Official
Blind Channel,2021,Dark Side,Finland,6,84cae50d-bdab-4597-89a3-0ebb06ca2247,6696430b-6213-4e97-8956-93138bc187ed,Dark Side,2021-01-21,AF,Official
Blind Channel,2021,Dark Side,Finland,6,84cae50d-bdab-4597-89a3-0ebb06ca2247,6750dd36-209a-47fe-b5bc-f48b6d04e38f,Revolutions,2016-09-30,AF,Official
Blind Channel,2021,Dark Side,Finland,6,84cae50d-bdab-4597-89a3-0ebb06ca2247,6bbc0d65-9c90-43ad-b26b-32b08cfb09ed,Blood Brothers,2018-04-20,AT,Official
Blind Channel,2021,Dark Side,Finland,6,84cae50d-bdab-4597-89a3-0ebb06ca2247,76382e20-710b-4c6f-9558-0008adeab561,Foreshadow,2015-06-23,XW,Official
Blind Channel,2021,Dark Side,Finland,6,84cae50d-bdab-4597-89a3-0ebb06ca2247,8444b8a9-6cb7-45f0-81eb-05b8e1573f02,Lifestyles of the Sick & Dangerous,2022-07-08,XE,Official
Blind Channel,2021,Dark Side,Finland,6,84cae50d-bdab-4597-89a3-0ebb06ca2247,8565a62e-1391-43e3-8896-460f7c984e68,Died Enough for You,2019-11-22,XW,Official
Blind Channel,2021,Dark Side,Finland,6,84cae50d-bdab-4597-89a3-0ebb06ca2247,8915302a-72d0-4671-8748-f9e374190573,We Are No Saints,2021-11-12,XW,Official
Blind Channel,2021,Dark Side,Finland,6,84cae50d-bdab-4597-89a3-0ebb06ca2247,8b8d07eb-6cd3-4365-a9ed-fe57980367de,Violent Pop,2020-03-06,AF,Official
Blind Channel,2021,Dark Side,Finland,6,84cae50d-bdab-4597-89a3-0ebb06ca2247,93d5c956-3645-4e3c-91a2-ff23b0ea212f,Violent Pop,2020-03-06,AT,Official
Blind Channel,2021,Dark Side,Finland,6,84cae50d-bdab-4597-89a3-0ebb06ca2247,9c14c7af-2575-4105-8891-27f89e2975cc,Out of Town,2018-03-29,XW,Official
Blind Channel,2021,Dark Side,Finland,6,84cae50d-bdab-4597-89a3-0ebb06ca2247,9d4b1e80-65b1-4be7-a076-057dd856d164,Can't Hold Us,2017-03-03,XW,Official
Blind Channel,2021,Dark Side,Finland,6,84cae50d-bdab-4597-89a3-0ebb06ca2247,9da4d92a-a175-4c80-b572-0aad73051cb8,Lifestyles of the Sick & Dangerous,2022-07-08,XW,Official
Blind Channel,2021,Dark Side,Finland,6,84cae50d-bdab-4597-89a3-0ebb06ca2247,a25978f9-2338-4749-a1cb-70f98520157c,Alone Against All,2018-03-05,XW,Official
Blind Channel,2021,Dark Side,Finland,6,84cae50d-bdab-4597-89a3-0ebb06ca2247,a975bb7d-81fd-4668-b758-b52253f498a5,Sharks Love Blood,2018-03-09,XW,Official
Blind Channel,2021,Dark Side,Finland,6,84cae50d-bdab-4597-89a3-0ebb06ca2247,aa338c44-4a07-45a5-bacc-abd545294625,Don't Fix Me,2022-06-09,XW,Official
Blind Channel,2021,Dark Side,Finland,6,84cae50d-bdab-4597-89a3-0ebb06ca2247,ae3fe33a-f7fb-46f3-9ded-a7c96cf0f250,Enemy for Me,2016-09-16,XW,Official
Blind Channel,2021,Dark Side,Finland,6,84cae50d-bdab-4597-89a3-0ebb06ca2247,bcb1259e-e563-479f-b2fd-e8dd1fc835e8,Dark Side (idobi Session),2024,,
Blind Channel,2021,Dark Side,Finland,6,84cae50d-bdab-4597-89a3-0ebb06ca2247,bd04f9d2-6441-46dc-a960-04f115cdbdc6,Unforgiving,2015-06-12,XW,Official
Blind Channel,2021,Dark Side,Finland,6,84cae50d-bdab-4597-89a3-0ebb06ca2247,cdff4792-0aaf-4253-bdf6-7eb3310a1bc5,Bad Idea,2022-02-24,XW,Official
Blind Channel,2021,Dark Side,Finland,6,84cae50d-bdab-4597-89a3-0ebb06ca2247,cf9e1073-5539-4276-a71b-d6129776aa9d,EVERYBODY (BLOODBROS BACK),2024-09-13,XW,Official
Blind Channel,2021,Dark Side,Finland,6,84cae50d-bdab-4597-89a3-0ebb06ca2247,da7aab65-b852-483f-aaf6-ab266df86d3d,Darker Than Black,2016-02-19,XW,Official
Blind Channel,2021,Dark Side,Finland,6,84cae50d-bdab-4597-89a3-0ebb06ca2247,db3d80fb-a81b-45e4-930c-1abc0b40fff6,DEADZONE (idobi Session),2024,,
Blind Channel,2021,Dark Side,Finland,6,84cae50d-bdab-4597-89a3-0ebb06ca2247,df2c385b-c2f2-4d28-9eac-bbe6d64a4ff5,Left Outside Alone,2020-07-01,DK,Official
Blind Channel,2021,Dark Side,Finland,6,84cae50d-bdab-4597-89a3-0ebb06ca2247,eae7f776-a396-41f0-9bc8-5ff949dd96c2,Blood Brothers,2018-04-20,AF,Official
Blind Channel,2021,Dark Side,Finland,6,84cae50d-bdab-4597-89a3-0ebb06ca2247,fbba66e7-f214-40a6-a53d-612e843ba9ea,Balboa,2021-08-13,XW,Official
Blind Channel,2021,Dark Side,Finland,6,84cae50d-bdab-4597-89a3-0ebb06ca2247,ffce847e-36ba-426a-b779-f5c3d3e19ce5,Naysayers,2014-03-21,XW,Official
Destiny,2021,Je Me Casse,Malta,7,a796b92e-c137-4895-9c89-10f900617a4f,000f5480-1eb4-4423-9d3f-d2de09c1d137,No No No,1998-02-23,XE,Official
Destiny,2021,Je Me Casse,Malta,7,a796b92e-c137-4895-9c89-10f900617a4f,006ff038-36c2-4030-b89b-86ef8cc0fd00,Illusion,1998-02-01,XW,Official
Destiny,2021,Je Me Casse,Malta,7,a796b92e-c137-4895-9c89-10f900617a4f,015ff5e5-5da3-4433-8af3-b512bca06597,With Me Part II,1998,US,Promotion
Destiny,2021,Je Me Casse,Malta,7,a796b92e-c137-4895-9c89-10f900617a4f,034d0533-6a54-42b7-a536-a653127021a1,Survivor,2001-04-30,XE,Official
Destiny,2021,Je Me Casse,Malta,7,a796b92e-c137-4895-9c89-10f900617a4f,04350c11-83ee-34f7-a962-a17ef07a8d1c,The Writing’s on the Wall,1999,AU,Official
Destiny,2021,Je Me Casse,Malta,7,a796b92e-c137-4895-9c89-10f900617a4f,084ff98e-50ba-4bf4-9f36-f852aa2cf7a4,"Independent Women, Part I (Charlie's Angels OST)",2000,XE,Official
Destiny,2021,Je Me Casse,Malta,7,a796b92e-c137-4895-9c89-10f900617a4f,0b20ee07-b91e-42ca-bba8-37e9e8c4fc8f,Bug a Boo,1999,NL,Official
Destiny,2021,Je Me Casse,Malta,7,a796b92e-c137-4895-9c89-10f900617a4f,0cd7f66c-b8a2-4a93-810c-9b21ea2d1a6e,Illusion,1998,XE,Promotion
Destiny,2021,Je Me Casse,Malta,7,a796b92e-c137-4895-9c89-10f900617a4f,0f75025a-d0bf-4774-a35a-d0384edc48e2,Bug a Boo,1999,XE,Official
Destiny,2021,Je Me Casse,Malta,7,a796b92e-c137-4895-9c89-10f900617a4f,14e5cdff-79dd-4494-a8a6-0e26fd4b2c09,Survivor,2001-04-01,XE,Official
Destiny,2021,Je Me Casse,Malta,7,a796b92e-c137-4895-9c89-10f900617a4f,16a23e86-49bf-4be6-b8bc-fe17c1a5e205,"Jumpin’, Jumpin’",2000-08-28,XE,Official
Destiny,2021,Je Me Casse,Malta,7,a796b92e-c137-4895-9c89-10f900617a4f,16feb2ec-b8c6-42cb-9a35-13f85996b68a,No No No,1998-02-23,GB,Official
Destiny,2021,Je Me Casse,Malta,7,a796b92e-c137-4895-9c89-10f900617a4f,1be41539-b4e8-4438-88ac-e38b90b4bf15,Survivor,2001-04-25,JP,Official
Destiny,2021,Je Me Casse,Malta,7,a796b92e-c137-4895-9c89-10f900617a4f,1d0f7cfe-e624-4573-9a68-70ce1d6c40f7,"Bills, Bills, Bills",1999,US,Promotion
Destiny,2021,Je Me Casse,Malta,7,a796b92e-c137-4895-9c89-10f900617a4f,1dd35a2a-7d21-4f77-9e9c-5610ad245ffe,With Me,1998,GB,Official
Destiny,2021,Je Me Casse,Malta,7,a796b92e-c137-4895-9c89-10f900617a4f,219e4693-0083-48ab-975d-b31ce5f9e9a0,With Me,1998,XE,Official
Destiny,2021,Je Me Casse,Malta,7,a796b92e-c137-4895-9c89-10f900617a4f,24cdd084-5d59-4346-aceb-0cdd8ee64d15,The Writing's on the Wall,1999,XE,Official
Destiny,2021,Je Me Casse,Malta,7,a796b92e-c137-4895-9c89-10f900617a4f,285bbe5b-4508-42ba-889d-3bcd91699de4,"Jumpin’, Jumpin’",2000,BR,Promotion
Destiny,2021,Je Me Casse,Malta,7,a796b92e-c137-4895-9c89-10f900617a4f,2bf107f7-6092-487f-b83f-e98b83b09b10,Jumpin’ Jumpin’,2000-07-17,GB,Official
Destiny,2021,Je Me Casse,Malta,7,a796b92e-c137-4895-9c89-10f900617a4f,2da22945-7f38-467d-b468-56874d1fa5fc,"Jumpin’, Jumpin’",2000,US,Promotion
Destiny,2021,Je Me Casse,Malta,7,a796b92e-c137-4895-9c89-10f900617a4f,2eebb36d-ecd7-4494-b944-8a3223299d33,Bootylicious (Rockwilder Remix),2001-06-18,US,Promotion
Destiny,2021,Je Me Casse,Malta,7,a796b92e-c137-4895-9c89-10f900617a4f,307361b9-8c9e-463f-9854-c862094f3048,bug a boo,1999,US,Official
Destiny,2021,Je Me Casse,Malta,7,a796b92e-c137-4895-9c89-10f900617a4f,343274a7-62df-4433-b3ac-7f4da703ef7e,Thug Love,2000,US,Official
Destiny,2021,Je Me Casse,Malta,7,a796b92e-c137-4895-9c89-10f900617a4f,351c0e2c-876b-42b6-b964-987ad452f9a0,Bridges,1997,US,Promotion
Destiny,2021,Je Me Casse,Malta,7,a796b92e-c137-4895-9c89-10f900617a4f,3bb9ec68-8e88-473b-b11d-d7bcc65fe824,No No No,1997-11-11,US,Official
Destiny,2021,Je Me Casse,Malta,7,a796b92e-c137-4895-9c89-10f900617a4f,411976a6-9f82-4359-ad88-db710027eb12,Superlow Mix,2001-08,US,Promotion
Destiny,2021,Je Me Casse,Malta,7,a796b92e-c137-4895-9c89-10f900617a4f,462c6e28-3cb5-4862-a4e3-a76fc8b3b6d2,She’s Gone,1998,GB,Official
Destiny,2021,Je Me Casse,Malta,7,a796b92e-c137-4895-9c89-10f900617a4f,47177103-f4b4-47d9-bcbb-0f9fd6a22113,Say My Name,1999,,Official
Destiny,2021,Je Me Casse,Malta,7,a796b92e-c137-4895-9c89-10f900617a4f,49292ab4-282f-4133-af39-54af69f03b49,"Bills, Bills, Bills",1999-06,XE,Official
Destiny,2021,Je Me Casse,Malta,7,a796b92e-c137-4895-9c89-10f900617a4f,49e4755e-212e-4bc3-b071-227c6505614f,No No No,1998,US,Official
Destiny,2021,Je Me Casse,Malta,7,a796b92e-c137-4895-9c89-10f900617a4f,4a4175db-c070-4c27-bfbd-17f0a1aeb581,The Writing's on the Wall,1999,XE,Official
Destiny,2021,Je Me Casse,Malta,7,a796b92e-c137-4895-9c89-10f900617a4f,4a9e4b11-9999-4174-8634-c15d2fd27aa3,Independent Women Part I,2000,US,Promotion
Destiny,2021,Je Me Casse,Malta,7,a796b92e-c137-4895-9c89-10f900617a4f,4ac0a63a-054e-40ad-8596-4b1bd0555610,Destiny's Child,1998-02-17,US,Official
Destiny,2021,Je Me Casse,Malta,7,a796b92e-c137-4895-9c89-10f900617a4f,4bcfd50b-2020-48b5-9cf5-0419673fe60d,"Independent Women, Part I (Charlie’s Angels OST)",2000,XE,Official
Destiny,2021,Je Me Casse,Malta,7,a796b92e-c137-4895-9c89-10f900617a4f,4d955842-746d-4973-8fb7-1240a542ad20,Say My Name,2000-03-27,GB,Official
Destiny,2021,Je Me Casse,Malta,7,a796b92e-c137-4895-9c89-10f900617a4f,4e75b066-7b4c-4540-ad8c-1bf983c27e20,Say My Name,2000-02-27,US,Official
Destiny,2021,Je Me Casse,Malta,7,a796b92e-c137-4895-9c89-10f900617a4f,4ea3146e-9ffa-3f93-9d20-7eb8175c1e59,The Writing's on the Wall,1999,NL,Official
Destiny,2021,Je Me Casse,Malta,7,a796b92e-c137-4895-9c89-10f900617a4f,5067df9e-6311-445f-8ebd-a785de14047d,No No No,1997,US,Promotion
Destiny,2021,Je Me Casse,Malta,7,a796b92e-c137-4895-9c89-10f900617a4f,51948641-399c-4459-b0cc-ee3bbd12bcc5,The Writing's on the Wall,1999-09-22,JP,Official
Destiny,2021,Je Me Casse,Malta,7,a796b92e-c137-4895-9c89-10f900617a4f,542dcefc-d403-4998-a192-3375be78962c,Independent Women,2000,US,Official
Destiny,2021,Je Me Casse,Malta,7,a796b92e-c137-4895-9c89-10f900617a4f,5bbbf578-b87e-4ae0-91dd-725840b80d78,The Writing’s on the Wall,1999-07-26,XW,Official
Destiny,2021,Je Me Casse,Malta,7,a796b92e-c137-4895-9c89-10f900617a4f,5d03e498-3dd9-4b77-8dd4-b66889a82b07,"Jumpin’, Jumpin’",2000-09,XE,Official
Destiny,2021,Je Me Casse,Malta,7,a796b92e-c137-4895-9c89-10f900617a4f,6101b846-862a-4c9a-9f26-bb7b6a387e56,No No No,1997-11-11,US,Official
Destiny,2021,Je Me Casse,Malta,7,a796b92e-c137-4895-9c89-10f900617a4f,65f8b810-d20e-491f-a454-f54956c6e22e,With Me,1998,XE,Official
Destiny,2021,Je Me Casse,Malta,7,a796b92e-c137-4895-9c89-10f900617a4f,66d75c20-cd01-4bcd-8369-bc1ad9d7b688,"Bills, Bills, Bills",1999-06-15,US,Official
Destiny,2021,Je Me Casse,Malta,7,a796b92e-c137-4895-9c89-10f900617a4f,683f14af-744b-4585-8497-c6f68a180fa1,Thug Love,2000,US,Promotion
Destiny,2021,Je Me Casse,Malta,7,a796b92e-c137-4895-9c89-10f900617a4f,6a0cb841-8652-40b9-b508-ee3047c356c5,Bootylicious,2001-07-17,US,Official
Destiny,2021,Je Me Casse,Malta,7,a796b92e-c137-4895-9c89-10f900617a4f,6c145d69-3457-4476-8c68-297986ca06cc,Destiny’s Child,1997,AU,Official
Destiny,2021,Je Me Casse,Malta,7,a796b92e-c137-4895-9c89-10f900617a4f,6d82c702-ce6a-4753-a9bd-c0a4d620a34a,With Me Part I,1998,US,Promotion
Destiny,2021,Je Me Casse,Malta,7,a796b92e-c137-4895-9c89-10f900617a4f,6e3d0638-91fc-4ee2-9619-de69e18ea46a,Bug A Boo,2000,AU,Official
Destiny,2021,Je Me Casse,Malta,7,a796b92e-c137-4895-9c89-10f900617a4f,70e2d1bb-48fd-44c2-9c06-d29a1b36e546,Bug a Boo,1999-10-18,GB,Official
Destiny,2021,Je Me Casse,Malta,7,a796b92e-c137-4895-9c89-10f900617a4f,75dca589-7ce4-43a1-8511-d28d2f8a13e7,Jumpin’ Jumpin’,2000,XE,Official
Destiny,2021,Je Me Casse,Malta,7,a796b92e-c137-4895-9c89-10f900617a4f,7ced8b2f-0a7b-4515-bd52-319d839bb956,Destiny’s Child,1998,US,Official
Destiny,2021,Je Me Casse,Malta,7,a796b92e-c137-4895-9c89-10f900617a4f,7d70177c-93c1-4077-829f-55ef9b9f8aa1,The Writing’s on the Wall,1999-07-28,US,Official
Destiny,2021,Je Me Casse,Malta,7,a796b92e-c137-4895-9c89-10f900617a4f,7ecd82ae-504f-4151-ae90-60ef73085c58,The Writing’s on the Wall,2000-11-27,XE,Official
Destiny,2021,Je Me Casse,Malta,7,a796b92e-c137-4895-9c89-10f900617a4f,80350a8f-919b-4691-9471-356d06b71ce3,Bug a Boo,1999-10-18,GB,Official
Destiny,2021,Je Me Casse,Malta,7,a796b92e-c137-4895-9c89-10f900617a4f,805a0602-398c-46d5-9653-d09f07af0ce8,"Jumpin’, Jumpin’",2000-08-28,XE,Official
Destiny,2021,Je Me Casse,Malta,7,a796b92e-c137-4895-9c89-10f900617a4f,858f6364-34ae-474f-ae39-d3fef189e8ac,"Bills, Bills, Bills",1999,AU,Official
Destiny,2021,Je Me Casse,Malta,7,a796b92e-c137-4895-9c89-10f900617a4f,86143336-7d66-49e5-b9b4-fddaf31f8a6c,Bug a Boo,1999,XE,Official
Destiny,2021,Je Me Casse,Malta,7,a796b92e-c137-4895-9c89-10f900617a4f,87dace8f-7e0f-4076-b697-25c6a7e60727,Women Rock! Girls & Guitars,2000-10-12,US,
Destiny,2021,Je Me Casse,Malta,7,a796b92e-c137-4895-9c89-10f900617a4f,87e5e954-c780-4396-a85d-75b327f0c7b9,Bug A Boo,1999,XE,Promotion
Destiny,2021,Je Me Casse,Malta,7,a796b92e-c137-4895-9c89-10f900617a4f,8e39e9d5-3da0-37f2-b41c-d357a8bdfb1f,The Writing’s on the Wall,2000,GB,Official
Destiny,2021,Je Me Casse,Malta,7,a796b92e-c137-4895-9c89-10f900617a4f,90269dd4-663d-43ff-9e64-661bfcd462b8,Say My Name,2000-04-10,XE,
Destiny,2021,Je Me Casse,Malta,7,a796b92e-c137-4895-9c89-10f900617a4f,93899186-a1e3-4d13-a21f-1679a7440962,The Writing’s on the Wall,1999-07-25,SA,Official
Destiny,2021,Je Me Casse,Malta,7,a796b92e-c137-4895-9c89-10f900617a4f,951d52c8-a69f-4faa-b065-15dab8e139d0,Say My Name,2000-04-10,XE,Official
Destiny,2021,Je Me Casse,Malta,7,a796b92e-c137-4895-9c89-10f900617a4f,96443cdf-e079-4b0d-9862-1e3f9544633a,"Bills, Bills, Bills",1999,XE,Promotion
Destiny,2021,Je Me Casse,Malta,7,a796b92e-c137-4895-9c89-10f900617a4f,9c9e8811-ef7f-41d9-ba31-d84cee239942,"Jumpin’, Jumpin’",2000-07-18,US,Official
Destiny,2021,Je Me Casse,Malta,7,a796b92e-c137-4895-9c89-10f900617a4f,9cd67829-9c9c-4b60-8f12-0011aab35065,Emotion,2000-11-20,US,Official
Destiny,2021,Je Me Casse,Malta,7,a796b92e-c137-4895-9c89-10f900617a4f,9da7791f-2f0a-4925-aab3-9ce02f017ddf,"Independent Women, Part I",2000,GB,Official
Destiny,2021,Je Me Casse,Malta,7,a796b92e-c137-4895-9c89-10f900617a4f,9e22cb03-9ae5-4863-b65b-bc9e0a00bbd2,Independent Women Part II,2000,GB,Official
Destiny,2021,Je Me Casse,Malta,7,a796b92e-c137-4895-9c89-10f900617a4f,9e6a26b3-6ef8-4532-b24b-8cae5a5792d1,Say My Name,2000-04-10,XE,Official
Destiny,2021,Je Me Casse,Malta,7,a796b92e-c137-4895-9c89-10f900617a4f,9eb29df0-8ea8-4278-98cd-7ac2479fdfd3,The Writing’s on the Wall,1999-07-14,JP,Official
Destiny,2021,Je Me Casse,Malta,7,a796b92e-c137-4895-9c89-10f900617a4f,a1cf567c-c58e-4120-a5c1-e6de804b7e49,Say My Name,1999-10-14,JP,Official
Destiny,2021,Je Me Casse,Malta,7,a796b92e-c137-4895-9c89-10f900617a4f,a2309a1a-e974-4821-9722-afbf488a1cda,Bug a Boo,1999,US,Promotion
Destiny,2021,Je Me Casse,Malta,7,a796b92e-c137-4895-9c89-10f900617a4f,a23ff30f-0650-48ad-be16-c8748184a713,Survivor,2001-04-11,JP,Official
Destiny,2021,Je Me Casse,Malta,7,a796b92e-c137-4895-9c89-10f900617a4f,a42107a0-67d1-43a8-9f2e-c6009adf20e8,"Bills, Bills, Bills",1999-07-12,GB,Official
Destiny,2021,Je Me Casse,Malta,7,a796b92e-c137-4895-9c89-10f900617a4f,a4cd9f1d-dea1-4c5e-a119-32c8347b96ba,Say My Name,2000-03-27,GB,Official
Destiny,2021,Je Me Casse,Malta,7,a796b92e-c137-4895-9c89-10f900617a4f,a7cd8a49-ff70-4f55-8bb3-c9bd4aee8227,The Writing's on the Wall,1999-07-27,US,Official
Destiny,2021,Je Me Casse,Malta,7,a796b92e-c137-4895-9c89-10f900617a4f,a8c36fb0-e6cd-419e-b8d1-7487bc2ba0a9,Bootylicious,2001-07-23,GB,Official
Destiny,2021,Je Me Casse,Malta,7,a796b92e-c137-4895-9c89-10f900617a4f,ada12a34-d7dd-4f85-9be3-a1daced2c182,The Writing’s on the Wall,1999,US,Official
Destiny,2021,Je Me Casse,Malta,7,a796b92e-c137-4895-9c89-10f900617a4f,afb1ab83-a2b9-4468-a78f-5dfd137cf22d,Destiny's Child,1998-03-01,JP,Official
Destiny,2021,Je Me Casse,Malta,7,a796b92e-c137-4895-9c89-10f900617a4f,b09f5a40-4b0b-4bb4-9e79-0e1983594ba5,"Jumpin, Jumpin",2000,AU,Official
Destiny,2021,Je Me Casse,Malta,7,a796b92e-c137-4895-9c89-10f900617a4f,b5b4111a-5188-4413-9ab1-6d9b41cf6922,Get on the Bus,1998,,Official
Destiny,2021,Je Me Casse,Malta,7,a796b92e-c137-4895-9c89-10f900617a4f,b9de19dd-bf35-4ef6-bbcd-fd9240693658,The Writing's on the Wall,1999-07-27,US,Official
Destiny,2021,Je Me Casse,Malta,7,a796b92e-c137-4895-9c89-10f900617a4f,bb65ab07-3b5c-4d04-8272-7e358df87476,"Independent Women, Part I",2000-10-16,AU,Official
Destiny,2021,Je Me Casse,Malta,7,a796b92e-c137-4895-9c89-10f900617a4f,bd793bc6-c989-4f20-97eb-4ae5432ec8dd,Get on the Bus,1998-12-07,GB,Official
Destiny,2021,Je Me Casse,Malta,7,a796b92e-c137-4895-9c89-10f900617a4f,cbb228c5-369f-42b5-8b7e-d181a474de3a,Jumpin' Jumpin',2000-07-17,GB,
Destiny,2021,Je Me Casse,Malta,7,a796b92e-c137-4895-9c89-10f900617a4f,cbfbff12-b120-4864-b14a-3ba5bfcdc483,Say My Name,2000-02-27,US,Official
Destiny,2021,Je Me Casse,Malta,7,a796b92e-c137-4895-9c89-10f900617a4f,cd66cbf3-f1cb-40eb-97d9-7111706f485a,"Jumpin’, Jumpin’",2000-07-04,AF,Official
Destiny,2021,Je Me Casse,Malta,7,a796b92e-c137-4895-9c89-10f900617a4f,cff392d7-8110-4504-9d06-ad055e2b89ae,"Bills, Bills, Bills",1999,FR,Official
Destiny,2021,Je Me Casse,Malta,7,a796b92e-c137-4895-9c89-10f900617a4f,cff8ea7b-d8dc-4fad-9829-000c4b525db3,Destiny’s Child,1998-03-02,GB,Official
Destiny,2021,Je Me Casse,Malta,7,a796b92e-c137-4895-9c89-10f900617a4f,d64f7df8-21c2-4078-add3-3207683a76b8,Get On The Bus,1998,US,Promotion
Destiny,2021,Je Me Casse,Malta,7,a796b92e-c137-4895-9c89-10f900617a4f,de2cbbfe-ee69-412a-b576-494033815e91,Destiny's Child,1998,XE,Official
Destiny,2021,Je Me Casse,Malta,7,a796b92e-c137-4895-9c89-10f900617a4f,e0c2c0dd-3c87-41b4-837b-66ac2b3fceee,Survivor,2001-04-09,DE,Official
Destiny,2021,Je Me Casse,Malta,7,a796b92e-c137-4895-9c89-10f900617a4f,e36e83ae-2e65-4dda-954f-0642cfb3ab58,Say My Name,2000,AU,Official
Destiny,2021,Je Me Casse,Malta,7,a796b92e-c137-4895-9c89-10f900617a4f,e8a85622-d193-4e7e-8ff0-4a9570331d0b,Bootylicious,2001-07-25,JP,Official
Destiny,2021,Je Me Casse,Malta,7,a796b92e-c137-4895-9c89-10f900617a4f,eb76b38d-fe75-48af-89dd-1b6bea876737,"Bills, Bills, Bills",1999-07-12,GB,
Destiny,2021,Je Me Casse,Malta,7,a796b92e-c137-4895-9c89-10f900617a4f,efb2e63e-5869-4e13-8f06-eba96314ba20,Survivor,2001-05-01,US,Official
Destiny,2021,Je Me Casse,Malta,7,a796b92e-c137-4895-9c89-10f900617a4f,f6240ad6-79f6-4427-b669-90967324799a,Say My Name,1999-11-07,US,Promotion
Destiny,2021,Je Me Casse,Malta,7,a796b92e-c137-4895-9c89-10f900617a4f,f6f0ec26-5595-4dc3-a57d-39514600c37b,Survivor,2001-05-01,,Official
Destiny,2021,Je Me Casse,Malta,7,a796b92e-c137-4895-9c89-10f900617a4f,05ebd1d0-29ae-46ad-8742-58c014b4d17c,Lose My Breath,2004,US,Official
Destiny,2021,Je Me Casse,Malta,7,a796b92e-c137-4895-9c89-10f900617a4f,0956599a-66d6-46e9-82bd-0793de68baed,Soldier,2005,US,Official
Destiny,2021,Je Me Casse,Malta,7,a796b92e-c137-4895-9c89-10f900617a4f,0ac41989-26d7-4715-af3a-949bfed882b1,Survivor (Dance Mixes),2001,US,Official
Destiny,2021,Je Me Casse,Malta,7,a796b92e-c137-4895-9c89-10f900617a4f,0dc86582-5d9d-4c5a-9ee5-65f11d887789,Destiny Fulfilled,2004,,Official
Destiny,2021,Je Me Casse,Malta,7,a796b92e-c137-4895-9c89-10f900617a4f,13c62785-9008-40bd-a80b-7cf2955243a3,Emotion Remixes,2001-10-04,US,Promotion
Destiny,2021,Je Me Casse,Malta,7,a796b92e-c137-4895-9c89-10f900617a4f,153134af-fdb8-4728-a0ee-93a490bcb1fb,Soldier,2005-02-07,GB,Official
Destiny,2021,Je Me Casse,Malta,7,a796b92e-c137-4895-9c89-10f900617a4f,177fcfee-525a-46c6-9c58-d6a82cf9cc8d,#1's,2005-10-24,GB,Official
Destiny,2021,Je Me Casse,Malta,7,a796b92e-c137-4895-9c89-10f900617a4f,179c4eee-1110-4452-8035-09a8579de28a,Destiny Fulfilled,2005-04-06,JP,Official
Destiny,2021,Je Me Casse,Malta,7,a796b92e-c137-4895-9c89-10f900617a4f,1903b04d-cb61-4fe4-9684-8be8923595f4,Nasty Girl,2002,,
Destiny,2021,Je Me Casse,Malta,7,a796b92e-c137-4895-9c89-10f900617a4f,1908b6fe-8012-4f87-8f4d-fb5795a969aa,Nasty Girl,2002-03-25,XE,Official
Destiny,2021,Je Me Casse,Malta,7,a796b92e-c137-4895-9c89-10f900617a4f,1966a9f6-caa6-420c-851e-3fe87f901961,"Love Destiny: Mathew Knowles and Music World Present, Vol. 1",2008-06-25,JP,Official
Destiny,2021,Je Me Casse,Malta,7,a796b92e-c137-4895-9c89-10f900617a4f,19f5c878-d526-4b28-9d99-6331e76fde57,8 Days of Christmas,2005-10-18,US,Official
Destiny,2021,Je Me Casse,Malta,7,a796b92e-c137-4895-9c89-10f900617a4f,1c9e7d88-a8b9-4f81-a831-ab3b0504e63f,Love:Destiny,2001,US,Official
Destiny,2021,Je Me Casse,Malta,7,a796b92e-c137-4895-9c89-10f900617a4f,1d3b4aeb-0f87-460b-95f2-f112800134a9,Bootylicious,2001,US,Official
Destiny,2021,Je Me Casse,Malta,7,a796b92e-c137-4895-9c89-10f900617a4f,206b42f9-8c6b-463e-a233-1c6b807ec9ee,Survivor,2001,US,Official
Destiny,2021,Je Me Casse,Malta,7,a796b92e-c137-4895-9c89-10f900617a4f,22c28025-1686-4de2-8444-9bda79d2286a,Bootylicious,2001,AU,Official
Destiny,2021,Je Me Casse,Malta,7,a796b92e-c137-4895-9c89-10f900617a4f,24f2fe57-2d5b-473e-a2b8-a0d1b7732330,8 Days Of Christmas,2001-11-05,AU,Official
Destiny,2021,Je Me Casse,Malta,7,a796b92e-c137-4895-9c89-10f900617a4f,260c3446-4116-4cb3-b7ab-971bcaecb205,8 Days of Christmas,2008-12-26,AF,Official
Destiny,2021,Je Me Casse,Malta,7,a796b92e-c137-4895-9c89-10f900617a4f,2b1bb600-0475-42ba-aaba-4fb593e3da82,Emotion,2001-11-29,AT,Official
Destiny,2021,Je Me Casse,Malta,7,a796b92e-c137-4895-9c89-10f900617a4f,2b287d2c-6327-4822-93bd-114363f2b77b,#1's,2005,NL,Official
Destiny,2021,Je Me Casse,Malta,7,a796b92e-c137-4895-9c89-10f900617a4f,32c2ccad-9e3d-443f-ba60-3d82969af9f7,Live in Atlanta,2006-04-05,JP,Official
Destiny,2021,Je Me Casse,Malta,7,a796b92e-c137-4895-9c89-10f900617a4f,3549898d-bc0e-432f-a5d5-897cff38e0dc,Emotion,2001-11-12,GB,Official
Destiny,2021,Je Me Casse,Malta,7,a796b92e-c137-4895-9c89-10f900617a4f,3ab12794-3946-4fde-ad19-a31278e593a0,Lose My Breath,2004,AU,Official
Destiny,2021,Je Me Casse,Malta,7,a796b92e-c137-4895-9c89-10f900617a4f,3bc7cec1-2b7d-4c25-a476-ab552eef6279,Survivor,2001,XE,Official
Destiny,2021,Je Me Casse,Malta,7,a796b92e-c137-4895-9c89-10f900617a4f,3c478699-0d3c-4ab3-9736-500f974f1fa7,Emotion / Bootylicious / Survivor,2001,GB,Official
Destiny,2021,Je Me Casse,Malta,7,a796b92e-c137-4895-9c89-10f900617a4f,3cc4ad80-d684-407b-b098-fe395ecf7467,This Is The Remix,2002,AU,Official
Destiny,2021,Je Me Casse,Malta,7,a796b92e-c137-4895-9c89-10f900617a4f,3fbb5ec5-edb3-4894-9670-92101a029e16,Fan Pack II,2005,US,Official
Destiny,2021,Je Me Casse,Malta,7,a796b92e-c137-4895-9c89-10f900617a4f,420e79a2-d69d-43bb-b8f5-52831c736d7d,Lose My Breath,2004,GB,Official
Destiny,2021,Je Me Casse,Malta,7,a796b92e-c137-4895-9c89-10f900617a4f,425f4a69-04cc-42ff-8fca-abf2bea5fcf0,8 Days of Christmas Promo,2001,DE,Promotion
Destiny,2021,Je Me Casse,Malta,7,a796b92e-c137-4895-9c89-10f900617a4f,467e5871-43fb-43a3-9205-665557223690,#1's,2005-10-25,CA,Official
Destiny,2021,Je Me Casse,Malta,7,a796b92e-c137-4895-9c89-10f900617a4f,4c7bf18e-fef2-4116-a819-dfbd25c2c92b,Destiny Fulfilled,2004-11-15,GB,Official
Destiny,2021,Je Me Casse,Malta,7,a796b92e-c137-4895-9c89-10f900617a4f,50007b6e-4877-4844-a69a-f8c10c9a0b0f,Bootylicious,2001,KR,Promotion
Destiny,2021,Je Me Casse,Malta,7,a796b92e-c137-4895-9c89-10f900617a4f,51fae362-37a0-4260-abe7-742851bf3efb,Survivor,2001,US,Promotion
Destiny,2021,Je Me Casse,Malta,7,a796b92e-c137-4895-9c89-10f900617a4f,523f088b-85d4-4144-bbb7-2a08f830903e,#1's,2005,US,Official
Destiny,2021,Je Me Casse,Malta,7,a796b92e-c137-4895-9c89-10f900617a4f,5605fae7-92c2-4d3b-b9f6-0b6726fde658,Cater 2 U,2005,GB,Official
Destiny,2021,Je Me Casse,Malta,7,a796b92e-c137-4895-9c89-10f900617a4f,59945c04-99df-4dde-95d8-f5673749f39a,Survivor,2001,XE,Official
Destiny,2021,Je Me Casse,Malta,7,a796b92e-c137-4895-9c89-10f900617a4f,5a22957a-b993-4c38-9925-61ef397ddbb4,Lose My Breath,2004-11-01,GB,Official
Destiny,2021,Je Me Casse,Malta,7,a796b92e-c137-4895-9c89-10f900617a4f,5a9264aa-8af2-461b-9807-162c80a040fb,Lose My Breath,2004,US,
Destiny,2021,Je Me Casse,Malta,7,a796b92e-c137-4895-9c89-10f900617a4f,5dd0e560-763a-442d-82e8-c8782a5be009,Survivor,2001,AU,Official
Destiny,2021,Je Me Casse,Malta,7,a796b92e-c137-4895-9c89-10f900617a4f,672b049c-6cda-43ed-bf9b-b065be15e54f,Soldier,2004,XE,Promotion
Destiny,2021,Je Me Casse,Malta,7,a796b92e-c137-4895-9c89-10f900617a4f,68798496-92fb-4943-b7d3-0e2ee880814d,This Is The Remix,2002-03-12,XE,Official
Destiny,2021,Je Me Casse,Malta,7,a796b92e-c137-4895-9c89-10f900617a4f,6fe7a1ec-de9c-44f4-85ff-874a88d49545,The Platinum’s on the Wall,2001,US,Official
Destiny,2021,Je Me Casse,Malta,7,a796b92e-c137-4895-9c89-10f900617a4f,7226e413-43ad-4598-9a38-806b60b2f4ad,8 Days of Christmas,2001-10-23,US,Official
Destiny,2021,Je Me Casse,Malta,7,a796b92e-c137-4895-9c89-10f900617a4f,7431023d-1bc6-4404-a043-e4553405e390,Emotion,2001,FR,Official
Destiny,2021,Je Me Casse,Malta,7,a796b92e-c137-4895-9c89-10f900617a4f,76f6fcef-975f-47d8-8020-3746f3524a5c,Nasty Girl (Remixes),2002,BR,Official
Destiny,2021,Je Me Casse,Malta,7,a796b92e-c137-4895-9c89-10f900617a4f,7808b9d7-dd69-4854-9d82-2708e5fc6747,Soldier,2005-02-15,AU,Official
Destiny,2021,Je Me Casse,Malta,7,a796b92e-c137-4895-9c89-10f900617a4f,7c5f0ca9-84fb-4f60-af74-11a0630069d3,Survivor,2001,BR,Promotion
Destiny,2021,Je Me Casse,Malta,7,a796b92e-c137-4895-9c89-10f900617a4f,7d05eb35-4c25-49d1-ae9a-5a3416cb4fa3,Destiny Fulfilled,2004-11-15,XE,Official
Destiny,2021,Je Me Casse,Malta,7,a796b92e-c137-4895-9c89-10f900617a4f,7e7fdd69-76f7-4937-9684-00d50bf3a234,This Is The Remix,2002-03-12,US,Official
Destiny,2021,Je Me Casse,Malta,7,a796b92e-c137-4895-9c89-10f900617a4f,7ea2fed0-7f25-4fe1-a102-5102e5a8bbc2,Emotion,2001,BR,Promotion
Destiny,2021,Je Me Casse,Malta,7,a796b92e-c137-4895-9c89-10f900617a4f,8267f1bc-3db1-4240-9478-3bb3a52062f2,Emotion,2001,US,Promotion
Destiny,2021,Je Me Casse,Malta,7,a796b92e-c137-4895-9c89-10f900617a4f,89e31960-e4a0-4fff-abce-c3ddff1329c1,Soldier,2005-02-07,XE,Official
Destiny,2021,Je Me Casse,Malta,7,a796b92e-c137-4895-9c89-10f900617a4f,9105fe3e-5d8b-4698-8370-3a43e671acd9,Bootylicious,2001,US,Official
Destiny,2021,Je Me Casse,Malta,7,a796b92e-c137-4895-9c89-10f900617a4f,949240af-929e-4167-9fd9-de42eb130f89,8 Days of Christmas,2001,XE,Official
Destiny,2021,Je Me Casse,Malta,7,a796b92e-c137-4895-9c89-10f900617a4f,94a30ebb-0559-452c-8e44-68a5c0df6e5f,Nasty Girl,2002,XE,Promotion
Destiny,2021,Je Me Casse,Malta,7,a796b92e-c137-4895-9c89-10f900617a4f,96303ac8-4899-42f8-b71d-3e995c43739a,Video Fan Pack,2004,US,Official
Destiny,2021,Je Me Casse,Malta,7,a796b92e-c137-4895-9c89-10f900617a4f,967e366b-1656-40da-8ecf-0804d3996032,Survivor,2001,AU,Official
Destiny,2021,Je Me Casse,Malta,7,a796b92e-c137-4895-9c89-10f900617a4f,974152aa-899f-4f53-b2eb-ed41d1adcedc,Destiny Fulfilled,2004-11-10,JP,Official
Destiny,2021,Je Me Casse,Malta,7,a796b92e-c137-4895-9c89-10f900617a4f,97a62ec3-77d6-4999-89d7-62e13f35606c,Cater 2 U (Remixes),2005-07-13,US,Official
Destiny,2021,Je Me Casse,Malta,7,a796b92e-c137-4895-9c89-10f900617a4f,9d1be9b7-fec1-45f2-a471-6b29129e6bda,This Is The Remix,2002-03-20,JP,Official
Destiny,2021,Je Me Casse,Malta,7,a796b92e-c137-4895-9c89-10f900617a4f,a1e79622-add6-4c38-807d-c7f3dff76b46,Rudolph the Red Nosed Reindeer,2003,US,Official
Destiny,2021,Je Me Casse,Malta,7,a796b92e-c137-4895-9c89-10f900617a4f,a2230de4-e9ac-4d53-9c1d-50ed7b2327cf,#1's,2005-11-09,SA,Official
Destiny,2021,Je Me Casse,Malta,7,a796b92e-c137-4895-9c89-10f900617a4f,a2a640a5-da10-4d16-9222-825602a47538,Soldier,2005-03-04,FR,Official
Destiny,2021,Je Me Casse,Malta,7,a796b92e-c137-4895-9c89-10f900617a4f,a41485bc-7689-4e8b-9b7a-0724e356db3a,Lose My Breath / Soldier,2004-12-07,US,Official
Destiny,2021,Je Me Casse,Malta,7,a796b92e-c137-4895-9c89-10f900617a4f,a468984f-c3ad-4582-9102-dbb67df70eff,Destiny’s Child / The Writing’s on the Wall,2002-08-29,FR,Official
Destiny,2021,Je Me Casse,Malta,7,a796b92e-c137-4895-9c89-10f900617a4f,a4d3b39a-059d-3553-a73b-05a35b93347a,Destiny Fulfilled,2005-09-26,GB,Official
Destiny,2021,Je Me Casse,Malta,7,a796b92e-c137-4895-9c89-10f900617a4f,aa58589e-ed5a-43aa-8ffa-19e2e4e72251,Lose My Breath,2004-11-01,GB,Official
Destiny,2021,Je Me Casse,Malta,7,a796b92e-c137-4895-9c89-10f900617a4f,ac307f5b-8cdf-4c49-aa3a-307f7abfc7aa,#1’s,2007-11-09,XE,Official
Destiny,2021,Je Me Casse,Malta,7,a796b92e-c137-4895-9c89-10f900617a4f,ad11b4fb-c674-4c6b-94b8-fd6140ba9a19,Lose My Breath (Remix 2 Pak),2005-08-16,XW,Official
Destiny,2021,Je Me Casse,Malta,7,a796b92e-c137-4895-9c89-10f900617a4f,b8f7d4e1-aec8-48ae-8004-c541fce623e9,8 Days Of Christmas,2001-10-23,US,
Destiny,2021,Je Me Casse,Malta,7,a796b92e-c137-4895-9c89-10f900617a4f,bb599acb-627e-434b-b109-019e33c6e9d6,Bootylicious,2001,XE,Official
Destiny,2021,Je Me Casse,Malta,7,a796b92e-c137-4895-9c89-10f900617a4f,bb9ef27a-c033-4a90-81a0-d6682b81c0e8,Destiny Fulfilled,2004,XW,Official
Destiny,2021,Je Me Casse,Malta,7,a796b92e-c137-4895-9c89-10f900617a4f,bbe4b30b-58a2-448e-8cb2-7074c25fc5c8,Bootylicious,2001,,
Destiny,2021,Je Me Casse,Malta,7,a796b92e-c137-4895-9c89-10f900617a4f,bd3baf95-3f85-4133-ba06-f9890a3b28b2,Girl,2005-04-25,IE,Official
Destiny,2021,Je Me Casse,Malta,7,a796b92e-c137-4895-9c89-10f900617a4f,bed68dfc-26a8-41b7-94b5-dd84120854c7,Cater 2 U Remix,2005-06-27,US,Promotion
Destiny,2021,Je Me Casse,Malta,7,a796b92e-c137-4895-9c89-10f900617a4f,c0c70209-8eec-4df6-b644-5a9042fb4eed,Lose My Breath,2004,XE,Official
Destiny,2021,Je Me Casse,Malta,7,a796b92e-c137-4895-9c89-10f900617a4f,c36b1a79-5627-4610-9090-180939cfa0a5,Destiny Fulfilled,2004-11-15,US,Official
Destiny,2021,Je Me Casse,Malta,7,a796b92e-c137-4895-9c89-10f900617a4f,c4fe1dde-9a60-4d58-90c1-23858445e425,Bootylicious,2001-10-16,,Official
Destiny,2021,Je Me Casse,Malta,7,a796b92e-c137-4895-9c89-10f900617a4f,ca8a4a1f-4d72-4f65-96e0-e141e84cf99f,Survivor,2001,GB,Official
Destiny,2021,Je Me Casse,Malta,7,a796b92e-c137-4895-9c89-10f900617a4f,cbeb83cb-dee7-4d09-8968-842055c71688,Soldier,2005-02-07,GB,Official
Destiny,2021,Je Me Casse,Malta,7,a796b92e-c137-4895-9c89-10f900617a4f,cfe5aa4b-ea1e-45ac-af0c-6bc10f8aa9ee,Girl,2005,IE,Official
Destiny,2021,Je Me Casse,Malta,7,a796b92e-c137-4895-9c89-10f900617a4f,d22b676e-8958-4a19-b52c-d11ee5cb862f,#1's,2005-10-21,JP,Official
Destiny,2021,Je Me Casse,Malta,7,a796b92e-c137-4895-9c89-10f900617a4f,d86e2590-ee0e-466f-a4f0-de3c5ec1fbe4,Soldier,2005-02-07,XE,Official
Destiny,2021,Je Me Casse,Malta,7,a796b92e-c137-4895-9c89-10f900617a4f,db0659ab-afd9-4700-8f90-568f4c378255,Survivor,2001,,Official
Destiny,2021,Je Me Casse,Malta,7,a796b92e-c137-4895-9c89-10f900617a4f,db63a606-4ef1-4440-8d30-f87f98b588d7,Destiny Fulfilled,2004,AU,Official
Destiny,2021,Je Me Casse,Malta,7,a796b92e-c137-4895-9c89-10f900617a4f,e3e7270e-f4f0-4cfc-a5c1-3e934acae85a,Soldier,2005-02-07,GB,Official
Destiny,2021,Je Me Casse,Malta,7,a796b92e-c137-4895-9c89-10f900617a4f,e8e01aa9-244d-41de-86c0-bdf910c15500,Destiny Fulfilled,2004-11-16,,Official
Destiny,2021,Je Me Casse,Malta,7,a796b92e-c137-4895-9c89-10f900617a4f,e91842c0-80c3-4ad2-a2f4-6b080d697f85,Emotion,2001,XE,Official
Destiny,2021,Je Me Casse,Malta,7,a796b92e-c137-4895-9c89-10f900617a4f,eb7a111d-0107-4423-9f0d-bf8ae51b4780,Got's My Own,2005,US,Promotion
Destiny,2021,Je Me Casse,Malta,7,a796b92e-c137-4895-9c89-10f900617a4f,f05e1bb8-96c7-3794-9b8d-7d468e3e0299,Destiny Fulfilled,2005-02-08,US,Official
Destiny,2021,Je Me Casse,Malta,7,a796b92e-c137-4895-9c89-10f900617a4f,f08aa835-a48d-46cc-9fd3-1561966129cf,Survivor,2001,XE,Official
Destiny,2021,Je Me Casse,Malta,7,a796b92e-c137-4895-9c89-10f900617a4f,f34a3ad6-1241-4048-a6fd-97862933ac03,Girl,2005-05-17,XE,Official
Destiny,2021,Je Me Casse,Malta,7,a796b92e-c137-4895-9c89-10f900617a4f,f3b3d1d0-a83c-4896-a01c-3892c65d2cf0,Destiny Fulfilled,2004-11-16,US,Official
Destiny,2021,Je Me Casse,Malta,7,a796b92e-c137-4895-9c89-10f900617a4f,f479dc44-ddf1-4138-ba41-b436e4427c51,Emotion,2001-10-30,,Official
Destiny,2021,Je Me Casse,Malta,7,a796b92e-c137-4895-9c89-10f900617a4f,f4e22cca-b1ec-455f-a612-4a157e508044,Bootylicious,2001,BR,Promotion
Destiny,2021,Je Me Casse,Malta,7,a796b92e-c137-4895-9c89-10f900617a4f,f86324c0-e5ca-464d-9383-6a41312a96e0,Bootylicious,2001,GB,Promotion
Destiny,2021,Je Me Casse,Malta,7,a796b92e-c137-4895-9c89-10f900617a4f,fc292394-a6b5-43a3-849d-8c76bd9cbb82,#1's,2005,ID,Official
Destiny,2021,Je Me Casse,Malta,7,a796b92e-c137-4895-9c89-10f900617a4f,fda278a8-ecfd-4cb1-b7f8-094612a21f35,Lose My Breath,2004,XE,Official
Destiny,2021,Je Me Casse,Malta,7,a796b92e-c137-4895-9c89-10f900617a4f,fe1917ae-bfa8-4378-92fa-486b9a5b8341,#1's,2005-10-25,US,Official
Destiny,2021,Je Me Casse,Malta,7,a796b92e-c137-4895-9c89-10f900617a4f,ff8f92d8-96f2-4c49-97b2-76a8a038488b,8 Days of Christmas,2001-10-31,JP,Official
Destiny,2021,Je Me Casse,Malta,7,a796b92e-c137-4895-9c89-10f900617a4f,073c586c-ea43-42eb-8c2e-048ad633e238,Survivor,2009-11-25,XW,Official
Destiny,2021,Je Me Casse,Malta,7,a796b92e-c137-4895-9c89-10f900617a4f,0e43d6d7-fb9f-4d9d-b9f1-47c0580404e1,Destiny’s Child,,,Official
Destiny,2021,Je Me Casse,Malta,7,a796b92e-c137-4895-9c89-10f900617a4f,0fa102a6-c296-4cbe-b372-ba3362699133,The Girl Is Mine (Remixes),2016-01-15,XW,Official
Destiny,2021,Je Me Casse,Malta,7,a796b92e-c137-4895-9c89-10f900617a4f,311f2e16-0865-41a5-9ed0-34e071580c4d,The Girl Is Mine,2015-11-06,AU,Official
Destiny,2021,Je Me Casse,Malta,7,a796b92e-c137-4895-9c89-10f900617a4f,3b02f6e7-7aa3-456f-8d8a-4084b13b3570,Bills Bills Bills / A Milli,2010-01-27,GB,Bootleg
Destiny,2021,Je Me Casse,Malta,7,a796b92e-c137-4895-9c89-10f900617a4f,476162c6-7fed-40b1-9a54-4b226c272a66,"No, No, No",,XE,Official
Destiny,2021,Je Me Casse,Malta,7,a796b92e-c137-4895-9c89-10f900617a4f,4d48d05b-3d3b-4598-9323-890ef06cf5d1,"No, No, No",,GB,
Destiny,2021,Je Me Casse,Malta,7,a796b92e-c137-4895-9c89-10f900617a4f,6665f49f-877a-4c41-8fee-9e4ce1eb2569,Destiny Fulfilled + Bonus,,,Bootleg
Destiny,2021,Je Me Casse,Malta,7,a796b92e-c137-4895-9c89-10f900617a4f,71a4519b-071b-4979-af6a-28ad260f2038,Say My Name (Ostrich remix),2018,XW,Bootleg
Destiny,2021,Je Me Casse,Malta,7,a796b92e-c137-4895-9c89-10f900617a4f,777d942a-f803-43e3-91e0-02b87ca5dcef,Cater 2 U,,AU,Official
Destiny,2021,Je Me Casse,Malta,7,a796b92e-c137-4895-9c89-10f900617a4f,77df7e91-2cc3-4721-a99f-004063cd715c,Love Songs,2013-01-25,XW,Official
Destiny,2021,Je Me Casse,Malta,7,a796b92e-c137-4895-9c89-10f900617a4f,7da12cc5-324b-488e-ae02-b7cb44fe5933,Playlist: The Very Best of Destiny’s Child,2012-10-09,US,Official
Destiny,2021,Je Me Casse,Malta,7,a796b92e-c137-4895-9c89-10f900617a4f,912e8cff-864c-49f7-bc36-4012547737c2,Destiny's Child: The Untold Story Presents Girls Tyme,2019-12-02,XW,Official
Destiny,2021,Je Me Casse,Malta,7,a796b92e-c137-4895-9c89-10f900617a4f,988fd645-7f52-4fbc-9c26-f738756f0dc2,Bug a Boo,,,Official
Destiny,2021,Je Me Casse,Malta,7,a796b92e-c137-4895-9c89-10f900617a4f,991f7d1a-5bb8-4cb7-af00-8d4d26c50492,The Girl Is Mine (Danny Howard dub remix),2016-01-15,AU,Official
Destiny,2021,Je Me Casse,Malta,7,a796b92e-c137-4895-9c89-10f900617a4f,9c92f62a-7eff-4e40-bbdd-7397f9bb9589,The Girl Is Mine (club mix),2015-11-13,,Official
Destiny,2021,Je Me Casse,Malta,7,a796b92e-c137-4895-9c89-10f900617a4f,9e67ba6f-befb-4aba-b4e5-2fc94de01c4b,"No, No, No",,,Official
Destiny,2021,Je Me Casse,Malta,7,a796b92e-c137-4895-9c89-10f900617a4f,a1d79ee7-eb6e-4850-9cae-a94312ecdbe7,Say My Name,,,Official
Destiny,2021,Je Me Casse,Malta,7,a796b92e-c137-4895-9c89-10f900617a4f,af79847d-557b-4606-bfd4-689b9bd0bde0,Destiny Fulfilled,,,Official
Destiny,2021,Je Me Casse,Malta,7,a796b92e-c137-4895-9c89-10f900617a4f,bdb26baf-2359-4bf7-8e99-a12f2dfbbf84,A Cappella,,,
Destiny,2021,Je Me Casse,Malta,7,a796b92e-c137-4895-9c89-10f900617a4f,ce706fe1-4695-4eb9-a39c-25ef0c24ea6f,At the Movies,,,
Destiny,2021,Je Me Casse,Malta,7,a796b92e-c137-4895-9c89-10f900617a4f,d1251376-2b2a-4ec2-a5ea-4c9a75ebbd97,Playlist: The Very Best of Destiny's Child,2012-10-09,US,Official
Destiny,2021,Je Me Casse,Malta,7,a796b92e-c137-4895-9c89-10f900617a4f,e33aaf93-0262-40cd-bfc0-0578b1340aca,Say My Name (DubbelO Edit),2023-09-22,XW,Bootleg
Destiny,2021,Je Me Casse,Malta,7,a796b92e-c137-4895-9c89-10f900617a4f,ea9a7df8-36c6-42a7-9bc0-b55facb1e207,Love Songs,2013-02-01,XE,Official
Destiny,2021,Je Me Casse,Malta,7,a796b92e-c137-4895-9c89-10f900617a4f,ee1f17f2-3d7c-491c-85fb-37457431348e,The Girl Is Mine (Crookers remix),2015-12-18,,Official
Destiny,2021,Je Me Casse,Malta,7,a796b92e-c137-4895-9c89-10f900617a4f,feb3ebb2-bced-40f4-a236-675e9420bc18,Love Songs,2013-01-29,US,Official
The Roop,2021,Discoteque,Lithuania,8,052bd081-aa6a-4c1f-ab25-7bbb660ad225,1b401a07-40c7-4fd4-8529-0fa1bbfac3af,Dance With Your Hands,2019-05-03,AF,Official
The Roop,2021,Discoteque,Lithuania,8,052bd081-aa6a-4c1f-ab25-7bbb660ad225,23000c6c-c2a7-4551-b4bb-61b8f1fb1766,Hello,2016-12-13,DZ,Official
The Roop,2021,Discoteque,Lithuania,8,052bd081-aa6a-4c1f-ab25-7bbb660ad225,24c17368-0bbb-4448-997f-91e3a5494dfc,Silly Me,2019-01-08,AF,Official
The Roop,2021,Discoteque,Lithuania,8,052bd081-aa6a-4c1f-ab25-7bbb660ad225,35feae2c-ae05-47a4-96ed-9cfabab84fb0,Simple Joy,2024-01-31,XW,Official
The Roop,2021,Discoteque,Lithuania,8,052bd081-aa6a-4c1f-ab25-7bbb660ad225,3638fc70-e6ca-417d-b2dd-3175f35fe21c,Discoteque (Deepend remix),2021-05-14,XW,Official
The Roop,2021,Discoteque,Lithuania,8,052bd081-aa6a-4c1f-ab25-7bbb660ad225,36534136-1baa-4960-860b-fef0c60f9bba,Concrete Flower,2022-05-11,XW,Official
The Roop,2021,Discoteque,Lithuania,8,052bd081-aa6a-4c1f-ab25-7bbb660ad225,398b2a04-1ccf-40bd-830e-2b7b952e59ba,On Fire,2020-01-14,AF,Official
The Roop,2021,Discoteque,Lithuania,8,052bd081-aa6a-4c1f-ab25-7bbb660ad225,409128a1-2094-4a06-a41d-bc893c57f2da,"Yes, I Do",2018-01-24,AF,Official
The Roop,2021,Discoteque,Lithuania,8,052bd081-aa6a-4c1f-ab25-7bbb660ad225,43e03d4e-e1ed-4693-b018-2a59ef4716a0,Discoteque,2021,XE,Bootleg
The Roop,2021,Discoteque,Lithuania,8,052bd081-aa6a-4c1f-ab25-7bbb660ad225,539bca53-7e45-48b9-bd05-fdb8d18a45d0,Discoteque,2021-01-21,XW,Official
The Roop,2021,Discoteque,Lithuania,8,052bd081-aa6a-4c1f-ab25-7bbb660ad225,637687f5-ce2e-43c9-80d7-0981adb0f877,Ghosts,2017-10-13,AF,Official
The Roop,2021,Discoteque,Lithuania,8,052bd081-aa6a-4c1f-ab25-7bbb660ad225,6b914b02-daa0-4d62-bf4c-c6ccdf3d0bf3,Keista draugystė (Matto remix),2020-09-08,XW,Official
The Roop,2021,Discoteque,Lithuania,8,052bd081-aa6a-4c1f-ab25-7bbb660ad225,75bd433a-d679-4759-8407-7d163bdf8df3,On Fire,2020-08-14,AT,Official
The Roop,2021,Discoteque,Lithuania,8,052bd081-aa6a-4c1f-ab25-7bbb660ad225,7bc73704-f2f5-4e4e-86ea-5b65514faacf,Momentum,2025-05-02,XW,Official
The Roop,2021,Discoteque,Lithuania,8,052bd081-aa6a-4c1f-ab25-7bbb660ad225,8d532c20-f3dc-4be5-b67e-5011e388912b,Kalėdų atvirukas,2022-11-28,CW,Official
The Roop,2021,Discoteque,Lithuania,8,052bd081-aa6a-4c1f-ab25-7bbb660ad225,92aeb9c3-f161-40b1-b23b-a84e84204f43,To Whom It May Concern,2015-11-28,XW,Official
The Roop,2021,Discoteque,Lithuania,8,052bd081-aa6a-4c1f-ab25-7bbb660ad225,9be00316-24b3-4f3f-98ae-0d499a9141cf,Simple Joy,2024-01-31,,Official
The Roop,2021,Discoteque,Lithuania,8,052bd081-aa6a-4c1f-ab25-7bbb660ad225,a5c9395f-a6d1-49d8-b033-2561bd405a17,Discoteque,2022,,Official
The Roop,2021,Discoteque,Lithuania,8,052bd081-aa6a-4c1f-ab25-7bbb660ad225,b0f3a4b4-cb68-4d86-a105-8a9ba49ad5af,Keista Draugystė,2017-09-07,DZ,Official
The Roop,2021,Discoteque,Lithuania,8,052bd081-aa6a-4c1f-ab25-7bbb660ad225,b77fe292-0706-4e7e-bdd7-b8e64763aa88,"YES, I DO",2018-05-22,AF,Official
The Roop,2021,Discoteque,Lithuania,8,052bd081-aa6a-4c1f-ab25-7bbb660ad225,c1d3d140-4506-4304-a7e4-48cef6a55278,On Fire,2020-01-17,AF,Official
The Roop,2021,Discoteque,Lithuania,8,052bd081-aa6a-4c1f-ab25-7bbb660ad225,dec94a48-6b6b-4cb3-ba9a-2fd3f61fe247,Dream On,2017-04-23,DZ,Official
The Roop,2021,Discoteque,Lithuania,8,052bd081-aa6a-4c1f-ab25-7bbb660ad225,fe69b9b5-605c-4f16-a0f2-6ef7ca9a1179,Hello (Wild Dee remix),2017-02-05,DZ,Official
Manizha,2021,Russian Woman,Russia,9,3a8419d3-c8d3-49f4-8f20-727d17700db6,030e26c9-1ec3-4455-ba80-5f82303019ff,Sleepy Song,2016-08-26,XW,Official
Manizha,2021,Russian Woman,Russia,9,3a8419d3-c8d3-49f4-8f20-727d17700db6,087b42cf-178e-4819-aa98-012a383250ae,Womanizha,2019-04-26,XW,Official
Manizha,2021,Russian Woman,Russia,9,3a8419d3-c8d3-49f4-8f20-727d17700db6,09b88cbc-0e0b-4e13-8a71-a5d472b38cb5,Люстра,2016-12-23,XW,Official
Manizha,2021,Russian Woman,Russia,9,3a8419d3-c8d3-49f4-8f20-727d17700db6,0d42f103-61bc-4c20-aa8f-ad67032b9f72,Мне легко,2018-10-22,XW,Official
Manizha,2021,Russian Woman,Russia,9,3a8419d3-c8d3-49f4-8f20-727d17700db6,12a8d47b-7345-4411-9832-4475596523a3,Little Lady,2016-07-25,XW,Official
Manizha,2021,Russian Woman,Russia,9,3a8419d3-c8d3-49f4-8f20-727d17700db6,1575f634-1c46-4a88-b1e2-9b7477236a9a,Manuscript,2017-02-17,RU,Official
Manizha,2021,Russian Woman,Russia,9,3a8419d3-c8d3-49f4-8f20-727d17700db6,1cee7f34-6789-499e-b44a-f3a9b637ae5f,ЯIAM,2018-03-23,XW,Official
Manizha,2021,Russian Woman,Russia,9,3a8419d3-c8d3-49f4-8f20-727d17700db6,2d3fbf06-7d56-42bf-a7f8-017541d71aaf,На путь воина встаю (из художественного фильма “Мулан”),2020-08-28,,Official
Manizha,2021,Russian Woman,Russia,9,3a8419d3-c8d3-49f4-8f20-727d17700db6,2dd40bca-fdfc-4da6-8b72-c8b213508a46,Little Lady,2016-07-29,XW,Official
Manizha,2021,Russian Woman,Russia,9,3a8419d3-c8d3-49f4-8f20-727d17700db6,34013c3f-fb41-4d29-8fd0-8c242ff465de,Любил как мог,2018-06-14,XW,Official
Manizha,2021,Russian Woman,Russia,9,3a8419d3-c8d3-49f4-8f20-727d17700db6,3842f34c-3791-4aee-868e-f5a761550025,Тонкий лён,2022-07-08,XW,Official
Manizha,2021,Russian Woman,Russia,9,3a8419d3-c8d3-49f4-8f20-727d17700db6,3a035579-4a25-4902-afd6-883c221526ec,Spotify Singles,2022-01-28,XW,Official
Manizha,2021,Russian Woman,Russia,9,3a8419d3-c8d3-49f4-8f20-727d17700db6,3d64d6a8-f31d-488a-98e7-e341ae1353b2,Паганини в метро,2020-07-17,XW,Official
Manizha,2021,Russian Woman,Russia,9,3a8419d3-c8d3-49f4-8f20-727d17700db6,49131eda-3827-4bf7-a22b-cc83ea2dabe3,Город Солнца,2020-12-14,XW,Official
Manizha,2021,Russian Woman,Russia,9,3a8419d3-c8d3-49f4-8f20-727d17700db6,4b2c6bb1-18d8-43bd-b214-25372b2b74fc,НЕДОСЛАВЯНКА,2019-11-22,XW,Official
Manizha,2021,Russian Woman,Russia,9,3a8419d3-c8d3-49f4-8f20-727d17700db6,4d3cc14a-0bae-485f-98d6-e36a69a271f0,"Na put voina vstayu (iz khudozhestvennogo filma ""Mulan"")",,,Pseudo-Release
Manizha,2021,Russian Woman,Russia,9,3a8419d3-c8d3-49f4-8f20-727d17700db6,4e62d0fa-c580-40f9-901f-c25bb1297dd9,про тебя,2021-02-01,XW,Official
Manizha,2021,Russian Woman,Russia,9,3a8419d3-c8d3-49f4-8f20-727d17700db6,53d3787f-afb2-4ecf-9645-03651be4111f,Wake Up,2016-05-06,US,Official
Manizha,2021,Russian Woman,Russia,9,3a8419d3-c8d3-49f4-8f20-727d17700db6,565a33dd-ea6a-4fab-b8af-7342ff1327c1,Гость,2022-11-11,XW,Official
Manizha,2021,Russian Woman,Russia,9,3a8419d3-c8d3-49f4-8f20-727d17700db6,58594c8d-3b07-45f7-9627-c79d60b74e5e,ЯIAM,2018-03-23,RU,Official
Manizha,2021,Russian Woman,Russia,9,3a8419d3-c8d3-49f4-8f20-727d17700db6,6273831c-1eae-413b-a6d5-edecdbd97ac4,RUSSIAN WOMAN,2021-03-19,XW,Official
Manizha,2021,Russian Woman,Russia,9,3a8419d3-c8d3-49f4-8f20-727d17700db6,66ff7abf-cb4d-460d-ae9c-52b99d88eff9,Black Swan,2018-12-14,XW,Official
Manizha,2021,Russian Woman,Russia,9,3a8419d3-c8d3-49f4-8f20-727d17700db6,69fc686b-98b0-4608-b398-5a078d0adfe9,Hear What I Feel,2017-07-07,XW,Official
Manizha,2021,Russian Woman,Russia,9,3a8419d3-c8d3-49f4-8f20-727d17700db6,76160afb-bc52-4356-98b8-4f8d06eb082f,Люди вернутся в людей,2022-09-23,XW,Official
Manizha,2021,Russian Woman,Russia,9,3a8419d3-c8d3-49f4-8f20-727d17700db6,77677971-9674-4dc5-aa16-f93e91657848,Candlelight,2024-05-08,XW,Official
Manizha,2021,Russian Woman,Russia,9,3a8419d3-c8d3-49f4-8f20-727d17700db6,84f8a347-571a-4c84-9451-751765a22f93,Core,2014-04-30,XW,Official
Manizha,2021,Russian Woman,Russia,9,3a8419d3-c8d3-49f4-8f20-727d17700db6,9249d629-5253-4390-8c4e-365125c23f6f,"Ну же, Боже",2022-09-09,XW,Official
Manizha,2021,Russian Woman,Russia,9,3a8419d3-c8d3-49f4-8f20-727d17700db6,9ba6fdb9-3c68-44a0-b42c-a639c4cbec50,Tummy,2023-05-19,XW,Official
Manizha,2021,Russian Woman,Russia,9,3a8419d3-c8d3-49f4-8f20-727d17700db6,9fd463a7-baed-43d4-a69b-0532b5c05082,Начало,2020-06-22,XW,Official
Manizha,2021,Russian Woman,Russia,9,3a8419d3-c8d3-49f4-8f20-727d17700db6,a0dbceb8-76b4-45de-8b77-012981cf7b62,Колыбель для повзрослевшего,2022-12-21,XW,Official
Manizha,2021,Russian Woman,Russia,9,3a8419d3-c8d3-49f4-8f20-727d17700db6,a5136987-01c7-417e-bd0f-5c444ee6f3ec,Любовь мое мерило,2022-08-12,XW,Official
Manizha,2021,Russian Woman,Russia,9,3a8419d3-c8d3-49f4-8f20-727d17700db6,a7845a86-1fd6-402d-b127-eccf59d748af,Now or Never,2021-12-10,XW,Official
Manizha,2021,Russian Woman,Russia,9,3a8419d3-c8d3-49f4-8f20-727d17700db6,a8fa516e-8ef4-4a91-ba52-ac6655486ef5,Завтрак,2019-08-26,XW,Official
Manizha,2021,Russian Woman,Russia,9,3a8419d3-c8d3-49f4-8f20-727d17700db6,ac9548e2-6c4c-476a-9f68-a8e97ebd697c,Устал,2017-04-19,XW,Official
Manizha,2021,Russian Woman,Russia,9,3a8419d3-c8d3-49f4-8f20-727d17700db6,afedbea7-7281-497b-8cc5-4e31e3a81259,VANYA,2019-12-06,XW,Official
Manizha,2021,Russian Woman,Russia,9,3a8419d3-c8d3-49f4-8f20-727d17700db6,b00fb80c-8c52-4f2a-9063-5b5e4f6a9d71,I Love Too Much,2016-05-15,XW,Official
Manizha,2021,Russian Woman,Russia,9,3a8419d3-c8d3-49f4-8f20-727d17700db6,b3fb464d-d732-4c1b-8e45-84bb617dcfdf,Мама,2019-02-28,XW,Official
Manizha,2021,Russian Woman,Russia,9,3a8419d3-c8d3-49f4-8f20-727d17700db6,be9f8812-8138-469e-9cdd-199444d36309,Человеку нужен человек,2020-04-10,XW,Official
Manizha,2021,Russian Woman,Russia,9,3a8419d3-c8d3-49f4-8f20-727d17700db6,c0001e8e-7be6-4e5d-996a-7d7f9a040f0f,Изумруд,2017-10-13,XW,Official
Manizha,2021,Russian Woman,Russia,9,3a8419d3-c8d3-49f4-8f20-727d17700db6,c00f7c47-7bb4-4fb6-8bf3-631eadc7ceac,Держи меня земля,2021-04-29,XW,Official
Manizha,2021,Russian Woman,Russia,9,3a8419d3-c8d3-49f4-8f20-727d17700db6,c74cc185-4ca6-410f-af7b-0fe12d08ffba,Don’t Tell Me,2016-12-14,XW,Official
Manizha,2021,Russian Woman,Russia,9,3a8419d3-c8d3-49f4-8f20-727d17700db6,ccd7a02b-6068-4a5d-b1f7-1a69c9df8e5d,Wake Up,2016-05-06,XW,Official
Manizha,2021,Russian Woman,Russia,9,3a8419d3-c8d3-49f4-8f20-727d17700db6,d25eed60-7f4f-4966-b7e1-0c20023bbc93,NEDOSLAVYANKA (Live),2021-07-16,XW,Official
Manizha,2021,Russian Woman,Russia,9,3a8419d3-c8d3-49f4-8f20-727d17700db6,de980c3b-d1f1-4fa2-b336-469e191104cb,Russian Woman Show,2021-09-24,XW,Official
Manizha,2021,Russian Woman,Russia,9,3a8419d3-c8d3-49f4-8f20-727d17700db6,e1475405-c964-4733-914a-464098eef2ed,I Love Too Much (acoustic version),2016-05-25,XW,Official
Manizha,2021,Russian Woman,Russia,9,3a8419d3-c8d3-49f4-8f20-727d17700db6,e71ac573-c1d6-4bee-a9ca-903006ab19a5,Standing Between Two Walls,2023-04-26,XW,Official
Manizha,2021,Russian Woman,Russia,9,3a8419d3-c8d3-49f4-8f20-727d17700db6,e8b53909-a9a4-4ef3-b025-12ba7f17f026,Сейчас дважды не случится,2019-10-02,XW,Official
Manizha,2021,Russian Woman,Russia,9,3a8419d3-c8d3-49f4-8f20-727d17700db6,eb108f0e-951f-477d-af82-b8368ac94af8,громче слов,2018-03-16,XW,Official
Manizha,2021,Russian Woman,Russia,9,3a8419d3-c8d3-49f4-8f20-727d17700db6,f4484f81-082a-4bb3-a3d1-85622ba0b7ec,Manuscript,2017-03-02,XW,Official
Manizha,2021,Russian Woman,Russia,9,3a8419d3-c8d3-49f4-8f20-727d17700db6,f925d0f7-96a6-4220-bb35-0602f0c0757d,Упражнения в равновесии,2019-07-12,XW,Official
Manizha,2021,Russian Woman,Russia,9,3a8419d3-c8d3-49f4-8f20-727d17700db6,f9c33b68-ff5e-4f47-8109-b815df9f56d1,Manuscript,2017-03-02,RU,Official
Manizha,2021,Russian Woman,Russia,9,3a8419d3-c8d3-49f4-8f20-727d17700db6,fca9acdf-abbc-496c-adf6-811636c61576,AKKULISTA,2021-03-02,XW,Official
The Black Mamba,2021,Love Is on My Side,Portugal,10,a0b34dbd-321e-49ef-a97b-b4d07f0a2684,3100d07e-beaa-4db4-a5f5-64ce0b8aa62a,Dirty Little Brother,2014-04-02,XW,Official
The Black Mamba,2021,Love Is on My Side,Portugal,10,a0b34dbd-321e-49ef-a97b-b4d07f0a2684,330db83f-ea2c-4e7e-90c1-3509564b6d09,Canção de Mim Mesmo,2016-02-05,PT,Official
The Black Mamba,2021,Love Is on My Side,Portugal,10,a0b34dbd-321e-49ef-a97b-b4d07f0a2684,5f0ded4c-1c97-414e-bc93-2ffbf50c9874,Callin’ Phone (Official Remixes),2019-09-13,XW,Official
The Black Mamba,2021,Love Is on My Side,Portugal,10,a0b34dbd-321e-49ef-a97b-b4d07f0a2684,6a1d42df-f8f8-4a06-811d-1520d3163833,Love Is on My Side,2021-03-07,AF,Official
The Black Mamba,2021,Love Is on My Side,Portugal,10,a0b34dbd-321e-49ef-a97b-b4d07f0a2684,6f161848-76b7-4160-9e16-bded9e07cdf2,Dirty Little Brother,2014-09-22,PT,Official
The Black Mamba,2021,Love Is on My Side,Portugal,10,a0b34dbd-321e-49ef-a97b-b4d07f0a2684,7d69f9a2-6ec7-42fd-9e08-8b8d70c70157,Wonder Why,2014-06-23,XW,Official
The Black Mamba,2021,Love Is on My Side,Portugal,10,a0b34dbd-321e-49ef-a97b-b4d07f0a2684,9aa87e3e-669b-4e9e-951f-b7ec479a31ff,The Black Mamba,2012-05-01,PT,
The Black Mamba,2021,Love Is on My Side,Portugal,10,a0b34dbd-321e-49ef-a97b-b4d07f0a2684,bbe15ac5-5c5f-433a-810e-a4fa1feb9db2,The Mamba King,2018,PT,Official
The Black Mamba,2021,Love Is on My Side,Portugal,10,a0b34dbd-321e-49ef-a97b-b4d07f0a2684,bc2ecaf0-027b-4c00-8a23-c4e179b6ac52,Last Night in Amsterdam,2024-11-15,,Official
The Black Mamba,2021,Love Is on My Side,Portugal,10,a0b34dbd-321e-49ef-a97b-b4d07f0a2684,d820cac7-bd03-42ce-b876-1729be6032fb,Believe,2018-09-26,PT,Official
The Black Mamba,2021,Love Is on My Side,Portugal,10,a0b34dbd-321e-49ef-a97b-b4d07f0a2684,f2a18793-f3c6-4527-bffa-7d3be8198124,Crazy Nando,2021-05-21,XW,Official
The Black Mamba,2021,Love Is on My Side,Portugal,10,a0b34dbd-321e-49ef-a97b-b4d07f0a2684,f7097470-085a-490a-89b6-a2a781f788e2,The Mamba King,2018-10-19,XW,Official
Kalush Orchestra,2022,Stefania,Ukraine,1,45d9e75f-cbdf-47df-b4e6-1578d8a17e25,0d653891-ecd4-454f-90a2-b0ae58df570d,Штомбер Вомбер,2021-12-03,,Official
Kalush Orchestra,2022,Stefania,Ukraine,1,45d9e75f-cbdf-47df-b4e6-1578d8a17e25,2b3b1010-1170-4a29-96a7-ea506d94a2fa,Changes,2023-03-03,XW,Official
Kalush Orchestra,2022,Stefania,Ukraine,1,45d9e75f-cbdf-47df-b4e6-1578d8a17e25,2cac57f3-3cd1-46d3-92cd-96cc9475aec8,Stefania,2022-03-18,,Official
Kalush Orchestra,2022,Stefania,Ukraine,1,45d9e75f-cbdf-47df-b4e6-1578d8a17e25,35ed2bd3-915a-4fb8-96ea-8d6f2aa07707,Stefania,2022-02-07,,Official
Kalush Orchestra,2022,Stefania,Ukraine,1,45d9e75f-cbdf-47df-b4e6-1578d8a17e25,5901ed97-0fd3-471c-9bdb-c967e8ce54a8,Stefania,2022-05-20,XE,Official
Kalush Orchestra,2022,Stefania,Ukraine,1,45d9e75f-cbdf-47df-b4e6-1578d8a17e25,6a19b7ea-b03f-4c35-a747-a17b6fe8382f,Ushme Uturbe,2023-04-14,XW,Official
Kalush Orchestra,2022,Stefania,Ukraine,1,45d9e75f-cbdf-47df-b4e6-1578d8a17e25,6dce396d-5a61-4ab2-9d4a-81410726e0fc,Cry for You,2023-01-26,,Official
Kalush Orchestra,2022,Stefania,Ukraine,1,45d9e75f-cbdf-47df-b4e6-1578d8a17e25,b03183e6-ace4-48c2-b736-e9453ac41803,In the Shadows of Ukraine,2022-10-21,,Official
Kalush Orchestra,2022,Stefania,Ukraine,1,45d9e75f-cbdf-47df-b4e6-1578d8a17e25,b537675b-b7e9-4e95-ab06-4e430cba3e4e,Cry for You,2023-01-26,,Official
Kalush Orchestra,2022,Stefania,Ukraine,1,45d9e75f-cbdf-47df-b4e6-1578d8a17e25,b6e5fd4b-27db-4447-a078-379b92ac1155,Cry for You,2023-01-26,,Official
Sam Ryder,2022,Space Man,United Kingdom,2,18d28b0c-e84d-43a0-be7d-d5c5abef56ab,04eba0f9-92a7-4ead-ade7-7ba4b751c251,"There’s Nothing but Space, Man!",2022-12-12,,Official
Sam Ryder,2022,Space Man,United Kingdom,2,18d28b0c-e84d-43a0-be7d-d5c5abef56ab,0b9ccffc-2c00-45ba-ab20-857e04b6ec7d,"There’s Nothing but Space, Man!",2022-12-12,,Official
Sam Ryder,2022,Space Man,United Kingdom,2,18d28b0c-e84d-43a0-be7d-d5c5abef56ab,0faaee83-343d-4eaf-b912-d627d51ad964,Somebody (sped up version),2022-08-26,,Official
Sam Ryder,2022,Space Man,United Kingdom,2,18d28b0c-e84d-43a0-be7d-d5c5abef56ab,11e6e96f-c17b-4f4f-be82-7dbdd3f941a5,SPACE MAN,2022-02-22,,Official
Sam Ryder,2022,Space Man,United Kingdom,2,18d28b0c-e84d-43a0-be7d-d5c5abef56ab,1622be93-7c8f-4895-9094-c62c35c792ee,OH OK,2025-05-23,XW,Official
Sam Ryder,2022,Space Man,United Kingdom,2,18d28b0c-e84d-43a0-be7d-d5c5abef56ab,176d1ff3-dd1c-4311-8374-f9cbe7078501,SPACE MAN (Eurovision Song Contest edit),2022-05-18,,Official
Sam Ryder,2022,Space Man,United Kingdom,2,18d28b0c-e84d-43a0-be7d-d5c5abef56ab,1dc3bae3-b733-4405-a786-9b8edcbb6186,Mountain (Eurovision edit),2023-05-14,,Official
Sam Ryder,2022,Space Man,United Kingdom,2,18d28b0c-e84d-43a0-be7d-d5c5abef56ab,29594f9c-6354-4656-8cc5-87c186435657,Whirlwind,2021-02-23,XW,Official
Sam Ryder,2022,Space Man,United Kingdom,2,18d28b0c-e84d-43a0-be7d-d5c5abef56ab,37c6fc2a-914b-4a2b-8bf1-ae438288c37b,More,2021-09-03,XW,Official
Sam Ryder,2022,Space Man,United Kingdom,2,18d28b0c-e84d-43a0-be7d-d5c5abef56ab,39295036-37a3-4b6d-abdc-ef63e8b85ceb,Apple Music Home Session: Sam Ryder,2022-10-07,,Official
Sam Ryder,2022,Space Man,United Kingdom,2,18d28b0c-e84d-43a0-be7d-d5c5abef56ab,42dc9034-8414-433e-a974-2f49d3419584,The Feeling Never Went Away,2025-08-01,XW,Official
Sam Ryder,2022,Space Man,United Kingdom,2,18d28b0c-e84d-43a0-be7d-d5c5abef56ab,42e1a714-7664-45e8-ada8-1a2d7f422838,Somebody,2022-08-19,,Official
Sam Ryder,2022,Space Man,United Kingdom,2,18d28b0c-e84d-43a0-be7d-d5c5abef56ab,46539657-2033-421c-aa42-caec62ed23c7,Living Without You,2022-09-02,,Official
Sam Ryder,2022,Space Man,United Kingdom,2,18d28b0c-e84d-43a0-be7d-d5c5abef56ab,46ef01da-6746-4985-9bd2-1b3e01bb1464,Apple Music Home Session: Sam Ryder,2022-01-14,XW,Withdrawn
Sam Ryder,2022,Space Man,United Kingdom,2,18d28b0c-e84d-43a0-be7d-d5c5abef56ab,4b44dc40-776c-43e1-b013-79d1f2226cde,Somebody,2022-08-19,,Official
Sam Ryder,2022,Space Man,United Kingdom,2,18d28b0c-e84d-43a0-be7d-d5c5abef56ab,4d1fd2d7-984d-4bdd-b68d-c058441462c3,Heartland,2025-10-20,XW,Official
Sam Ryder,2022,Space Man,United Kingdom,2,18d28b0c-e84d-43a0-be7d-d5c5abef56ab,4e112797-cdd8-4ea1-ba90-f9428ebfdd53,Living Without You (Just Yaz remix),2022-10-21,,Official
Sam Ryder,2022,Space Man,United Kingdom,2,18d28b0c-e84d-43a0-be7d-d5c5abef56ab,4e1a7779-9883-482f-9ea1-b1ea00330951,"There’s Nothing but Space, Man!",2022-12-09,,Official
Sam Ryder,2022,Space Man,United Kingdom,2,18d28b0c-e84d-43a0-be7d-d5c5abef56ab,5000a69c-4cb1-449f-86a5-c96a828f7833,White Lies,2025-03-21,XW,Official
Sam Ryder,2022,Space Man,United Kingdom,2,18d28b0c-e84d-43a0-be7d-d5c5abef56ab,54915d22-b85f-4177-b69b-0f80f04ce115,Put a Light on Me (stripped),2023-03-03,,Official
Sam Ryder,2022,Space Man,United Kingdom,2,18d28b0c-e84d-43a0-be7d-d5c5abef56ab,58a797be-1943-415c-a59c-8e97989d2610,Go Steady (from BBC’s Parenthood),2025-08-15,XW,Official
Sam Ryder,2022,Space Man,United Kingdom,2,18d28b0c-e84d-43a0-be7d-d5c5abef56ab,597af927-f37a-493a-b3bd-036b30006372,OH OK,2025-05-23,XW,Official
Sam Ryder,2022,Space Man,United Kingdom,2,18d28b0c-e84d-43a0-be7d-d5c5abef56ab,5a585d72-39ea-48f8-893e-5691e2dfadf0,SPACE MAN (Platinum Jubilee edition),2022-06-07,GB,Official
Sam Ryder,2022,Space Man,United Kingdom,2,18d28b0c-e84d-43a0-be7d-d5c5abef56ab,60fefc3d-4cbb-4b9e-beb6-7394e3af289a,All The Way Over,2022-11-04,,Official
Sam Ryder,2022,Space Man,United Kingdom,2,18d28b0c-e84d-43a0-be7d-d5c5abef56ab,62a6bcef-bece-4c7d-b5ec-a858785a6b0d,Heartland,2025-10-17,GB,Official
Sam Ryder,2022,Space Man,United Kingdom,2,18d28b0c-e84d-43a0-be7d-d5c5abef56ab,6528bca1-a20c-4e19-8282-fc664e9f6b06,The Sun’s Gonna Rise,2021-09-24,XW,Official
Sam Ryder,2022,Space Man,United Kingdom,2,18d28b0c-e84d-43a0-be7d-d5c5abef56ab,6eab6754-f583-4ae5-8c2f-49c123074bb9,Tiny Riot (orchestral version),2021-06-04,XW,Official
Sam Ryder,2022,Space Man,United Kingdom,2,18d28b0c-e84d-43a0-be7d-d5c5abef56ab,6eac70ba-2817-4971-a75b-74fd111fcd2c,Back In Love,2024-01-10,,Official
Sam Ryder,2022,Space Man,United Kingdom,2,18d28b0c-e84d-43a0-be7d-d5c5abef56ab,70b21504-cb39-45a0-8483-6dae7e45a0ea,"There’s Nothing but Space, Man!",2022-12-09,,Official
Sam Ryder,2022,Space Man,United Kingdom,2,18d28b0c-e84d-43a0-be7d-d5c5abef56ab,71658ac4-1981-4874-af63-c4df993c39f9,Gethsemane,2026-05-16,XW,Official
Sam Ryder,2022,Space Man,United Kingdom,2,18d28b0c-e84d-43a0-be7d-d5c5abef56ab,7203852c-c9a3-4d89-8c36-d4b605a25a8e,You’ve Got the Love,2023-03-10,,Official
Sam Ryder,2022,Space Man,United Kingdom,2,18d28b0c-e84d-43a0-be7d-d5c5abef56ab,7236f036-dc47-48b5-a37e-6134eeaf05b9,SPACE MAN,2022-02-22,XW,Official
Sam Ryder,2022,Space Man,United Kingdom,2,18d28b0c-e84d-43a0-be7d-d5c5abef56ab,72b1925b-34f6-4bd5-af7d-b2e65d63be7f,Put a Light on Me (stripped),2023-03-03,,Official
Sam Ryder,2022,Space Man,United Kingdom,2,18d28b0c-e84d-43a0-be7d-d5c5abef56ab,75376dd8-a211-4e20-ad6f-b0d81676f55a,SPACE MAN (Eurovision Song Contest edit),2022-05-18,,Official
Sam Ryder,2022,Space Man,United Kingdom,2,18d28b0c-e84d-43a0-be7d-d5c5abef56ab,7c993e37-df9d-4473-af71-1ea1aa99da31,Tiny Riot,2021-03-26,XW,Official
Sam Ryder,2022,Space Man,United Kingdom,2,18d28b0c-e84d-43a0-be7d-d5c5abef56ab,7d751eab-9432-4c6c-9dbd-0f66b3044c09,All The Way Over,2022-11-04,,Official
Sam Ryder,2022,Space Man,United Kingdom,2,18d28b0c-e84d-43a0-be7d-d5c5abef56ab,7e96178d-0ebc-44fd-86f9-609619e73321,Set You Free,2019-11-15,XW,Official
Sam Ryder,2022,Space Man,United Kingdom,2,18d28b0c-e84d-43a0-be7d-d5c5abef56ab,80361eaf-5e7c-47e2-8c09-ef5e4c294831,Apple Music Home Session: Sam Ryder,2022-03-18,,Official
Sam Ryder,2022,Space Man,United Kingdom,2,18d28b0c-e84d-43a0-be7d-d5c5abef56ab,82836d6e-165c-4276-9c08-432c0c8eb9cb,Somebody (acoustic),2022-10-14,,Official
Sam Ryder,2022,Space Man,United Kingdom,2,18d28b0c-e84d-43a0-be7d-d5c5abef56ab,86f114e7-a7e9-411c-b003-310a61027e96,Tiny Riot (Luca Schreiner remix),2021-06-18,XW,Official
Sam Ryder,2022,Space Man,United Kingdom,2,18d28b0c-e84d-43a0-be7d-d5c5abef56ab,8940fcab-9258-44cf-ad4f-e3040445131c,OH OK (unplugged),2025-06-20,XW,Official
Sam Ryder,2022,Space Man,United Kingdom,2,18d28b0c-e84d-43a0-be7d-d5c5abef56ab,91911281-251b-4c38-8753-dd2095701b53,"There’s Nothing but Space, Man!",2022-12-09,,Official
Sam Ryder,2022,Space Man,United Kingdom,2,18d28b0c-e84d-43a0-be7d-d5c5abef56ab,931385d3-f83d-4b3e-b38d-eca14e275090,SPACE MAN (acoustic),2022-04-20,,Official
Sam Ryder,2022,Space Man,United Kingdom,2,18d28b0c-e84d-43a0-be7d-d5c5abef56ab,972865b7-a17b-4354-8449-8fe453e05331,SPACE MAN (Platinum Jubilee edit),2022-06-04,,Official
Sam Ryder,2022,Space Man,United Kingdom,2,18d28b0c-e84d-43a0-be7d-d5c5abef56ab,9eefaef7-2613-4c2c-8011-91ca7a090569,July,2021-07-01,XW,Official
Sam Ryder,2022,Space Man,United Kingdom,2,18d28b0c-e84d-43a0-be7d-d5c5abef56ab,a2790e81-5d19-4079-ab79-dbc2d3458297,White Lies (live from 1979),2025-04-11,XW,Official
Sam Ryder,2022,Space Man,United Kingdom,2,18d28b0c-e84d-43a0-be7d-d5c5abef56ab,a7d369d9-2cd8-4b0d-9855-c8e099a1dda4,SPACE MAN (acoustic),2022-04-20,,Official
Sam Ryder,2022,Space Man,United Kingdom,2,18d28b0c-e84d-43a0-be7d-d5c5abef56ab,ab05bb0b-5599-4511-9510-482bf7a7c2c2,Living Without You (acoustic),2022-10-14,,Official
Sam Ryder,2022,Space Man,United Kingdom,2,18d28b0c-e84d-43a0-be7d-d5c5abef56ab,acf05032-61e7-47c5-938d-15c31ad9881c,"There’s Nothing but Space, Man!",2022-12-09,XE,Official
Sam Ryder,2022,Space Man,United Kingdom,2,18d28b0c-e84d-43a0-be7d-d5c5abef56ab,b2984d63-4cf2-4015-ba67-d01095caa370,The Sun’s Gonna Rise,2021-09-24,,Official
Sam Ryder,2022,Space Man,United Kingdom,2,18d28b0c-e84d-43a0-be7d-d5c5abef56ab,c07d2f2d-d733-4f9a-a3e4-8c80e7b6288b,Living Without You (acoustic),2022-10-14,,Official
Sam Ryder,2022,Space Man,United Kingdom,2,18d28b0c-e84d-43a0-be7d-d5c5abef56ab,c1503bdc-b660-4d39-b375-0f3d1737d94c,White Lies (live from 1979),2025-04-11,XW,Official
Sam Ryder,2022,Space Man,United Kingdom,2,18d28b0c-e84d-43a0-be7d-d5c5abef56ab,ca36f85a-15c3-45c7-b312-881e849289c8,Living Without You (Just Yaz remix),2022-10-21,,Official
Sam Ryder,2022,Space Man,United Kingdom,2,18d28b0c-e84d-43a0-be7d-d5c5abef56ab,ca5be27e-5cb8-4dc3-9cff-cb6d01556ce9,"There’s Nothing but Space, Man!",2022-12-31,,Official
Sam Ryder,2022,Space Man,United Kingdom,2,18d28b0c-e84d-43a0-be7d-d5c5abef56ab,cd7e365e-1865-41e2-afbf-21072869fe05,You’re Christmas To Me (Amazon Music Original),2023-11-07,GB,Official
Sam Ryder,2022,Space Man,United Kingdom,2,18d28b0c-e84d-43a0-be7d-d5c5abef56ab,d0bbb9a1-4244-4b98-b8cf-e1a720edf492,Mountain,2023-05-12,,Official
Sam Ryder,2022,Space Man,United Kingdom,2,18d28b0c-e84d-43a0-be7d-d5c5abef56ab,d0d516dc-af7c-45d5-bf38-43f2e8a40bff,SPACE MAN (Platinum Jubilee edit),2022-06-04,,Official
Sam Ryder,2022,Space Man,United Kingdom,2,18d28b0c-e84d-43a0-be7d-d5c5abef56ab,d5158016-e822-4dda-8c4f-c9e51391f360,Put a Light on Me (Nathan Dawe remix),2023-02-24,,Official
Sam Ryder,2022,Space Man,United Kingdom,2,18d28b0c-e84d-43a0-be7d-d5c5abef56ab,d7a88104-aee8-40a4-8f47-bdedb86ac0de,More (acoustic),2021-10-29,XW,Official
Sam Ryder,2022,Space Man,United Kingdom,2,18d28b0c-e84d-43a0-be7d-d5c5abef56ab,d84f47c2-a285-4db2-b98d-2f99bae0c8e0,Heartland,2025-10-17,XW,Official
Sam Ryder,2022,Space Man,United Kingdom,2,18d28b0c-e84d-43a0-be7d-d5c5abef56ab,da574420-c216-42b4-a51f-b3d194a2f46c,SPACE MAN,2022-05-14,GB,Official
Sam Ryder,2022,Space Man,United Kingdom,2,18d28b0c-e84d-43a0-be7d-d5c5abef56ab,de0fa709-35f3-464b-91f4-a37c7d8696d9,Living Without You,2022-09-02,,Official
Sam Ryder,2022,Space Man,United Kingdom,2,18d28b0c-e84d-43a0-be7d-d5c5abef56ab,e0a5be22-6869-4b45-934c-373689d777e0,SPACE MAN (Sam Feldt remix),2022-06-10,,Official
Sam Ryder,2022,Space Man,United Kingdom,2,18d28b0c-e84d-43a0-be7d-d5c5abef56ab,e3134ae2-484f-4415-88d8-56e8838c63a1,Better Man,2025-09-26,XW,Official
Sam Ryder,2022,Space Man,United Kingdom,2,18d28b0c-e84d-43a0-be7d-d5c5abef56ab,e9001da8-511a-4273-9dc6-8c77c53173b4,SPACE MAN (ATH remix),2022-06-01,,Official
Sam Ryder,2022,Space Man,United Kingdom,2,18d28b0c-e84d-43a0-be7d-d5c5abef56ab,e9368788-af25-42df-9330-7cdddda33ed5,The Feeling Never Went Away,2025-08-01,XW,Official
Sam Ryder,2022,Space Man,United Kingdom,2,18d28b0c-e84d-43a0-be7d-d5c5abef56ab,ea13e1c3-41c8-4143-bf37-d0ffb87ad7c1,OH OK (unplugged),2025-06-20,XW,Official
Sam Ryder,2022,Space Man,United Kingdom,2,18d28b0c-e84d-43a0-be7d-d5c5abef56ab,eb3db5a9-d8cc-45d5-8814-5dbd7f269dbc,Mountain (Acoustic),2023-05-14,,Official
Sam Ryder,2022,Space Man,United Kingdom,2,18d28b0c-e84d-43a0-be7d-d5c5abef56ab,f63e6d32-3a47-4a23-8f0f-babfbacff842,Better Man,2025-09-26,XW,Official
Sam Ryder,2022,Space Man,United Kingdom,2,18d28b0c-e84d-43a0-be7d-d5c5abef56ab,f90ecd45-1f7e-470b-b36a-6bc58948d3ca,Fought & Lost,2023-05-24,US,Official
Chanel,2022,SloMo,Spain,3,a4f4fa8a-48bd-4d26-b3b7-88e57e908ffe,65f78c73-0b04-4b45-bb40-e6f3cab88404,Dance,2008-02-22,DE,Official
Chanel,2022,SloMo,Spain,3,a4f4fa8a-48bd-4d26-b3b7-88e57e908ffe,898d959e-7474-4642-adf0-900f7b332741,Dance,2008-05-29,LU,Official
Chanel,2022,SloMo,Spain,3,a4f4fa8a-48bd-4d26-b3b7-88e57e908ffe,8fdd2ae9-c651-4f3c-9730-458e4d2b5099,My Life,2006-09-18,GB,Official
Chanel,2022,SloMo,Spain,3,a4f4fa8a-48bd-4d26-b3b7-88e57e908ffe,96efffd4-8aa9-4b7c-9cd3-6894a8aae734,My Life,2006,GB,Promotion
Chanel,2022,SloMo,Spain,3,a4f4fa8a-48bd-4d26-b3b7-88e57e908ffe,b8338cbb-0121-4895-a81e-5bdf98c7bf9c,If You Love Me,2009-06-08,,Official
Chanel,2022,SloMo,Spain,3,a4f4fa8a-48bd-4d26-b3b7-88e57e908ffe,c776e912-0a8d-4d8d-82ba-0b87a5096c7a,Dance / Get Get Down (2008 remix),2009,SE,Promotion
Chanel,2022,SloMo,Spain,3,a4f4fa8a-48bd-4d26-b3b7-88e57e908ffe,d310f0eb-10c8-495c-85dd-553dc3aab5a1,My Life (Roger Williams & Dan Grooves Remix),2011-05-30,,Official
Chanel,2022,SloMo,Spain,3,a4f4fa8a-48bd-4d26-b3b7-88e57e908ffe,e587e3b8-5a5e-49e0-bc37-71878a69e0d3,Forget About Your Boys,2011-06-07,XW,Official
Cornelia Jakobs,2022,Hold Me Closer,Sweden,4,07118bef-2395-4257-8836-7089651002b2,03ba4843-9545-4adb-a705-ed3111700c9a,Hold Me Closer,2022-02-26,XW,Official
Cornelia Jakobs,2022,Hold Me Closer,Sweden,4,07118bef-2395-4257-8836-7089651002b2,04c2d85c-87dd-4d4b-a968-5b3a17dc0c6b,You Love Me,2018-03-09,XW,Official
Cornelia Jakobs,2022,Hold Me Closer,Sweden,4,07118bef-2395-4257-8836-7089651002b2,15c882be-2cd6-48cc-81b7-a7d34297a694,Shy Love,2018-06-01,XW,Official
Cornelia Jakobs,2022,Hold Me Closer,Sweden,4,07118bef-2395-4257-8836-7089651002b2,1baf0f55-b618-4075-a6db-8131eaf92fa9,Bloody Mind,2023-03-31,XW,Official
Cornelia Jakobs,2022,Hold Me Closer,Sweden,4,07118bef-2395-4257-8836-7089651002b2,23958a87-0228-4bd4-9245-6b564babf5fc,Hold Me Closer,2022-02-24,XW,Official
Cornelia Jakobs,2022,Hold Me Closer,Sweden,4,07118bef-2395-4257-8836-7089651002b2,25edcc35-7bb9-4328-ad8d-a7bf61a010bc,Weight of the World,2020-09-15,XW,Official
Cornelia Jakobs,2022,Hold Me Closer,Sweden,4,07118bef-2395-4257-8836-7089651002b2,2cb06721-1f96-475c-a56e-2d1c54fe72a5,All the Gold,2018-02-16,XW,Official
Cornelia Jakobs,2022,Hold Me Closer,Sweden,4,07118bef-2395-4257-8836-7089651002b2,333d4540-8fc1-4b4e-a0cb-d8d530d4f983,I Turn to You,2023-05-13,XW,Official
Cornelia Jakobs,2022,Hold Me Closer,Sweden,4,07118bef-2395-4257-8836-7089651002b2,3b961731-a2e3-43c2-a251-9ddc52b751a9,Locked Into You,2018-10-05,XW,Official
Cornelia Jakobs,2022,Hold Me Closer,Sweden,4,07118bef-2395-4257-8836-7089651002b2,3f01e6a8-ccd6-4870-9004-db25148deb8e,Late Night Stories,2018-01-12,XW,Official
Cornelia Jakobs,2022,Hold Me Closer,Sweden,4,07118bef-2395-4257-8836-7089651002b2,4ad4749e-8171-4744-bdc2-e413c96ee927,Rise,2022-10-07,,Official
Cornelia Jakobs,2022,Hold Me Closer,Sweden,4,07118bef-2395-4257-8836-7089651002b2,520d346a-d6f4-48a0-a090-8f4a289a9f38,Hold Me Closer,2022-02-26,XW,Official
Cornelia Jakobs,2022,Hold Me Closer,Sweden,4,07118bef-2395-4257-8836-7089651002b2,618d8c81-c6d7-4acc-8609-b18c667468e5,Need You Now,2023-07-28,XW,Official
Cornelia Jakobs,2022,Hold Me Closer,Sweden,4,07118bef-2395-4257-8836-7089651002b2,783f652b-5811-4897-bf3c-ccca598ba45f,It Takes a Fool to Remain Sane (Spotify Singles),2023-04-28,XW,Official
Cornelia Jakobs,2022,Hold Me Closer,Sweden,4,07118bef-2395-4257-8836-7089651002b2,c223247e-cfe8-41ee-9356-13fdfafc2975,Dream Away,2020-05-22,XW,Official
Cornelia Jakobs,2022,Hold Me Closer,Sweden,4,07118bef-2395-4257-8836-7089651002b2,c9e6ade2-59ad-44a8-8437-36377a158eb7,Animal Island,2018-04-13,XW,Official
Cornelia Jakobs,2022,Hold Me Closer,Sweden,4,07118bef-2395-4257-8836-7089651002b2,e12eb758-80cd-47b9-85f4-a210445c30cb,Weight of the World (live at Södra Teatern),2023-02-03,XW,Official
Cornelia Jakobs,2022,Hold Me Closer,Sweden,4,07118bef-2395-4257-8836-7089651002b2,edb8185d-0e89-46fd-baed-eda00b9e3aea,Fine,2022-03-09,XW,Official
Cornelia Jakobs,2022,Hold Me Closer,Sweden,4,07118bef-2395-4257-8836-7089651002b2,f7cc46d0-2804-4077-bb07-2d19bc10ae44,Hanging On,2019-08-07,XW,Official
Konstrakta,2022,In corpore sano,Serbia,5,7309ad75-71ec-486b-8d33-6b8a8969a8ae,20b911eb-30cb-43b8-b324-155a58e33c3a,In corpore sano,2022-02-11,XW,Official
Konstrakta,2022,In corpore sano,Serbia,5,7309ad75-71ec-486b-8d33-6b8a8969a8ae,333d50ad-49bd-4655-b0bf-04e85644dce4,"Novo, bolje",2024-01-22,XW,Official
Konstrakta,2022,In corpore sano,Serbia,5,7309ad75-71ec-486b-8d33-6b8a8969a8ae,9b7e255e-8563-4bba-bcec-d08f97ccfa93,Put,2023-10-27,XW,Official
Konstrakta,2022,In corpore sano,Serbia,5,7309ad75-71ec-486b-8d33-6b8a8969a8ae,dad5d4ae-f0a3-4b38-b8f7-627d9d007d04,Biti Zdrava,2023,RS,Official
Konstrakta,2022,In corpore sano,Serbia,5,7309ad75-71ec-486b-8d33-6b8a8969a8ae,f3045103-2404-4a42-94eb-4593b7d867fe,"Zauvek, sine",2025-03-28,XW,Official
Konstrakta,2022,In corpore sano,Serbia,5,7309ad75-71ec-486b-8d33-6b8a8969a8ae,fd117423-99b8-454c-8e9b-bf27cd86772c,In Corpore Sano (acoustic),2022-09-30,,Official
Amanda Tenfjord,2022,Die Together,Greece,8,4773f546-e745-417e-bf6b-344edb09c082,03aef4bf-f190-4ea9-b717-ee5512f5056b,I Need Lions,2016-01-12,XW,Official
Amanda Tenfjord,2022,Die Together,Greece,8,4773f546-e745-417e-bf6b-344edb09c082,04b16352-995f-44b3-a0d1-dbc23d1005da,Plans,2022-05-20,XW,Official
Amanda Tenfjord,2022,Die Together,Greece,8,4773f546-e745-417e-bf6b-344edb09c082,4202e922-e68c-43bd-9c4a-ccce8bc057ca,Man of Iron,2017-01-11,XW,Official
Amanda Tenfjord,2022,Die Together,Greece,8,4773f546-e745-417e-bf6b-344edb09c082,423a0d9b-932c-432e-822a-72a9b7c5158f,Miss the Way You Missed Me,2021-02-19,AF,Official
Amanda Tenfjord,2022,Die Together,Greece,8,4773f546-e745-417e-bf6b-344edb09c082,427e74b6-2f27-475d-a1e5-fd34e1c7045f,Die Together (Acoustic with Choir),2022-04-29,XW,Official
Amanda Tenfjord,2022,Die Together,Greece,8,4773f546-e745-417e-bf6b-344edb09c082,44dc38ad-6203-4491-b47f-4c9f43396e55,Pressure,2020-04-24,AF,Official
Amanda Tenfjord,2022,Die Together,Greece,8,4773f546-e745-417e-bf6b-344edb09c082,4b380487-1738-406b-b72d-6d9656870792,Promises,2021-11-12,AF,Official
Amanda Tenfjord,2022,Die Together,Greece,8,4773f546-e745-417e-bf6b-344edb09c082,5009ab35-4266-46b9-bb82-6a1f33793df5,All in,2022-06-24,XW,Official
Amanda Tenfjord,2022,Die Together,Greece,8,4773f546-e745-417e-bf6b-344edb09c082,5e86f745-6c92-48b6-bdd8-5eeb759706fa,Arcade (Acoustic Cover),2022-05-06,XW,Official
Amanda Tenfjord,2022,Die Together,Greece,8,4773f546-e745-417e-bf6b-344edb09c082,7c108dd2-c039-445e-9464-5fd916465200,Then I Fell In Love,2020-11-27,XW,Official
Amanda Tenfjord,2022,Die Together,Greece,8,4773f546-e745-417e-bf6b-344edb09c082,836ab8fe-bf48-4e54-99c7-ec3288818503,Die Together,2022-03-10,XW,Official
Amanda Tenfjord,2022,Die Together,Greece,8,4773f546-e745-417e-bf6b-344edb09c082,8d940dcb-70b4-432b-9728-a18508a0f4de,First Impression,2018-04-20,XW,Official
Amanda Tenfjord,2022,Die Together,Greece,8,4773f546-e745-417e-bf6b-344edb09c082,92edd9ae-13ae-44ce-8692-f89c5a9bd683,Let Me Think,2018-10-12,GB,Official
Amanda Tenfjord,2022,Die Together,Greece,8,4773f546-e745-417e-bf6b-344edb09c082,95ccb5bd-ddd0-481c-8e4c-35aefa77070d,Kill the Lonely,2019-09-06,AF,Official
Amanda Tenfjord,2022,Die Together,Greece,8,4773f546-e745-417e-bf6b-344edb09c082,9c1df504-2fc7-44f2-b8af-cfed3d013715,Run,2014-08-30,XW,Official
Amanda Tenfjord,2022,Die Together,Greece,8,4773f546-e745-417e-bf6b-344edb09c082,9d0a5109-7b91-4b57-8a08-f0346899ec03,The Floor Is Lava,2019-03-29,XW,Official
Amanda Tenfjord,2022,Die Together,Greece,8,4773f546-e745-417e-bf6b-344edb09c082,a2ca1a20-654e-47e9-804a-fa7f09c33ad2,Troubled Water,2019-06-14,AF,Official
Amanda Tenfjord,2022,Die Together,Greece,8,4773f546-e745-417e-bf6b-344edb09c082,adaddfb9-751f-4cb7-841e-92d4c95ebc2a,As If,2020-01-10,AF,Official
Amanda Tenfjord,2022,Die Together,Greece,8,4773f546-e745-417e-bf6b-344edb09c082,b0b192cc-4e30-427e-9185-eb234d3f30b6,I’ll stay,2022-10-07,XW,Official
Amanda Tenfjord,2022,Die Together,Greece,8,4773f546-e745-417e-bf6b-344edb09c082,cda78b68-d72b-451b-b811-610e676a2242,Miss the Way You Missed Me,2021-02-19,AU,Official
Amanda Tenfjord,2022,Die Together,Greece,8,4773f546-e745-417e-bf6b-344edb09c082,cdec6a07-e5a3-4feb-932e-699f0250ce14,In Hindsight,2022-10-21,XW,Official
Amanda Tenfjord,2022,Die Together,Greece,8,4773f546-e745-417e-bf6b-344edb09c082,dacddf40-56f3-4329-9af1-9619723f9b38,Promises,2021-11-12,DK,Official
Amanda Tenfjord,2022,Die Together,Greece,8,4773f546-e745-417e-bf6b-344edb09c082,dbfc2b56-2731-4507-932c-7e9c1392a32f,No Thanks,2018-08-17,XW,Official
Amanda Tenfjord,2022,Die Together,Greece,8,4773f546-e745-417e-bf6b-344edb09c082,e97d08b6-154a-4982-9fdc-901e0ce48062,AMAN,2022-09-16,XW,Official
Amanda Tenfjord,2022,Die Together,Greece,8,4773f546-e745-417e-bf6b-344edb09c082,f41abf95-ccfd-47d5-a52d-a35a686795f0,First Impression,2018-11-09,XW,Official
MARO,2022,"Saudade, saudade",Portugal,9,7c908b36-6ae2-45d2-b0bd-7b58fa5708a1,32f976e3-b908-4317-b8a6-7b5a65e2cc77,Better Now,2022-03-02,XW,Official
MARO,2022,"Saudade, saudade",Portugal,9,7c908b36-6ae2-45d2-b0bd-7b58fa5708a1,3e193a0b-c612-4a6f-b65b-783aa48df8c6,Better Now,2022-03-02,XW,Official
MARO,2022,"Saudade, saudade",Portugal,9,7c908b36-6ae2-45d2-b0bd-7b58fa5708a1,4baffe90-cf14-441f-86c0-b73288bb6b39,KISS ME,2026-01-12,PT,Official
MARO,2022,"Saudade, saudade",Portugal,9,7c908b36-6ae2-45d2-b0bd-7b58fa5708a1,54d53bc6-3a95-4021-b5d9-5a654b20e018,LIFELINE,2025-01-15,PT,Official
MARO,2022,"Saudade, saudade",Portugal,9,7c908b36-6ae2-45d2-b0bd-7b58fa5708a1,558e1302-66ee-435c-a6c5-b06e128f864b,Era de aquário / Deixa o sol entrar,2026-05-08,XW,Official
MARO,2022,"Saudade, saudade",Portugal,9,7c908b36-6ae2-45d2-b0bd-7b58fa5708a1,5896bd2d-47f9-415f-b1e4-bd430811713f,"MARO, Vol. 3",2018-06-30,XW,Official
MARO,2022,"Saudade, saudade",Portugal,9,7c908b36-6ae2-45d2-b0bd-7b58fa5708a1,6179c370-b456-4a99-b317-a8c5c75434c2,I OWE IT TO YOU,2025-10-16,XW,Official
MARO,2022,"Saudade, saudade",Portugal,9,7c908b36-6ae2-45d2-b0bd-7b58fa5708a1,63da78bc-19cb-4824-b00b-e205faed8fbc,House Along the Road,2023-11-10,US,Official
MARO,2022,"Saudade, saudade",Portugal,9,7c908b36-6ae2-45d2-b0bd-7b58fa5708a1,647fd31a-0da6-4365-b6cd-0950e1916a4b,Walk Above the City,2021-02-05,AT,Official
MARO,2022,"Saudade, saudade",Portugal,9,7c908b36-6ae2-45d2-b0bd-7b58fa5708a1,6648dc2d-edea-4a10-b06a-7bb3c9c2ab98,"saudade, saudade",2024-10-18,XW,Official
MARO,2022,"Saudade, saudade",Portugal,9,7c908b36-6ae2-45d2-b0bd-7b58fa5708a1,7317ef2d-bfee-4d83-a3a5-5a55b83fff04,"MARO, Vol. 1",2018-03-30,XW,Official
MARO,2022,"Saudade, saudade",Portugal,9,7c908b36-6ae2-45d2-b0bd-7b58fa5708a1,84d9e61e-c2c3-42bd-9273-33ef3862a03a,it’s OK,2018-11-30,XW,Official
MARO,2022,"Saudade, saudade",Portugal,9,7c908b36-6ae2-45d2-b0bd-7b58fa5708a1,8f2454ef-4138-4502-a580-e8b086000164,LIFELINE,2025-01-15,,Official
MARO,2022,"Saudade, saudade",Portugal,9,7c908b36-6ae2-45d2-b0bd-7b58fa5708a1,942136e0-e764-496f-be24-ac9ef27f2916,CRYCRYCRY,2024-10-25,,Official
MARO,2022,"Saudade, saudade",Portugal,9,7c908b36-6ae2-45d2-b0bd-7b58fa5708a1,a493d2dd-ee80-44f9-b132-00ed3489dfc4,SO MUCH HAS CHANGED,2026-01-27,PT,Official
MARO,2022,"Saudade, saudade",Portugal,9,7c908b36-6ae2-45d2-b0bd-7b58fa5708a1,a6b0718b-7c1a-4cb0-8da0-3e943cfb8cd0,"MARO, Vol. 2",2018-04-30,XW,Official
MARO,2022,"Saudade, saudade",Portugal,9,7c908b36-6ae2-45d2-b0bd-7b58fa5708a1,a902eb2e-b0f5-4bd1-9b16-bf2b8b47cc17,MARO & Manel,2018-10-30,XW,Official
MARO,2022,"Saudade, saudade",Portugal,9,7c908b36-6ae2-45d2-b0bd-7b58fa5708a1,b324643e-1e10-41cb-b186-b0debc1f18a5,Live Trio Sessions,2025-08-14,,Official
MARO,2022,"Saudade, saudade",Portugal,9,7c908b36-6ae2-45d2-b0bd-7b58fa5708a1,b3e4dfa8-c005-4dbe-bd3d-a459fd7d5522,hortelã,2023-03-10,,Withdrawn
MARO,2022,"Saudade, saudade",Portugal,9,7c908b36-6ae2-45d2-b0bd-7b58fa5708a1,bc2f48a1-0e92-4adb-8da5-28b7623dcd0c,can you see me?,2022-08-26,XW,Official
MARO,2022,"Saudade, saudade",Portugal,9,7c908b36-6ae2-45d2-b0bd-7b58fa5708a1,ceb2d9d8-15eb-4775-a245-1325f4e2f979,MARO ilumina Sonastério,2022-11-30,XW,Official
MARO,2022,"Saudade, saudade",Portugal,9,7c908b36-6ae2-45d2-b0bd-7b58fa5708a1,d80e6e2a-c831-4b8d-b78d-21e1d00163d8,TEMPO,2021,,
MARO,2022,"Saudade, saudade",Portugal,9,7c908b36-6ae2-45d2-b0bd-7b58fa5708a1,e52df49c-1eb7-46b7-aa7d-f6f7dee83943,"Saudade, Saudade (Live in Studio)",,,Official
MARO,2022,"Saudade, saudade",Portugal,9,7c908b36-6ae2-45d2-b0bd-7b58fa5708a1,ff5e67dc-545c-4b3f-ac99-7fc1b9570778,hortelã,2023-04-07,,Official
Subwoolfer,2022,Give That Wolf a Banana,Norway,10,d016a62f-cb52-4c27-9545-9336be6584d3,407635bc-790a-4924-9755-05bf578bbf3b,Melocoton (The Donka Donk Song),2022-07-01,XW,Official
Subwoolfer,2022,Give That Wolf a Banana,Norway,10,d016a62f-cb52-4c27-9545-9336be6584d3,41a5e6b5-20a4-4824-a3f7-d17d9c85e17d,I Think I Killed Rudolph,2023-11-10,,Official
Subwoolfer,2022,Give That Wolf a Banana,Norway,10,d016a62f-cb52-4c27-9545-9336be6584d3,58253559-0752-43b1-85fa-0c0bb500a07f,Give That Wolf a Banana,2022-01-10,XW,Official
Subwoolfer,2022,Give That Wolf a Banana,Norway,10,d016a62f-cb52-4c27-9545-9336be6584d3,7dc1766b-16d2-4d32-8faa-8eb7e465088e,Give That Wolf a Romantic Banana,2022-02-11,XW,Official
Subwoolfer,2022,Give That Wolf a Banana,Norway,10,d016a62f-cb52-4c27-9545-9336be6584d3,95e201b4-8200-4715-973d-501e9043b7d3,Worst Kept Secret,2023-02-04,XW,Official
Subwoolfer,2022,Give That Wolf a Banana,Norway,10,d016a62f-cb52-4c27-9545-9336be6584d3,a6135c84-2dec-4d16-b5bc-bd8680c974ae,Space Kelly,2022-05-23,,Official
Subwoolfer,2022,Give That Wolf a Banana,Norway,10,d016a62f-cb52-4c27-9545-9336be6584d3,c622c312-c741-4ca8-a9c3-28e22310abd6,Having Grandma Here For Christmas,2022-11-18,XW,Official
Loreen,2023,Tattoo,Sweden,1,1e234774-8e37-4378-b01d-b7dd6ced769c,006b681a-7e56-4734-81cb-3fd4e9340d7b,Tattoo (Stormby Mix),2023-03-11,,Bootleg
Loreen,2023,Tattoo,Sweden,1,1e234774-8e37-4378-b01d-b7dd6ced769c,0497e5a3-632e-4e4d-9e1d-76202197b159,We Got the Power,2013-05-17,SE,Official
Loreen,2023,Tattoo,Sweden,1,1e234774-8e37-4378-b01d-b7dd6ced769c,0602455b-beef-47d5-9890-eda1c800cc2f,Apple Music Home Session,2023-10-19,XW,Official
Loreen,2023,Tattoo,Sweden,1,1e234774-8e37-4378-b01d-b7dd6ced769c,0abad61e-6f04-4144-ae19-8b6060911605,Is It Love (orchestral version),2024-02-16,XW,Official
Loreen,2023,Tattoo,Sweden,1,1e234774-8e37-4378-b01d-b7dd6ced769c,0acb4672-d7e0-4112-9cf7-fa92217c7ac9,Sober,2011-09-12,SE,Official
Loreen,2023,Tattoo,Sweden,1,1e234774-8e37-4378-b01d-b7dd6ced769c,0adf5ad7-9c26-4a4a-b750-ecba62e750e7,Feels Like Heaven,2026-01-22,XW,Official
Loreen,2023,Tattoo,Sweden,1,1e234774-8e37-4378-b01d-b7dd6ced769c,0ea855fc-e8f0-493e-aee8-cff56b88818d,Tattoo,2023-02-25,,Official
Loreen,2023,Tattoo,Sweden,1,1e234774-8e37-4378-b01d-b7dd6ced769c,10d6d649-c5a4-4365-8fcc-55a8c77ad2c8,’71 Charger,2017-09-29,XW,Official
Loreen,2023,Tattoo,Sweden,1,1e234774-8e37-4378-b01d-b7dd6ced769c,12a9c292-87a8-46cf-94f0-919282746e75,My Heart Is Refusing Me (The Remixes),2012-12-11,SE,Official
Loreen,2023,Tattoo,Sweden,1,1e234774-8e37-4378-b01d-b7dd6ced769c,161be3f7-d9e9-44da-a798-f12d9d78825a,Euphoria,2012-06-15,AT,Official
Loreen,2023,Tattoo,Sweden,1,1e234774-8e37-4378-b01d-b7dd6ced769c,18590d3c-ed8d-42cd-ad25-519f847063f1,Heal,2012-11-21,JP,Official
Loreen,2023,Tattoo,Sweden,1,1e234774-8e37-4378-b01d-b7dd6ced769c,2311d617-2d2e-49f3-a2b3-693e525353cf,Get Into It + Remixes,2016,FR,Promotion
Loreen,2023,Tattoo,Sweden,1,1e234774-8e37-4378-b01d-b7dd6ced769c,238f06d5-ea6b-4a86-8138-bc9261b46382,Walk With Me,2019-10-04,XW,Official
Loreen,2023,Tattoo,Sweden,1,1e234774-8e37-4378-b01d-b7dd6ced769c,2b499f18-fea6-4c4b-a10e-14875f077856,Nude EP,2017-08-25,XW,Official
Loreen,2023,Tattoo,Sweden,1,1e234774-8e37-4378-b01d-b7dd6ced769c,2f045a4b-469b-40e3-b370-7bd443635a44,Euphoria (Remixes),2012-03-13,XW,Official
Loreen,2023,Tattoo,Sweden,1,1e234774-8e37-4378-b01d-b7dd6ced769c,355b4d9d-e7e1-4267-82fa-13fcc9b85f9f,Paper Light (Higher),2015-03-09,DK,Official
Loreen,2023,Tattoo,Sweden,1,1e234774-8e37-4378-b01d-b7dd6ced769c,3b87c2c6-f080-4bf9-a0d4-0c9ab0a97e5f,Euphoria,2012-05-29,,Official
Loreen,2023,Tattoo,Sweden,1,1e234774-8e37-4378-b01d-b7dd6ced769c,3e41f19f-5fe3-446b-8b7d-98bc1737d200,My Heart Is Refusing Me (Remixes),2011-03-14,SE,Official
Loreen,2023,Tattoo,Sweden,1,1e234774-8e37-4378-b01d-b7dd6ced769c,3f92e303-0eed-4d5c-9109-a4ef5cb5fde7,Tattoo (Topic remix),2023-02-25,,Official
Loreen,2023,Tattoo,Sweden,1,1e234774-8e37-4378-b01d-b7dd6ced769c,401c0cf8-fe8f-4bd8-8410-b5ff138a7cf7,Crying Out Your Name,2012-10-08,SE,Official
Loreen,2023,Tattoo,Sweden,1,1e234774-8e37-4378-b01d-b7dd6ced769c,40c0b582-9a1e-48a3-829b-ddc45cf21053,Tattoo (Remixes),2023,GB,Bootleg
Loreen,2023,Tattoo,Sweden,1,1e234774-8e37-4378-b01d-b7dd6ced769c,44e9172d-915e-428c-bc33-edceffd6e8f4,Ride,2017-11-24,US,Official
Loreen,2023,Tattoo,Sweden,1,1e234774-8e37-4378-b01d-b7dd6ced769c,497adf4c-5caa-4faf-8ecb-9de82ee530a5,Jungle,2017-08-11,XW,Official
Loreen,2023,Tattoo,Sweden,1,1e234774-8e37-4378-b01d-b7dd6ced769c,4b5a1e03-49d0-47ab-85f2-9bec0785063f,Tattoo (acoustic),2023-05-05,,Official
Loreen,2023,Tattoo,Sweden,1,1e234774-8e37-4378-b01d-b7dd6ced769c,4cd947aa-2689-4d85-bc26-679646a6305e,Ride,2017-11-24,SE,Official
Loreen,2023,Tattoo,Sweden,1,1e234774-8e37-4378-b01d-b7dd6ced769c,53454cce-d70c-4197-a857-d20353b743e2,In My Head,2013-02-14,SE,Official
Loreen,2023,Tattoo,Sweden,1,1e234774-8e37-4378-b01d-b7dd6ced769c,537f6350-e127-4a54-8ff6-47f2a706ec88,Euphoria (the alternative mixes),2023-02-20,US,Official
Loreen,2023,Tattoo,Sweden,1,1e234774-8e37-4378-b01d-b7dd6ced769c,54e4a31d-0e38-47ce-9eb8-dc9581700084,Everytime,2012-10-22,SE,Official
Loreen,2023,Tattoo,Sweden,1,1e234774-8e37-4378-b01d-b7dd6ced769c,57b6552d-ad92-490f-8d0d-68b957438f82,Requiem Solution,2013-02-20,DK,Official
Loreen,2023,Tattoo,Sweden,1,1e234774-8e37-4378-b01d-b7dd6ced769c,598dc49a-abf3-424e-b6f1-233ce76613f4,Tattoo,2023-02-25,,Official
Loreen,2023,Tattoo,Sweden,1,1e234774-8e37-4378-b01d-b7dd6ced769c,5997d815-dcf8-463f-ade1-f700b1a859bd,Euphoria (Remixes),2012,GB,Bootleg
Loreen,2023,Tattoo,Sweden,1,1e234774-8e37-4378-b01d-b7dd6ced769c,59c52075-45f3-4695-8d1d-98bbe4d1b529,Crying Out Your Name,2013-03-15,IT,Official
Loreen,2023,Tattoo,Sweden,1,1e234774-8e37-4378-b01d-b7dd6ced769c,5bc0efc5-de10-41bf-b16a-51ddf4aaa722,Tattoo (Sound Rush remix),2023-05-12,XW,Bootleg
Loreen,2023,Tattoo,Sweden,1,1e234774-8e37-4378-b01d-b7dd6ced769c,5e1bab68-8a77-4291-a35a-45b4c1a4a62b,Euphoria,2012-02-26,XW,Official
Loreen,2023,Tattoo,Sweden,1,1e234774-8e37-4378-b01d-b7dd6ced769c,627a64d9-ab15-4b23-b08b-ce73f2865c3d,Sober (remixes),2011-11-14,SE,Official
Loreen,2023,Tattoo,Sweden,1,1e234774-8e37-4378-b01d-b7dd6ced769c,6a1e04b9-e002-4ccc-8fd3-e456459422ed,Euphoria,2012-04-18,SE,Official
Loreen,2023,Tattoo,Sweden,1,1e234774-8e37-4378-b01d-b7dd6ced769c,6e8fb42d-c915-41be-886a-3f8e29ca1a07,I'm In It With You,2015,SE,Promotion
Loreen,2023,Tattoo,Sweden,1,1e234774-8e37-4378-b01d-b7dd6ced769c,71687bef-7f36-4699-91a6-99baa210d97f,Get Into It,2016-09-24,XW,Official
Loreen,2023,Tattoo,Sweden,1,1e234774-8e37-4378-b01d-b7dd6ced769c,72da60c7-589f-433b-8471-571bc935b444,WILDFIRE,2026-03-27,XW,Official
Loreen,2023,Tattoo,Sweden,1,1e234774-8e37-4378-b01d-b7dd6ced769c,7310d893-9143-4559-9ef1-8371946c7058,My Heart Is Refusing Me (Remixes),2011-05-04,SE,Official
Loreen,2023,Tattoo,Sweden,1,1e234774-8e37-4378-b01d-b7dd6ced769c,77a49bc3-e84e-481e-a26d-44d2013db8d8,Requiem Solution,2013-02-20,SE,Official
Loreen,2023,Tattoo,Sweden,1,1e234774-8e37-4378-b01d-b7dd6ced769c,82ec5e68-3505-4f37-a65a-9fc333c209e5,Echoes,2025-07-04,XW,Official
Loreen,2023,Tattoo,Sweden,1,1e234774-8e37-4378-b01d-b7dd6ced769c,85601a4b-f4ea-4c58-860f-8284197a6057,Crying Out Your Name (The Remixes),2012-12-20,SE,Official
Loreen,2023,Tattoo,Sweden,1,1e234774-8e37-4378-b01d-b7dd6ced769c,875dcd79-cd00-4c69-9550-44a00ec0aa7e,Heal,2012-10-22,SE,Official
Loreen,2023,Tattoo,Sweden,1,1e234774-8e37-4378-b01d-b7dd6ced769c,87bf3589-4540-4130-9a4d-5c28af304a38,Coming Close,2026-03-20,XW,Official
Loreen,2023,Tattoo,Sweden,1,1e234774-8e37-4378-b01d-b7dd6ced769c,8d902433-c268-4e9d-9cd7-5da7f45263f4,Pum Pum,2025-07-18,,Official
Loreen,2023,Tattoo,Sweden,1,1e234774-8e37-4378-b01d-b7dd6ced769c,9189bc1c-94fb-4577-b69b-bf3af70134dc,The Snake,2005,SE,Official
Loreen,2023,Tattoo,Sweden,1,1e234774-8e37-4378-b01d-b7dd6ced769c,992de073-6913-40c9-97d3-5c1ba8798f45,Heal,2012-10-26,JP,Official
Loreen,2023,Tattoo,Sweden,1,1e234774-8e37-4378-b01d-b7dd6ced769c,99ba93c7-3299-42be-9c9c-917c35748807,I’m in It With You,2015-08-14,XW,Official
Loreen,2023,Tattoo,Sweden,1,1e234774-8e37-4378-b01d-b7dd6ced769c,9a4196ff-93a6-45ca-82a2-6ec13d548025,Euphoria 2013,2013-03-10,XE,Official
Loreen,2023,Tattoo,Sweden,1,1e234774-8e37-4378-b01d-b7dd6ced769c,9a75590f-49f9-42bb-b445-22ad0d173c68,Euphoria (Lucas Nord remix),2012-05-21,XE,Official
Loreen,2023,Tattoo,Sweden,1,1e234774-8e37-4378-b01d-b7dd6ced769c,9b5d1226-1999-4cfa-82e1-82ac97d7a32d,Requiem Solution (Prins Thomas remix),2013-05-03,XW,Official
Loreen,2023,Tattoo,Sweden,1,1e234774-8e37-4378-b01d-b7dd6ced769c,9bc5563a-8a4e-450a-8e97-8997ef72cb06,Hate the Way I Love You,2017-10-27,XW,Official
Loreen,2023,Tattoo,Sweden,1,1e234774-8e37-4378-b01d-b7dd6ced769c,9d410a7a-2a2a-4111-801e-d5b92e2c6e3f,Statements,2017,,Promotion
Loreen,2023,Tattoo,Sweden,1,1e234774-8e37-4378-b01d-b7dd6ced769c,a066b065-cd76-4dd4-a975-f3812fcd3229,Heal,2013-05-31,GB,Official
Loreen,2023,Tattoo,Sweden,1,1e234774-8e37-4378-b01d-b7dd6ced769c,a751c25c-9720-47c6-8c99-2304a8d4a826,We Got the Power (Remixes),2013-11-11,AL,Official
Loreen,2023,Tattoo,Sweden,1,1e234774-8e37-4378-b01d-b7dd6ced769c,a8c312fd-6757-43ea-8a40-411e8ac7ddbc,We Got the Power,2013-05-15,AL,Official
Loreen,2023,Tattoo,Sweden,1,1e234774-8e37-4378-b01d-b7dd6ced769c,a9b3f1b5-2519-4c21-b546-38f9a7662557,Wildfire,2026-02-26,XW,Official
Loreen,2023,Tattoo,Sweden,1,1e234774-8e37-4378-b01d-b7dd6ced769c,acd99c81-bbeb-4797-b4b6-17563496049c,Tattoo (acoustic),2023-05-05,XW,Official
Loreen,2023,Tattoo,Sweden,1,1e234774-8e37-4378-b01d-b7dd6ced769c,af68e143-8ba4-49bc-9a6a-3e86a1d5f7ca,My Heart Is Refusing Me,2012-10-08,XW,Official
Loreen,2023,Tattoo,Sweden,1,1e234774-8e37-4378-b01d-b7dd6ced769c,b2e91798-52d7-4bab-a0d8-c2dabdaa823f,Is It Love,2023-10-13,XW,Official
Loreen,2023,Tattoo,Sweden,1,1e234774-8e37-4378-b01d-b7dd6ced769c,b4409bcd-579a-402b-8d03-01908c0c9f27,Crying Out Your Name (The Remixes),2012-12-20,NO,Official
Loreen,2023,Tattoo,Sweden,1,1e234774-8e37-4378-b01d-b7dd6ced769c,b50950d3-bc66-4cba-befd-a90472b3c436,Statements (Furrer remix),2017-04-27,XW,Official
Loreen,2023,Tattoo,Sweden,1,1e234774-8e37-4378-b01d-b7dd6ced769c,b5bc33c0-4488-4e88-9017-1a778f2de5a7,Statements,2017-02-25,XW,Official
Loreen,2023,Tattoo,Sweden,1,1e234774-8e37-4378-b01d-b7dd6ced769c,b75a094c-d8a7-413e-b1dc-1919da58daf1,My Heart Is Refusing Me,2011-02-27,SE,Official
Loreen,2023,Tattoo,Sweden,1,1e234774-8e37-4378-b01d-b7dd6ced769c,bd68066b-59c0-4db5-8a47-1b9a497f5fea,Requiem Solution,2013,XE,Official
Loreen,2023,Tattoo,Sweden,1,1e234774-8e37-4378-b01d-b7dd6ced769c,c1c16586-f43b-4c82-b981-0129515747bc,Under ytan,2015-12-18,AF,Official
Loreen,2023,Tattoo,Sweden,1,1e234774-8e37-4378-b01d-b7dd6ced769c,c5cd306b-b043-4227-bb1b-cea4bf28eece,Paper Light Revisited,2015-04-17,AL,Official
Loreen,2023,Tattoo,Sweden,1,1e234774-8e37-4378-b01d-b7dd6ced769c,c60fe1d7-17b0-4d57-bcd4-ef07d255f692,Wildfire,2026-02-26,XW,Official
Loreen,2023,Tattoo,Sweden,1,1e234774-8e37-4378-b01d-b7dd6ced769c,cc393ad6-79f0-4780-9f9b-aeae9b3b6517,Euphoria (Robin Rocks & Rubio remix),2012-10-01,XW,Official
Loreen,2023,Tattoo,Sweden,1,1e234774-8e37-4378-b01d-b7dd6ced769c,cce32fdd-2354-40bd-a504-1252db292256,Statements,2017-03-24,XW,Official
Loreen,2023,Tattoo,Sweden,1,1e234774-8e37-4378-b01d-b7dd6ced769c,d1b75a16-24bb-411a-af8f-91ade1a64bd1,Sötvattentårar,2021-03-26,XW,Official
Loreen,2023,Tattoo,Sweden,1,1e234774-8e37-4378-b01d-b7dd6ced769c,d362c0fa-1fd1-479a-a81e-298b609cab06,Requiem Solution,2013-02-15,,Official
Loreen,2023,Tattoo,Sweden,1,1e234774-8e37-4378-b01d-b7dd6ced769c,d48a0700-48d8-40e0-bd25-0782bed95d76,My Heart Is Refusing Me,2012-11-30,,Official
Loreen,2023,Tattoo,Sweden,1,1e234774-8e37-4378-b01d-b7dd6ced769c,d790c152-25a6-4e7b-b36c-70fe5e7f14f4,Warning Signs,2024-10-11,XW,Official
Loreen,2023,Tattoo,Sweden,1,1e234774-8e37-4378-b01d-b7dd6ced769c,dde90897-27d6-4010-97e9-7ccdd51f901b,Arcade (Spotify Singles),2025-05-05,XW,Official
Loreen,2023,Tattoo,Sweden,1,1e234774-8e37-4378-b01d-b7dd6ced769c,df826054-5360-458c-8334-5a2a7de662b8,Neon Lights,2022-05-13,,Official
Loreen,2023,Tattoo,Sweden,1,1e234774-8e37-4378-b01d-b7dd6ced769c,e819be27-6879-4ba8-9d4d-8b3865e9e018,Forever,2024-05-10,XW,Official
Loreen,2023,Tattoo,Sweden,1,1e234774-8e37-4378-b01d-b7dd6ced769c,e9c03d32-ef79-4661-85ce-2bf9bc136e15,Pum Pum,2025-07-18,,Official
Loreen,2023,Tattoo,Sweden,1,1e234774-8e37-4378-b01d-b7dd6ced769c,edafefaf-5a77-4112-b45e-905047884b10,Heal,2012-10-26,XE,Official
Loreen,2023,Tattoo,Sweden,1,1e234774-8e37-4378-b01d-b7dd6ced769c,ee7cd78d-b23f-4f30-bea1-81dc900a4aba,Heal,2012-10-24,SE,Official
Loreen,2023,Tattoo,Sweden,1,1e234774-8e37-4378-b01d-b7dd6ced769c,f09b32a4-773b-40a5-bb48-65b3dc49a148,Body,2017-07-14,XW,Official
Loreen,2023,Tattoo,Sweden,1,1e234774-8e37-4378-b01d-b7dd6ced769c,f1624886-3b1b-4c80-b6c1-2073d285aa6b,My Heart Is Refusing Me (Remixes),2011,DK,Promotion
Loreen,2023,Tattoo,Sweden,1,1e234774-8e37-4378-b01d-b7dd6ced769c,f3280c91-d253-4897-ad01-e929e03000e5,Statements (Hounded remix),2017-04-28,XW,Official
Loreen,2023,Tattoo,Sweden,1,1e234774-8e37-4378-b01d-b7dd6ced769c,f395be2a-6e82-4d50-ac0c-9e9e38fc9700,Sober,2011-10-17,SE,Official
Loreen,2023,Tattoo,Sweden,1,1e234774-8e37-4378-b01d-b7dd6ced769c,f520aab7-1d41-44a6-9c77-f4be1df8d156,Fiction Feels Good,2020-02-29,XW,Official
Loreen,2023,Tattoo,Sweden,1,1e234774-8e37-4378-b01d-b7dd6ced769c,fd3de0ef-905f-4c64-80e3-d7e85d0d6207,Gravity,2024-12-06,XW,Official
Loreen,2023,Tattoo,Sweden,1,1e234774-8e37-4378-b01d-b7dd6ced769c,fe549e8f-5688-49bb-9387-ca68c34e4f05,Så mycket bättre 2020 – Tolkningarna,2020-12-19,SE,Official
Käärijä,2023,Cha Cha Cha,Finland,2,7d863b14-ff39-49e0-9efc-956e15769457,0583ae0d-119c-4184-9ce2-028d77cfb4c5,Paidaton riehuja,2020-06-18,XW,Official
Käärijä,2023,Cha Cha Cha,Finland,2,7d863b14-ff39-49e0-9efc-956e15769457,05996ab1-b285-4c2b-9658-e8fdaacc8e88,Unihiekkaa (Vain elämää kausi 16),2025-10-17,XW,Official
Käärijä,2023,Cha Cha Cha,Finland,2,7d863b14-ff39-49e0-9efc-956e15769457,090eb672-fee0-4345-9365-561e09ffc50b,#eurodab,2025-05-16,XW,Official
Käärijä,2023,Cha Cha Cha,Finland,2,7d863b14-ff39-49e0-9efc-956e15769457,2196db1a-33af-4a9c-bef4-2e2e5fd5204a,Cha Cha Cha,2023-01-17,,Official
Käärijä,2023,Cha Cha Cha,Finland,2,7d863b14-ff39-49e0-9efc-956e15769457,263fd629-a692-476f-a76d-ab3fd2809bd2,Boyband,2026-05-11,XW,Official
Käärijä,2023,Cha Cha Cha,Finland,2,7d863b14-ff39-49e0-9efc-956e15769457,29ee6358-84bf-49d5-bf62-588e2cc097e7,AJOA,2017-09-27,XW,Official
Käärijä,2023,Cha Cha Cha,Finland,2,7d863b14-ff39-49e0-9efc-956e15769457,323ad365-9020-45ef-bc85-9588f38f035e,Peliä,2018-07-27,,Official
Käärijä,2023,Cha Cha Cha,Finland,2,7d863b14-ff39-49e0-9efc-956e15769457,404875e0-5183-4198-b210-c98e2d9dfa5f,Auto jää,2023-04-28,,Official
Käärijä,2023,Cha Cha Cha,Finland,2,7d863b14-ff39-49e0-9efc-956e15769457,40c195a5-7c93-4ba9-98a2-95bd2ba17c0c,TRAFIK!,2024-07-12,,Official
Käärijä,2023,Cha Cha Cha,Finland,2,7d863b14-ff39-49e0-9efc-956e15769457,4a2bd8df-5346-427d-97c1-2c3601079ee6,Menestynyt yksilö,2021-02-12,XW,Official
Käärijä,2023,Cha Cha Cha,Finland,2,7d863b14-ff39-49e0-9efc-956e15769457,4b486ccf-d87f-4ac9-96a0-3c2a78bf1041,Cha Cha Cha (Faustix remix),2023-04-14,,Official
Käärijä,2023,Cha Cha Cha,Finland,2,7d863b14-ff39-49e0-9efc-956e15769457,4e82964f-7f89-4afa-bb86-c0f7c0da3749,Cha Cha Cha (reggae mix),2023-05-09,,Official
Käärijä,2023,Cha Cha Cha,Finland,2,7d863b14-ff39-49e0-9efc-956e15769457,5175eb68-7bbf-4d90-8457-bfbf80997abf,ROCK ROCK (Daun Lou remix),2020-04-10,XW,Official
Käärijä,2023,Cha Cha Cha,Finland,2,7d863b14-ff39-49e0-9efc-956e15769457,51b01d0c-2203-42c3-8b78-1fbc48e56e31,Vantaalainen (Vain elämää kausi 16),2025-10-31,XW,Official
Käärijä,2023,Cha Cha Cha,Finland,2,7d863b14-ff39-49e0-9efc-956e15769457,55e23dc8-0121-49ff-b165-e454031d61d7,Cha Cha Cha / Rim Tim Tagi Dim (Battle Mashup),2025-06-06,XW,Official
Käärijä,2023,Cha Cha Cha,Finland,2,7d863b14-ff39-49e0-9efc-956e15769457,6172a503-f365-44b7-aa3f-4f7403cd28d6,Boyband,2026-05-11,XW,Official
Käärijä,2023,Cha Cha Cha,Finland,2,7d863b14-ff39-49e0-9efc-956e15769457,65f774df-6ee2-4209-89d9-e9c666b9cb86,Ruoska,2024-02-09,XW,Official
Käärijä,2023,Cha Cha Cha,Finland,2,7d863b14-ff39-49e0-9efc-956e15769457,67264f18-38d7-492d-8ad1-b7b312bfb2de,Cha Cha Cha / Rim Tim Tagi Dim (Battle Mashup),2025-06-06,,Official
Käärijä,2023,Cha Cha Cha,Finland,2,7d863b14-ff39-49e0-9efc-956e15769457,673b7e4c-302e-4fd4-b37e-ac0c5ed6f1ca,Cha Cha Cha Mixtape,2023,FI,Official
Käärijä,2023,Cha Cha Cha,Finland,2,7d863b14-ff39-49e0-9efc-956e15769457,6cb4dbee-022d-477c-b686-01df5da01cd7,Cha Cha Cha (Alan Walker Remix),2023-06-09,GB,Official
Käärijä,2023,Cha Cha Cha,Finland,2,7d863b14-ff39-49e0-9efc-956e15769457,76f5172c-985c-459c-937b-a28930bd1c49,Hyväuskoinen (Vain elämää kausi 16),2025-10-03,XW,Official
Käärijä,2023,Cha Cha Cha,Finland,2,7d863b14-ff39-49e0-9efc-956e15769457,7a9394e1-9a42-4e7f-97b4-94ff5fde209a,Menoo (Get on) [Vain elämää kausi 16],2025-11-07,XW,Official
Käärijä,2023,Cha Cha Cha,Finland,2,7d863b14-ff39-49e0-9efc-956e15769457,7f5e9292-2293-4033-a58f-e82667d97dc9,Klo23,2018-04-11,,Official
Käärijä,2023,Cha Cha Cha,Finland,2,7d863b14-ff39-49e0-9efc-956e15769457,7fcbd6c8-101a-4124-9552-595c822c2fa4,Aamuun asti (Vain elämää kausi 16),2025-10-10,XW,Official
Käärijä,2023,Cha Cha Cha,Finland,2,7d863b14-ff39-49e0-9efc-956e15769457,82150b85-5d45-4df7-8a3f-46e81cac4e39,Fantastista,2020-02-07,XW,Official
Käärijä,2023,Cha Cha Cha,Finland,2,7d863b14-ff39-49e0-9efc-956e15769457,855dc5c6-ec04-43e7-a6dd-cbdfa6dc5deb,Välikuolema,2022-09-23,,Official
Käärijä,2023,Cha Cha Cha,Finland,2,7d863b14-ff39-49e0-9efc-956e15769457,858860e7-7db0-41fa-a988-380d95f3ba37,Moottoritie on kuuma (Vain elämää kausi 16),2025-09-26,XW,Official
Käärijä,2023,Cha Cha Cha,Finland,2,7d863b14-ff39-49e0-9efc-956e15769457,8bfcffba-a18a-4cd0-9daf-0097d1191e27,Mic Mac,2019-12-13,XW,Official
Käärijä,2023,Cha Cha Cha,Finland,2,7d863b14-ff39-49e0-9efc-956e15769457,8c8f7cfe-725a-464c-aaea-0501c80cb805,Raveyard,2025-09-03,XW,Official
Käärijä,2023,Cha Cha Cha,Finland,2,7d863b14-ff39-49e0-9efc-956e15769457,8d8816e3-1e96-45d7-87cf-b9d8bab351ce,It's Crazy It's Party,2023-09-15,XW,Official
Käärijä,2023,Cha Cha Cha,Finland,2,7d863b14-ff39-49e0-9efc-956e15769457,9f339a1e-777a-40d3-a0b7-9d828fa1c030,Fantastista,2023-09-15,FI,Official
Käärijä,2023,Cha Cha Cha,Finland,2,7d863b14-ff39-49e0-9efc-956e15769457,a890e69a-814b-4bbb-9547-e4eece7cd05d,Cha Cha Cha (YES YES remix),2023-05-05,,Official
Käärijä,2023,Cha Cha Cha,Finland,2,7d863b14-ff39-49e0-9efc-956e15769457,add2e355-1e00-4267-b94f-9e1307658a65,San Francisco Boy,2025-01-31,XW,Official
Käärijä,2023,Cha Cha Cha,Finland,2,7d863b14-ff39-49e0-9efc-956e15769457,b18739e8-e857-4e29-8b89-4093a9fa96ee,Urheilujätkä,2016-06-23,XW,Official
Käärijä,2023,Cha Cha Cha,Finland,2,7d863b14-ff39-49e0-9efc-956e15769457,ba32348b-371e-4108-b2dc-bd4c4db49f76,Kaistaa,2025-03-21,,Official
Käärijä,2023,Cha Cha Cha,Finland,2,7d863b14-ff39-49e0-9efc-956e15769457,bf5347cc-a783-442d-91b4-0500e2dd616e,People's Champion,2024-11-01,FI,Official
Käärijä,2023,Cha Cha Cha,Finland,2,7d863b14-ff39-49e0-9efc-956e15769457,cb4492e6-e938-4f42-8c83-8f50e07af889,Vielä1 [Vain elämää kausi 16],2025-10-24,XW,Official
Käärijä,2023,Cha Cha Cha,Finland,2,7d863b14-ff39-49e0-9efc-956e15769457,cef90863-d26d-4cb6-bd3a-50d6802b798e,#eurodab,2025-05-16,XW,Official
Käärijä,2023,Cha Cha Cha,Finland,2,7d863b14-ff39-49e0-9efc-956e15769457,dc4bced6-7555-4e5b-b606-077901637f7e,Ja Eller Nej,2026-04-24,XW,Official
Käärijä,2023,Cha Cha Cha,Finland,2,7d863b14-ff39-49e0-9efc-956e15769457,deac0e20-f922-4118-b1e8-c396fc80df0e,People’s Champion,2024-11-01,XW,Official
Käärijä,2023,Cha Cha Cha,Finland,2,7d863b14-ff39-49e0-9efc-956e15769457,e14a62c0-25f2-4fc0-b5ef-079df9716fc2,Koppi tules,2017-12-07,,Official
Käärijä,2023,Cha Cha Cha,Finland,2,7d863b14-ff39-49e0-9efc-956e15769457,e4123d67-aa62-4728-82db-fa1690dd74fd,Puuta Heinää,2018-07-20,,Official
Käärijä,2023,Cha Cha Cha,Finland,2,7d863b14-ff39-49e0-9efc-956e15769457,e6919f2a-7670-4ee1-8ac7-befd9334531b,ROCK ROCK,2019-03-06,,Official
Käärijä,2023,Cha Cha Cha,Finland,2,7d863b14-ff39-49e0-9efc-956e15769457,e88e7312-5bf3-4dbe-9076-768034684678,Disko Balls,2025-11-21,XW,Official
Käärijä,2023,Cha Cha Cha,Finland,2,7d863b14-ff39-49e0-9efc-956e15769457,eafff620-cca0-4e27-a364-85949035cbbc,Cha Cha Cha (Camellia remix),2023-07-30,XW,Official
Käärijä,2023,Cha Cha Cha,Finland,2,7d863b14-ff39-49e0-9efc-956e15769457,eef60aa2-d30a-4c83-9170-277f0fee9bf8,Viulunkieli,2018-12-28,,Official
Käärijä,2023,Cha Cha Cha,Finland,2,7d863b14-ff39-49e0-9efc-956e15769457,f7e9c7fe-6665-46fc-bbfe-6c19026b0e7f,Yhtä en saa (Vain elämää kausi 16),2025-09-19,XW,Official
Käärijä,2023,Cha Cha Cha,Finland,2,7d863b14-ff39-49e0-9efc-956e15769457,fa6f6f54-ca23-48eb-bbf8-9359ff52a900,Hirttää kiinni,2019-06-12,XW,Official
Käärijä,2023,Cha Cha Cha,Finland,2,7d863b14-ff39-49e0-9efc-956e15769457,fd503183-d148-424a-8876-13c8b7a3ade7,Siitä viis,2021-09-10,XW,Official
Noa Kirel,2023,Unicorn,Israel,3,76a3b9fc-ebb1-44a7-86fc-aca8650320c2,02f8b188-e257-43b1-a977-0345bcd4b378,Kfula,2018-02-15,XW,Official
Noa Kirel,2023,Unicorn,Israel,3,76a3b9fc-ebb1-44a7-86fc-aca8650320c2,083a8f7b-edf0-49b8-bb6c-6d8b377421fe,ראש הממשלה,2025-07-10,XW,Official
Noa Kirel,2023,Unicorn,Israel,3,76a3b9fc-ebb1-44a7-86fc-aca8650320c2,0f4ad717-5088-4ce3-a8db-d28e6407f4e8,מקום לשינוי,2017-05-14,XW,Official
Noa Kirel,2023,Unicorn,Israel,3,76a3b9fc-ebb1-44a7-86fc-aca8650320c2,1271ce90-ba4a-45ad-85c5-09d7f0161082,אם אתה גבר,2020-01-14,XW,Official
Noa Kirel,2023,Unicorn,Israel,3,76a3b9fc-ebb1-44a7-86fc-aca8650320c2,203d0b8b-ab2e-43fd-9ee0-e52b31d36d21,פרובוקטיבית,2023-06-06,XW,
Noa Kirel,2023,Unicorn,Israel,3,76a3b9fc-ebb1-44a7-86fc-aca8650320c2,2411b484-1f0a-47e8-bcc5-9a636cbe8b78,Drum,2019-10-02,XW,Official
Noa Kirel,2023,Unicorn,Israel,3,76a3b9fc-ebb1-44a7-86fc-aca8650320c2,241f4957-df6a-4dfc-8e7f-52adeda333a8,משקפיים,2024-06-10,XW,Official
Noa Kirel,2023,Unicorn,Israel,3,76a3b9fc-ebb1-44a7-86fc-aca8650320c2,2ca23775-b848-4c4d-9c0c-31b883e0501c,פרובוקטיבית,2023-06-06,XW,Official
Noa Kirel,2023,Unicorn,Israel,3,76a3b9fc-ebb1-44a7-86fc-aca8650320c2,3b766357-3375-4000-b9b6-18ad87ea30cc,לעוף,2020-10-20,XW,Official
Noa Kirel,2023,Unicorn,Israel,3,76a3b9fc-ebb1-44a7-86fc-aca8650320c2,489000a1-abbf-495f-acc4-bf52b0f6d37a,בא לי אותך,2016-06-28,XW,Official
Noa Kirel,2023,Unicorn,Israel,3,76a3b9fc-ebb1-44a7-86fc-aca8650320c2,5276b10e-89ec-4f22-a154-235b84a3a3af,חצוף,2019-04-28,XW,Official
Noa Kirel,2023,Unicorn,Israel,3,76a3b9fc-ebb1-44a7-86fc-aca8650320c2,5b6db9d9-76dc-41fe-a348-94641df3c9f5,Drum,2019-02-10,,Official
Noa Kirel,2023,Unicorn,Israel,3,76a3b9fc-ebb1-44a7-86fc-aca8650320c2,70255590-5940-489f-8ee7-0c8e2155ca89,כמעט מפורסמת,2017-05-29,XW,Official
Noa Kirel,2023,Unicorn,Israel,3,76a3b9fc-ebb1-44a7-86fc-aca8650320c2,7b6eaa25-e0b8-4ee1-b0ac-d8476556cc60,שלושה בנות,2022-06-01,XW,Official
Noa Kirel,2023,Unicorn,Israel,3,76a3b9fc-ebb1-44a7-86fc-aca8650320c2,7b9eba83-467e-40e0-9952-fb2b0dc1d488,מאושרים,2019-10-06,XW,Official
Noa Kirel,2023,Unicorn,Israel,3,76a3b9fc-ebb1-44a7-86fc-aca8650320c2,7e33156b-a18c-4069-8218-0401d894cbb0,חצוף,2019-04-28,,Official
Noa Kirel,2023,Unicorn,Israel,3,76a3b9fc-ebb1-44a7-86fc-aca8650320c2,8142e0c4-ef8d-4d63-bec9-9d6602da4596,פנתרה,2022-08-11,XW,Official
Noa Kirel,2023,Unicorn,Israel,3,76a3b9fc-ebb1-44a7-86fc-aca8650320c2,8187f990-6545-4b3b-8fe6-8fa870d0d229,טיקיטאס,2017-10-18,,Official
Noa Kirel,2023,Unicorn,Israel,3,76a3b9fc-ebb1-44a7-86fc-aca8650320c2,82de430c-9909-47d7-ac21-8a7bec05d305,Please Don't Suck (Syence remix),2021-09-10,XW,Official
Noa Kirel,2023,Unicorn,Israel,3,76a3b9fc-ebb1-44a7-86fc-aca8650320c2,8a3dcb38-9ecb-422d-9826-3fa46e74866c,פאוץ' (Remix),2019-08-22,,Official
Noa Kirel,2023,Unicorn,Israel,3,76a3b9fc-ebb1-44a7-86fc-aca8650320c2,8a959b97-21a2-4f84-bd2d-2b9e8e2fd016,תן לי סימן,2016-12-01,,Official
Noa Kirel,2023,Unicorn,Israel,3,76a3b9fc-ebb1-44a7-86fc-aca8650320c2,8b38f37b-2ddc-4a4c-90de-2135724f2600,רק אתה,2016-04-18,XW,Official
Noa Kirel,2023,Unicorn,Israel,3,76a3b9fc-ebb1-44a7-86fc-aca8650320c2,9cf3549c-0b11-49aa-a42f-5ca84146a38d,בא לי אותך,2018-06-28,,Official
Noa Kirel,2023,Unicorn,Israel,3,76a3b9fc-ebb1-44a7-86fc-aca8650320c2,9f90ef5b-cc9d-464d-af67-2c0bea9f5f4b,סינדרלה,2018-09-05,,Official
Noa Kirel,2023,Unicorn,Israel,3,76a3b9fc-ebb1-44a7-86fc-aca8650320c2,a1f0b17e-6d7b-4e87-b45c-1e08814a70b5,יש בי אהבה,2015-11-29,,Official
Noa Kirel,2023,Unicorn,Israel,3,76a3b9fc-ebb1-44a7-86fc-aca8650320c2,a70bea0e-b5ed-482e-b026-45881e1648b2,בלעדיך,2025-04-01,XW,Official
Noa Kirel,2023,Unicorn,Israel,3,76a3b9fc-ebb1-44a7-86fc-aca8650320c2,a7ca23f8-e73d-4649-8812-1a8103c611eb,יהלומים - BLING BLING,2021-03-07,XW,Official
Noa Kirel,2023,Unicorn,Israel,3,76a3b9fc-ebb1-44a7-86fc-aca8650320c2,a7e12a2f-a9cb-454f-8de9-35cf89607245,טרילילי טרללה,2021-06-21,XW,Official
Noa Kirel,2023,Unicorn,Israel,3,76a3b9fc-ebb1-44a7-86fc-aca8650320c2,aded8a78-6159-4a7d-900d-ab00df019309,Unicorn,2023-03-08,XW,Official
Noa Kirel,2023,Unicorn,Israel,3,76a3b9fc-ebb1-44a7-86fc-aca8650320c2,b1cbf609-85bc-4532-ae9e-808607f0470d,DALE PROMO,2022-05-27,,Official
Noa Kirel,2023,Unicorn,Israel,3,76a3b9fc-ebb1-44a7-86fc-aca8650320c2,b5d58a5f-41c5-4188-a171-0d2f0d8c2b9f,מיליון דולר,2020-06-09,,Official
Noa Kirel,2023,Unicorn,Israel,3,76a3b9fc-ebb1-44a7-86fc-aca8650320c2,b7fb9663-d5fb-4d82-8063-1cc1a03b027c,רק אתה,2016-04-18,,Official
Noa Kirel,2023,Unicorn,Israel,3,76a3b9fc-ebb1-44a7-86fc-aca8650320c2,d05feddb-8af2-4f86-b69e-1b5197333558,פאוץ',2019-07-22,,Official
Noa Kirel,2023,Unicorn,Israel,3,76a3b9fc-ebb1-44a7-86fc-aca8650320c2,d8060a5d-8061-4278-890a-aecc24613986,מגיבור לאויב,2018-03-25,,Official
Noa Kirel,2023,Unicorn,Israel,3,76a3b9fc-ebb1-44a7-86fc-aca8650320c2,dd9a73cf-7536-4831-81ad-f4ef5d21b4f3,יהלומים - BLING BLING,2021,XW,Official
Noa Kirel,2023,Unicorn,Israel,3,76a3b9fc-ebb1-44a7-86fc-aca8650320c2,dfb9a4dd-146d-4d17-b260-f532d33c6639,DEJA VU,2023-07-31,XW,Official
Noa Kirel,2023,Unicorn,Israel,3,76a3b9fc-ebb1-44a7-86fc-aca8650320c2,e9cdea28-883b-4d17-920d-f38d51445e6a,פנתרה (Itay Galo Official Remix),2022-10-06,XW,Official
Noa Kirel,2023,Unicorn,Israel,3,76a3b9fc-ebb1-44a7-86fc-aca8650320c2,ebacccbf-adb7-4570-852b-373f00aa9ab9,Like What U See,2025-02-14,XW,Official
Noa Kirel,2023,Unicorn,Israel,3,76a3b9fc-ebb1-44a7-86fc-aca8650320c2,f0ae3990-4601-41c4-97fa-63ad6050761d,טרילילי טרללה (Dalit Rechester Remix),2021-06-24,XW,Official
Noa Kirel,2023,Unicorn,Israel,3,76a3b9fc-ebb1-44a7-86fc-aca8650320c2,f5d63761-15e9-4833-9b81-3e1b5fbc09ef,BA DA BING,2024-09-06,XW,Official
Noa Kirel,2023,Unicorn,Israel,3,76a3b9fc-ebb1-44a7-86fc-aca8650320c2,f80b6794-61c1-46a6-a3eb-3c5cb5d6317c,Gone,2023-01-13,XW,Official
Noa Kirel,2023,Unicorn,Israel,3,76a3b9fc-ebb1-44a7-86fc-aca8650320c2,f84fb154-00d3-49df-a059-e632e1d004e3,מדברים,2015-03-09,XW,Official
Noa Kirel,2023,Unicorn,Israel,3,76a3b9fc-ebb1-44a7-86fc-aca8650320c2,fa08331d-f172-47a5-b4e8-97b28ba9434e,Bad Little Thing,2021-10-15,XW,Official
Noa Kirel,2023,Unicorn,Israel,3,76a3b9fc-ebb1-44a7-86fc-aca8650320c2,fbb11439-7695-4f5d-981f-1272fefe759b,אמבולנס,2020-09-02,IL,Official
Marco Mengoni,2023,Due vite,Italy,4,0e9b1b8f-a5ab-43e0-bf63-1ff7a4c3e1db,05bca2a7-fd43-4df6-aaeb-4bff0ef242cb,Parole In Circolo / Special Edition,2016,IT,Official
Marco Mengoni,2023,Due vite,Italy,4,0e9b1b8f-a5ab-43e0-bf63-1ff7a4c3e1db,0cd7b591-cac6-4f3f-95fb-786692d87263,Onde EP,2017-06-16,XW,Official
Marco Mengoni,2023,Due vite,Italy,4,0e9b1b8f-a5ab-43e0-bf63-1ff7a4c3e1db,0f135e6a-f2e6-4a67-9344-94768d2d582d,Materia (Terra),2021-12-03,IT,Official
Marco Mengoni,2023,Due vite,Italy,4,0e9b1b8f-a5ab-43e0-bf63-1ff7a4c3e1db,0f59828a-b103-410f-85fc-78d6720f0724,Atlantico,2018-11-18,IT,Official
Marco Mengoni,2023,Due vite,Italy,4,0e9b1b8f-a5ab-43e0-bf63-1ff7a4c3e1db,0fb01480-f693-4e9d-bf7d-5cd95cd8bb17,Mi fiderò,2021-12-31,XW,Official
Marco Mengoni,2023,Due vite,Italy,4,0e9b1b8f-a5ab-43e0-bf63-1ff7a4c3e1db,11339aae-6da3-44e9-9605-bd80904f9494,Materia (Pelle),2022-10-07,IT,Official
Marco Mengoni,2023,Due vite,Italy,4,0e9b1b8f-a5ab-43e0-bf63-1ff7a4c3e1db,141d124a-0f58-4a7e-a204-ba13a79bfcba,01 _ / 05 Atlantico - Attraverso la gente,2018-11-30,IT,Official
Marco Mengoni,2023,Due vite,Italy,4,0e9b1b8f-a5ab-43e0-bf63-1ff7a4c3e1db,15cbd35b-3ab9-46ef-adda-0c646e4d291c,Come neve,2017-12-01,IT,Official
Marco Mengoni,2023,Due vite,Italy,4,0e9b1b8f-a5ab-43e0-bf63-1ff7a4c3e1db,191a5bd5-8bba-4a48-bd06-c4ffdf3d07f6,#PRONTOACORRERE,2014-06-09,ES,Official
Marco Mengoni,2023,Due vite,Italy,4,0e9b1b8f-a5ab-43e0-bf63-1ff7a4c3e1db,1ebb35f2-53e1-4707-80f5-2827a52423fa,Atlantico,2019-01-18,XW,Official
Marco Mengoni,2023,Due vite,Italy,4,0e9b1b8f-a5ab-43e0-bf63-1ff7a4c3e1db,20bcdc2e-1af1-4dea-83d2-74e67450b7f1,Piazza San Marco,2025-09-05,XW,Official
Marco Mengoni,2023,Due vite,Italy,4,0e9b1b8f-a5ab-43e0-bf63-1ff7a4c3e1db,232ac63e-d867-4ee5-8da0-9c9f76f66832,Parole in circolo - Special Edition,2016-12-09,DE,Official
Marco Mengoni,2023,Due vite,Italy,4,0e9b1b8f-a5ab-43e0-bf63-1ff7a4c3e1db,237c9d36-a727-42c1-90ff-5d0366786668,ManDarE TuTto All'aRIA,2024-11-29,,Official
Marco Mengoni,2023,Due vite,Italy,4,0e9b1b8f-a5ab-43e0-bf63-1ff7a4c3e1db,23cc859b-aa80-476e-9d23-83a1e815f8cb,Pazza musica,2023-05-25,XW,Official
Marco Mengoni,2023,Due vite,Italy,4,0e9b1b8f-a5ab-43e0-bf63-1ff7a4c3e1db,2742483d-1ca0-4e02-ac2e-7ae37847c5bf,La dernière chanson (Due vite),2023-09-21,XW,Official
Marco Mengoni,2023,Due vite,Italy,4,0e9b1b8f-a5ab-43e0-bf63-1ff7a4c3e1db,2b774ec4-9b53-4f58-96cf-995e0c8ac05a,Solo 2.0,2011-09-27,IT,Official
Marco Mengoni,2023,Due vite,Italy,4,0e9b1b8f-a5ab-43e0-bf63-1ff7a4c3e1db,343c5022-99dc-44ca-a60e-c2c2b022539e,#PRONTOACORRERE,2013-03-19,IT,Official
Marco Mengoni,2023,Due vite,Italy,4,0e9b1b8f-a5ab-43e0-bf63-1ff7a4c3e1db,3893cc90-a301-4dbe-a193-f9426b54d06a,Piazza San Marco,2025-09-05,XW,Official
Marco Mengoni,2023,Due vite,Italy,4,0e9b1b8f-a5ab-43e0-bf63-1ff7a4c3e1db,498582ae-9d6b-4144-bfab-97492f43619a,02 _ / 05 Atlantico - Filtro di coscienza,2018-11-30,IT,Official
Marco Mengoni,2023,Due vite,Italy,4,0e9b1b8f-a5ab-43e0-bf63-1ff7a4c3e1db,4fb9968c-0d64-4f16-b9bc-ceb1e605f33c,Solo,2011-09-02,IT,Official
Marco Mengoni,2023,Due vite,Italy,4,0e9b1b8f-a5ab-43e0-bf63-1ff7a4c3e1db,508e0fc7-8e5e-44c9-81ab-c45c1042291f,Due vite,2023-02-08,XW,Official
Marco Mengoni,2023,Due vite,Italy,4,0e9b1b8f-a5ab-43e0-bf63-1ff7a4c3e1db,5ad53cab-3baa-4881-8a98-326339c67038,Dall'inferno,2012-04-24,IT,Official
Marco Mengoni,2023,Due vite,Italy,4,0e9b1b8f-a5ab-43e0-bf63-1ff7a4c3e1db,5be4554b-b9d5-4243-90ce-489fa1207a44,Sai che,2016-10-14,,Official
Marco Mengoni,2023,Due vite,Italy,4,0e9b1b8f-a5ab-43e0-bf63-1ff7a4c3e1db,5c901a94-183c-4451-948e-bdd1b1d68a60,Dove si vola,2009-12-09,IT,Official
Marco Mengoni,2023,Due vite,Italy,4,0e9b1b8f-a5ab-43e0-bf63-1ff7a4c3e1db,5ca80bde-b456-4911-ac45-11a57e6b8d6b,Materia (Prisma),2023-05-26,IT,Official
Marco Mengoni,2023,Due vite,Italy,4,0e9b1b8f-a5ab-43e0-bf63-1ff7a4c3e1db,5d4138f5-7e35-45bd-a5d3-14f323eb056a,05 _ / 05 Atlantico - Piano unico,2018-11-30,IT,Official
Marco Mengoni,2023,Due vite,Italy,4,0e9b1b8f-a5ab-43e0-bf63-1ff7a4c3e1db,5e62b89e-0c14-46db-9128-767c7e28ab10,No stress,2022-05-06,,Official
Marco Mengoni,2023,Due vite,Italy,4,0e9b1b8f-a5ab-43e0-bf63-1ff7a4c3e1db,623e3892-75ab-4aa1-a1a5-f86c7f9c1681,03 _ / 05 Atlantico - Immersione emotiva,2018-11-30,IT,Official
Marco Mengoni,2023,Due vite,Italy,4,0e9b1b8f-a5ab-43e0-bf63-1ff7a4c3e1db,638806bc-8b76-4393-a3bb-85f043c3e403,L'essenziale,2013-02-15,IT,Official
Marco Mengoni,2023,Due vite,Italy,4,0e9b1b8f-a5ab-43e0-bf63-1ff7a4c3e1db,6dc448c2-104c-43e5-95bc-326a58cf3f1e,Non me ne accorgo,2013-03-12,IT,Official
Marco Mengoni,2023,Due vite,Italy,4,0e9b1b8f-a5ab-43e0-bf63-1ff7a4c3e1db,6f9ac56b-1885-4e4f-83cd-2c973ae15843,#NATALESENZAREGALI,2013-12-01,IT,Official
Marco Mengoni,2023,Due vite,Italy,4,0e9b1b8f-a5ab-43e0-bf63-1ff7a4c3e1db,7457bb4d-e0ff-4033-81af-1ddff498adca,Oggi sono io (feat. Marco Mengoni),2025-04-18,XW,Official
Marco Mengoni,2023,Due vite,Italy,4,0e9b1b8f-a5ab-43e0-bf63-1ff7a4c3e1db,7ebe38b6-1273-492b-a073-0de8777cccb2,Ma stasera,2021-06-18,,Official
Marco Mengoni,2023,Due vite,Italy,4,0e9b1b8f-a5ab-43e0-bf63-1ff7a4c3e1db,806cb078-b04d-4618-bce6-3b8138a0b612,Re matto: Platinum Edition,2010,IT,Official
Marco Mengoni,2023,Due vite,Italy,4,0e9b1b8f-a5ab-43e0-bf63-1ff7a4c3e1db,81e30f0c-750e-46a5-a0aa-d757f4b275fb,Re Matto Deluxe Edition,2010-05-28,,Official
Marco Mengoni,2023,Due vite,Italy,4,0e9b1b8f-a5ab-43e0-bf63-1ff7a4c3e1db,8244a012-7c0c-487f-832c-dba9dc807940,#PRONTOACORRERE,2013-03-19,IT,Official
Marco Mengoni,2023,Due vite,Italy,4,0e9b1b8f-a5ab-43e0-bf63-1ff7a4c3e1db,83cdc8c3-927a-4ad7-a430-e0ddeee59b86,Mi fiderò,2022-01-14,XW,Official
Marco Mengoni,2023,Due vite,Italy,4,0e9b1b8f-a5ab-43e0-bf63-1ff7a4c3e1db,860d1a0b-f48a-405c-8191-d4ff78a50207,In un giorno qualunque (new version),2010-10-01,IT,Official
Marco Mengoni,2023,Due vite,Italy,4,0e9b1b8f-a5ab-43e0-bf63-1ff7a4c3e1db,87b83eba-cfc8-4257-b8f2-cc6b70a76893,Ti ho voluto bene veramente,2015-12-04,IT,Official
Marco Mengoni,2023,Due vite,Italy,4,0e9b1b8f-a5ab-43e0-bf63-1ff7a4c3e1db,90d60863-e937-4c6b-93cf-c1c7cc643775,Solo 2.0,2011-09-27,IT,Official
Marco Mengoni,2023,Due vite,Italy,4,0e9b1b8f-a5ab-43e0-bf63-1ff7a4c3e1db,9106dc4f-ef3c-419c-b7d6-5f8ed459ae16,Ti ho voluto bene veramente,2015-10-16,IT,Official
Marco Mengoni,2023,Due vite,Italy,4,0e9b1b8f-a5ab-43e0-bf63-1ff7a4c3e1db,914cd64e-3579-47fe-b89f-696fa9117f5c,Non passerai,2013-02-26,IT,Official
Marco Mengoni,2023,Due vite,Italy,4,0e9b1b8f-a5ab-43e0-bf63-1ff7a4c3e1db,91694877-2adf-4d7f-b14a-f06518346037,La dernière chanson (Due vite),2023-10-20,XW,Official
Marco Mengoni,2023,Due vite,Italy,4,0e9b1b8f-a5ab-43e0-bf63-1ff7a4c3e1db,92cd0e82-5557-4fd2-b0ad-1da274005c7a,Sto bene al mare,2025-06-13,,
Marco Mengoni,2023,Due vite,Italy,4,0e9b1b8f-a5ab-43e0-bf63-1ff7a4c3e1db,99c750c3-4173-4f6e-a019-42dc9dc9d454,Pronto a correre: Il viaggio,2013,IT,Official
Marco Mengoni,2023,Due vite,Italy,4,0e9b1b8f-a5ab-43e0-bf63-1ff7a4c3e1db,9e6a2554-e8df-45ff-99fb-c11a2141b0c6,04 _ / 05 Atlantico - Oceano di esperienza,2018-11-30,IT,Official
Marco Mengoni,2023,Due vite,Italy,4,0e9b1b8f-a5ab-43e0-bf63-1ff7a4c3e1db,a172869a-ab82-4868-8742-d9545ba1c878,Parole in circolo,2015-01-13,IT,Official
Marco Mengoni,2023,Due vite,Italy,4,0e9b1b8f-a5ab-43e0-bf63-1ff7a4c3e1db,a5608904-8d8b-45a6-ac53-5e0594ec29ef,#PRONTOACORRERESPAIN,2014-06-10,IT,Official
Marco Mengoni,2023,Due vite,Italy,4,0e9b1b8f-a5ab-43e0-bf63-1ff7a4c3e1db,a83e6608-1ce0-4d58-9d7b-869192e87270,Due vite,2023-02-08,XW,Official
Marco Mengoni,2023,Due vite,Italy,4,0e9b1b8f-a5ab-43e0-bf63-1ff7a4c3e1db,a88c4154-2f53-4525-b330-6f31f5a854ad,Re matto live,2010-10-19,IT,Official
Marco Mengoni,2023,Due vite,Italy,4,0e9b1b8f-a5ab-43e0-bf63-1ff7a4c3e1db,a9976fa2-eb7b-4308-b8f1-6a35e247cbab,Guerriero,2014-11-21,IT,Official
Marco Mengoni,2023,Due vite,Italy,4,0e9b1b8f-a5ab-43e0-bf63-1ff7a4c3e1db,af86a792-5e41-4eaa-9b12-fc21a7014467,Live,2016-11-25,IT,Official
Marco Mengoni,2023,Due vite,Italy,4,0e9b1b8f-a5ab-43e0-bf63-1ff7a4c3e1db,b2407596-7e77-47cc-864b-788eb130f5d7,Voglio,2018-10-19,IT,Official
Marco Mengoni,2023,Due vite,Italy,4,0e9b1b8f-a5ab-43e0-bf63-1ff7a4c3e1db,b574450d-037b-477e-b358-1828c80e335c,Re matto live,2010-10-19,IT,Official
Marco Mengoni,2023,Due vite,Italy,4,0e9b1b8f-a5ab-43e0-bf63-1ff7a4c3e1db,b74acc89-8c57-4d02-b19b-2b4289c1a878,Bellissimo,2013-02-15,IT,Official
Marco Mengoni,2023,Due vite,Italy,4,0e9b1b8f-a5ab-43e0-bf63-1ff7a4c3e1db,b797de2a-688d-41db-8d1f-b29b1ab32808,Un'Altra Storia,2023-09-22,XW,Official
Marco Mengoni,2023,Due vite,Italy,4,0e9b1b8f-a5ab-43e0-bf63-1ff7a4c3e1db,bf9f4ee3-9caf-4afb-8eb5-a69d3daf88d5,Due vite (Eurovision version),2023-02-07,XW,Official
Marco Mengoni,2023,Due vite,Italy,4,0e9b1b8f-a5ab-43e0-bf63-1ff7a4c3e1db,c06d0362-8c07-402a-8eb7-d21b2aaf2c98,Ricorderai l’amore (Remember the Love),2016-10-28,DE,Official
Marco Mengoni,2023,Due vite,Italy,4,0e9b1b8f-a5ab-43e0-bf63-1ff7a4c3e1db,c510a40f-024f-49b6-893c-178ff62e3e0d,Ricorderai l’amore (Remember the Love) (Madizin remix),2016-11-25,DE,Official
Marco Mengoni,2023,Due vite,Italy,4,0e9b1b8f-a5ab-43e0-bf63-1ff7a4c3e1db,c5c379dc-d2bf-4d32-bcc5-76604299e4b6,Re matto,2010-02-19,IT,Official
Marco Mengoni,2023,Due vite,Italy,4,0e9b1b8f-a5ab-43e0-bf63-1ff7a4c3e1db,cf74cf55-3412-4ce2-b9f9-77e610f2d58f,Atlantico / On Tour,2019-10-25,IT,Official
Marco Mengoni,2023,Due vite,Italy,4,0e9b1b8f-a5ab-43e0-bf63-1ff7a4c3e1db,d005288d-4526-4299-9f36-3bed790cb983,Pazza musica,2023-05-26,XW,Official
Marco Mengoni,2023,Due vite,Italy,4,0e9b1b8f-a5ab-43e0-bf63-1ff7a4c3e1db,d1275846-be7a-4da3-86ca-fc5005e16858,Materia (Prisma),2023-05-26,IT,Official
Marco Mengoni,2023,Due vite,Italy,4,0e9b1b8f-a5ab-43e0-bf63-1ff7a4c3e1db,d6bdb5b5-8f6b-40ed-b796-09855db16e50,Venere e Marte,2021-01-08,,Official
Marco Mengoni,2023,Due vite,Italy,4,0e9b1b8f-a5ab-43e0-bf63-1ff7a4c3e1db,dd863b7c-38cf-4e6c-bb3d-9d8d0001bdea,Buona vita,2018-10-19,IT,Official
Marco Mengoni,2023,Due vite,Italy,4,0e9b1b8f-a5ab-43e0-bf63-1ff7a4c3e1db,e06dacee-71b9-4df4-83e1-68e132ad49c3,Materia (Prisma),2023-05-26,IT,Official
Marco Mengoni,2023,Due vite,Italy,4,0e9b1b8f-a5ab-43e0-bf63-1ff7a4c3e1db,e89730f9-d5c4-420a-92fd-a065e3590c97,Pazza musica,2023-05-26,XW,Official
Marco Mengoni,2023,Due vite,Italy,4,0e9b1b8f-a5ab-43e0-bf63-1ff7a4c3e1db,f0eaa531-2afb-4022-9971-563484036fcd,Io ti aspetto (Remix),2015-07-31,IT,Official
Marco Mengoni,2023,Due vite,Italy,4,0e9b1b8f-a5ab-43e0-bf63-1ff7a4c3e1db,f217a1a6-c7f5-4024-9805-c016a9b09d54,Guerriero,2015-01-13,IT,Official
Marco Mengoni,2023,Due vite,Italy,4,0e9b1b8f-a5ab-43e0-bf63-1ff7a4c3e1db,f9b90a33-7f4b-45a6-9594-94c5d41ac440,Dove si vola,2009-12-04,IT,Official
Marco Mengoni,2023,Due vite,Italy,4,0e9b1b8f-a5ab-43e0-bf63-1ff7a4c3e1db,fe2b6b37-4b1a-49c5-bc6a-8936ef5a4588,Incomparable,2014-02-04,ES,Official
Marco Mengoni,2023,Due vite,Italy,4,0e9b1b8f-a5ab-43e0-bf63-1ff7a4c3e1db,fe2e249f-7453-414f-bb1a-85f54c03d52e,Le cose che non ho,2015-12-04,IT,Official
Alessandra,2023,Queen of Kings,Norway,5,cf20d23c-ba1d-4311-9be0-e65320b5a6b5,06d7db8f-aae5-4734-8e8e-795c6c3924cf,Rimani rimani rimani,2024-12-20,XW,Official
Alessandra,2023,Queen of Kings,Norway,5,cf20d23c-ba1d-4311-9be0-e65320b5a6b5,0721e268-7063-4ed7-9d12-55ce2c2bd260,Cinque passi in più,2011,IT,Official
Alessandra,2023,Queen of Kings,Norway,5,cf20d23c-ba1d-4311-9be0-e65320b5a6b5,0ca204e7-72b4-4423-aa88-0ee4498758e6,Ciao,2012-05-12,IT,Official
Alessandra,2023,Queen of Kings,Norway,5,cf20d23c-ba1d-4311-9be0-e65320b5a6b5,11eb3d45-6b22-40b0-9ab9-c035dabf06ca,Rimani rimani rimani,2024-12-20,XW,Official
Alessandra,2023,Queen of Kings,Norway,5,cf20d23c-ba1d-4311-9be0-e65320b5a6b5,1b831fef-b5b9-4c21-b968-4fedbc8b1f34,Il mondo in un secondo,2010-09-28,IT,Official
Alessandra,2023,Queen of Kings,Norway,5,cf20d23c-ba1d-4311-9be0-e65320b5a6b5,1fe109a9-a97d-4ad6-aadb-a83fbdcb6b59,Io non sarei,2025-06-13,,Official
Alessandra,2023,Queen of Kings,Norway,5,cf20d23c-ba1d-4311-9be0-e65320b5a6b5,2080949c-0fb4-44f0-a3fc-d212b0d3c2b7,Amore puro,2013-09-24,IT,Official
Alessandra,2023,Queen of Kings,Norway,5,cf20d23c-ba1d-4311-9be0-e65320b5a6b5,2936142c-0afe-428f-a99c-89769965458f,Pezzo di cuore,2021-01-18,XW,Official
Alessandra,2023,Queen of Kings,Norway,5,cf20d23c-ba1d-4311-9be0-e65320b5a6b5,2a861c1f-63ca-46e0-b04d-f7f6e9ea5234,Cinque passi in più,2011-12-05,IT,Official
Alessandra,2023,Queen of Kings,Norway,5,cf20d23c-ba1d-4311-9be0-e65320b5a6b5,32ae573b-f9a3-4912-bc8f-af9578974ea6,Comunque andare,2016-02-26,,Official
Alessandra,2023,Queen of Kings,Norway,5,cf20d23c-ba1d-4311-9be0-e65320b5a6b5,35c18b54-f142-46c7-8a49-55395d1cba4d,Cose stupide,2025-04-04,XW,Official
Alessandra,2023,Queen of Kings,Norway,5,cf20d23c-ba1d-4311-9be0-e65320b5a6b5,38344edd-50f2-4635-a97a-1e2aa7cc980c,Pezzo di cuore,2021-01-15,IT,Official
Alessandra,2023,Queen of Kings,Norway,5,cf20d23c-ba1d-4311-9be0-e65320b5a6b5,3b16ff03-5ea6-4d22-b4d7-73d3e242750b,Ancora di più: Cinque passi in più,2012-05-22,IT,Official
Alessandra,2023,Queen of Kings,Norway,5,cf20d23c-ba1d-4311-9be0-e65320b5a6b5,3b788ef0-d1c1-4695-869b-7b6599ecafef,Alessandra Amoroso,2015-09-18,,Official
Alessandra,2023,Queen of Kings,Norway,5,cf20d23c-ba1d-4311-9be0-e65320b5a6b5,3b9b660a-2a1d-46c8-82a8-36051fcbfe25,Sorriso grande,2021-04-08,XW,Official
Alessandra,2023,Queen of Kings,Norway,5,cf20d23c-ba1d-4311-9be0-e65320b5a6b5,3c720cbf-7a6f-444e-93d9-5eca145c8c64,10,2018-10-05,IT,Official
Alessandra,2023,Queen of Kings,Norway,5,cf20d23c-ba1d-4311-9be0-e65320b5a6b5,4353f32f-562e-44c8-aeac-38c4a4bc42f5,Pezzo di cuore,2021-01-14,XW,Official
Alessandra,2023,Queen of Kings,Norway,5,cf20d23c-ba1d-4311-9be0-e65320b5a6b5,4446d618-5c80-4322-949f-4dc05cf64c40,Mambo salentino,2019-06-07,XW,Official
Alessandra,2023,Queen of Kings,Norway,5,cf20d23c-ba1d-4311-9be0-e65320b5a6b5,4e3f5889-b0f8-45f5-a28d-7b86b643437f,Il mondo in un secondo,2010-09-28,IT,Official
Alessandra,2023,Queen of Kings,Norway,5,cf20d23c-ba1d-4311-9be0-e65320b5a6b5,54d3e905-1314-4395-bc10-84b76d7040e9,Mezzo rotto,2024-05-31,XW,Official
Alessandra,2023,Queen of Kings,Norway,5,cf20d23c-ba1d-4311-9be0-e65320b5a6b5,5d54e64b-45c8-4683-a4b2-8574181a3a82,Fino a qui,2024-02-07,XW,Official
Alessandra,2023,Queen of Kings,Norway,5,cf20d23c-ba1d-4311-9be0-e65320b5a6b5,5f31fc3b-df15-48bd-aa8c-3eff4ca9aba0,Senza nuvole,2009-09-24,XE,Official
Alessandra,2023,Queen of Kings,Norway,5,cf20d23c-ba1d-4311-9be0-e65320b5a6b5,608772e7-93d2-4786-b8a1-aa768fbf3624,Stupida (remix di Emiliano Pepe feat. La Pina),2009-05-21,IT,Official
Alessandra,2023,Queen of Kings,Norway,5,cf20d23c-ba1d-4311-9be0-e65320b5a6b5,644ea2ec-d1fe-48f2-86c6-34e35f6b1a13,Senza nuvole,2009-09-25,IT,Official
Alessandra,2023,Queen of Kings,Norway,5,cf20d23c-ba1d-4311-9be0-e65320b5a6b5,655cecba-cb8d-40db-9d25-79cc33ae2d78,Stupida,2009-04-10,IT,Official
Alessandra,2023,Queen of Kings,Norway,5,cf20d23c-ba1d-4311-9be0-e65320b5a6b5,6b444ce9-5f4c-46a6-9907-208f6dc4669d,Io non sarei,2025-06-13,,Official
Alessandra,2023,Queen of Kings,Norway,5,cf20d23c-ba1d-4311-9be0-e65320b5a6b5,7576a030-3ca3-4f4c-b025-a1cfa7e436a5,Comunque andare,2016-03-05,XW,Official
Alessandra,2023,Queen of Kings,Norway,5,cf20d23c-ba1d-4311-9be0-e65320b5a6b5,7ec05282-bc52-4496-bba1-362e2700fafe,Piccole cose,2017-01-20,AU,Official
Alessandra,2023,Queen of Kings,Norway,5,cf20d23c-ba1d-4311-9be0-e65320b5a6b5,7efc4845-ef42-4980-a9c3-b7a9676c0d21,È vero che vuoi restare,2011-11-04,IT,Official
Alessandra,2023,Queen of Kings,Norway,5,cf20d23c-ba1d-4311-9be0-e65320b5a6b5,81c57e7a-2cdd-41f1-9a97-6f0e666aab26,Karaoke,2020-06-24,XW,Official
Alessandra,2023,Queen of Kings,Norway,5,cf20d23c-ba1d-4311-9be0-e65320b5a6b5,82b45a9b-0561-47ca-a0cd-2de40178a57a,Mezzo rotto,2024-06-11,XW,Official
Alessandra,2023,Queen of Kings,Norway,5,cf20d23c-ba1d-4311-9be0-e65320b5a6b5,89beb78e-384f-4209-8d62-37458239f657,Serenata,2025-05-30,XW,Official
Alessandra,2023,Queen of Kings,Norway,5,cf20d23c-ba1d-4311-9be0-e65320b5a6b5,8b9c0bd5-478f-465d-93cf-c1d2f4119ae8,Stupendo fino a qui,2015-11-13,IT,Official
Alessandra,2023,Queen of Kings,Norway,5,cf20d23c-ba1d-4311-9be0-e65320b5a6b5,a18c5c0c-b372-4b91-bba8-06930833a112,Si mette male,2024-11-01,XW,Official
Alessandra,2023,Queen of Kings,Norway,5,cf20d23c-ba1d-4311-9be0-e65320b5a6b5,a25141d9-a2ea-482b-9f2a-a19d46f9e27c,Tutto accade,2021-10-22,XW,Official
Alessandra,2023,Queen of Kings,Norway,5,cf20d23c-ba1d-4311-9be0-e65320b5a6b5,a629326d-e095-4e5a-a533-5cbeb22c0ac1,Karaoke,2020-06-11,US,Official
Alessandra,2023,Queen of Kings,Norway,5,cf20d23c-ba1d-4311-9be0-e65320b5a6b5,a65b4f24-b0e7-4d4c-8a44-69e2008ea329,Immobile 10+1,2019-12-23,XW,Official
Alessandra,2023,Queen of Kings,Norway,5,cf20d23c-ba1d-4311-9be0-e65320b5a6b5,a74f5131-35cf-48c5-a2b0-c63d3edd3bd8,NOTTI BLU,2022-11-11,IT,Official
Alessandra,2023,Queen of Kings,Norway,5,cf20d23c-ba1d-4311-9be0-e65320b5a6b5,aa963a6f-e0e8-4e22-8b26-9c8f483bc78f,Cose stupide,2025-04-04,XW,Official
Alessandra,2023,Queen of Kings,Norway,5,cf20d23c-ba1d-4311-9be0-e65320b5a6b5,b08fc6f6-3678-4326-89d5-ed776e013ba7,Vivere a colori,2016-01-15,IT,Official
Alessandra,2023,Queen of Kings,Norway,5,cf20d23c-ba1d-4311-9be0-e65320b5a6b5,b0c87b52-d720-4048-ae65-c3e0f791ad7c,Tutto accade,2021-10-22,IT,Official
Alessandra,2023,Queen of Kings,Norway,5,cf20d23c-ba1d-4311-9be0-e65320b5a6b5,b6d204e4-ad14-4d96-af72-80c3fd4c6815,Karaoke,2020-06-11,XW,Official
Alessandra,2023,Queen of Kings,Norway,5,cf20d23c-ba1d-4311-9be0-e65320b5a6b5,b7716193-b29d-4db2-91d2-aeb2effa4e12,Sul ciglio senza far rumore,2019-10-24,XW,Official
Alessandra,2023,Queen of Kings,Norway,5,cf20d23c-ba1d-4311-9be0-e65320b5a6b5,b7b096c7-4c5c-459e-acf7-628ac970a00d,Amore puro,2013-08-30,IT,Official
Alessandra,2023,Queen of Kings,Norway,5,cf20d23c-ba1d-4311-9be0-e65320b5a6b5,bd1fea10-e705-4edc-85de-7ef018c93ebc,La mia storia con te,2010-08-28,IT,Official
Alessandra,2023,Queen of Kings,Norway,5,cf20d23c-ba1d-4311-9be0-e65320b5a6b5,c162b0de-b945-433e-a050-6e4a77210a65,Pezzo di cuore,2021-01-15,XW,Official
Alessandra,2023,Queen of Kings,Norway,5,cf20d23c-ba1d-4311-9be0-e65320b5a6b5,cdb29720-0bda-4f65-ab15-61637996735f,Serenata,2025-05-30,XW,Official
Alessandra,2023,Queen of Kings,Norway,5,cf20d23c-ba1d-4311-9be0-e65320b5a6b5,cdd2974a-9821-4f87-8c0c-3d941630bd5d,Immobile,2009-01-16,,Official
Alessandra,2023,Queen of Kings,Norway,5,cf20d23c-ba1d-4311-9be0-e65320b5a6b5,d0d25899-f9dd-486f-aaf2-7b1a5de9e020,10,2018-10-05,XW,Official
Alessandra,2023,Queen of Kings,Norway,5,cf20d23c-ba1d-4311-9be0-e65320b5a6b5,d10211d7-a9a4-4906-9b7b-70434d518bb4,Karaoke,,IT,Promotion
Alessandra,2023,Queen of Kings,Norway,5,cf20d23c-ba1d-4311-9be0-e65320b5a6b5,d131a45a-4ab0-4e00-898c-5f7fbdf6e933,Immobile 10+1,2019-12-20,XW,Official
Alessandra,2023,Queen of Kings,Norway,5,cf20d23c-ba1d-4311-9be0-e65320b5a6b5,d647ae2c-1309-478e-b615-0e46561897f5,Camera 209,2022-05-16,IT,Official
Alessandra,2023,Queen of Kings,Norway,5,cf20d23c-ba1d-4311-9be0-e65320b5a6b5,db4b8280-3e86-42ea-b3ae-5c11cfd3f1f3,Sul ciglio senza far rumore,2016-09-17,XW,Official
Alessandra,2023,Queen of Kings,Norway,5,cf20d23c-ba1d-4311-9be0-e65320b5a6b5,dc1a5fbe-57ad-4616-8a4b-f4d86d985111,Mambo salentino,2019-06-07,XW,Official
Alessandra,2023,Queen of Kings,Norway,5,cf20d23c-ba1d-4311-9be0-e65320b5a6b5,e17d7aa0-63a6-4a11-bd45-48a3283af8f6,Si mette male,2024-11-01,XW,Official
Alessandra,2023,Queen of Kings,Norway,5,cf20d23c-ba1d-4311-9be0-e65320b5a6b5,e58369e7-7557-45b3-875a-4a0f0c2101e6,Fino a qui,2024-02-07,XW,Official
Alessandra,2023,Queen of Kings,Norway,5,cf20d23c-ba1d-4311-9be0-e65320b5a6b5,f1da2d4a-bbf4-401d-8ed7-dea1d08f9d75,"10, io, noi",2019-12-24,XW,Official
Alessandra,2023,Queen of Kings,Norway,5,cf20d23c-ba1d-4311-9be0-e65320b5a6b5,fd05cfb3-d67f-4eb3-b945-3e158a1c5c1b,Stupida,2009-04-09,XW,Official
Alessandra,2023,Queen of Kings,Norway,5,cf20d23c-ba1d-4311-9be0-e65320b5a6b5,fe4d57fa-536e-426e-b92d-0070188c2f2c,Sul ciglio senza far rumore,2016-09-16,,Official
Tvorchi,2023,Heart of Steel,Ukraine,6,76c86f8b-5cda-480f-8a9b-2f82bc312719,2f7bb725-d887-4ea7-85e1-f967ab8b9c4e,Вимкни телефон,2022-10-28,,Official
Tvorchi,2023,Heart of Steel,Ukraine,6,76c86f8b-5cda-480f-8a9b-2f82bc312719,557657e9-477c-4804-81e4-90420b2bfd4c,Heart of Steel,2022-12-09,,Official
Tvorchi,2023,Heart of Steel,Ukraine,6,76c86f8b-5cda-480f-8a9b-2f82bc312719,72d527f5-5b91-448a-8a6c-d8f135453146,Вихідний,2025-11-27,XW,Official
Tvorchi,2023,Heart of Steel,Ukraine,6,76c86f8b-5cda-480f-8a9b-2f82bc312719,758f8403-d96d-4eb1-bc34-ddb273d5bcb7,Heart of Steel (Eurovision version),2023-03-09,,Official
Tvorchi,2023,Heart of Steel,Ukraine,6,76c86f8b-5cda-480f-8a9b-2f82bc312719,910955f1-c38e-4917-8aa7-ba1f4ceca376,Hidden Code,2023-03-03,XW,Official
Tvorchi,2023,Heart of Steel,Ukraine,6,76c86f8b-5cda-480f-8a9b-2f82bc312719,96dc163c-da17-4b7b-a19f-35faeb3117c2,Мрійники,2023-06-09,XW,Official
Tvorchi,2023,Heart of Steel,Ukraine,6,76c86f8b-5cda-480f-8a9b-2f82bc312719,9e0d8041-86fb-4a9a-98b3-5b7143dd69ef,#не_танцюю,2019-09-09,,Official
Tvorchi,2023,Heart of Steel,Ukraine,6,76c86f8b-5cda-480f-8a9b-2f82bc312719,a4f40549-edde-4c49-a734-6bae19874a87,Мила моя,2025-03-06,XW,Official
Tvorchi,2023,Heart of Steel,Ukraine,6,76c86f8b-5cda-480f-8a9b-2f82bc312719,c75d894d-149a-4088-99a0-3a83b74b5e83,Heart of Steel,2022-12-23,,Official
Tvorchi,2023,Heart of Steel,Ukraine,6,76c86f8b-5cda-480f-8a9b-2f82bc312719,dfce53d1-6fb2-44dd-b616-32757ab4f87b,Planet X,2024-09-13,XW,Official
Tvorchi,2023,Heart of Steel,Ukraine,6,76c86f8b-5cda-480f-8a9b-2f82bc312719,efc6324b-561d-4744-818b-9a4cc0174551,Heart of Steel (remix),2023-04-22,,Official
Tvorchi,2023,Heart of Steel,Ukraine,6,76c86f8b-5cda-480f-8a9b-2f82bc312719,f5f79afa-572e-4244-8224-914a349d8d57,Боремося,2022-05-24,,Official
Gustaph,2023,Because of You,Belgium,7,b95af304-9076-4d71-8f12-9e0fdb828c83,03f4dd2c-40c1-450c-b9d6-8a37a4ab9436,Really Mine,2025-01-17,XW,Official
Gustaph,2023,Because of You,Belgium,7,b95af304-9076-4d71-8f12-9e0fdb828c83,124d7e4f-3020-451c-8f04-54e1f455e6e1,Calls Your Name,2024-10-04,XW,Official
Gustaph,2023,Because of You,Belgium,7,b95af304-9076-4d71-8f12-9e0fdb828c83,1c560f79-623e-499d-96e5-8632fd85bbd1,Already Know,2023-11-03,XW,Official
Gustaph,2023,Because of You,Belgium,7,b95af304-9076-4d71-8f12-9e0fdb828c83,31cdfdb4-cc6c-42d3-bb5b-e3dec900f9b3,My Curse and Cure (edit),2018-01-12,XW,Official
Gustaph,2023,Because of You,Belgium,7,b95af304-9076-4d71-8f12-9e0fdb828c83,4ec70c9a-34fd-41ec-b356-43aa83037d51,Running,2014-11-24,US,Official
Gustaph,2023,Because of You,Belgium,7,b95af304-9076-4d71-8f12-9e0fdb828c83,62d8abae-e1e9-4228-840c-cea2363f0191,Vernissage,2024-01-05,XW,Official
Gustaph,2023,Because of You,Belgium,7,b95af304-9076-4d71-8f12-9e0fdb828c83,90f2e954-a0b1-4b08-bd9f-20ffae18ed78,Look At Us Now,2025,,Official
Gustaph,2023,Because of You,Belgium,7,b95af304-9076-4d71-8f12-9e0fdb828c83,a5d8f1ae-1166-47da-b003-3b7040de133a,Because of You,2023,BE,Official
Gustaph,2023,Because of You,Belgium,7,b95af304-9076-4d71-8f12-9e0fdb828c83,be13d337-45bd-472b-a97e-8f95fa7bf1a9,Faith In What You Feel,2024-05-10,,Official
Gustaph,2023,Because of You,Belgium,7,b95af304-9076-4d71-8f12-9e0fdb828c83,c9b55414-00b6-4ca8-831a-0602b4acd8d1,Because of You,2023-01-13,XW,Official
Gustaph,2023,Because of You,Belgium,7,b95af304-9076-4d71-8f12-9e0fdb828c83,fbb7a147-c471-4fb0-9903-45c789b60f30,Look at Us Now,2025-03-28,XW,Official
Alika,2023,Bridges,Estonia,8,a0e43881-6f84-4019-b251-c0062ad28124,01c563c2-ffa7-4f2c-9fa1-d43c026e35e3,Nueva Cumbia Argentina: The Buenos Aires Implosion,2009-03-20,ES,Official
Alika,2023,Bridges,Estonia,8,a0e43881-6f84-4019-b251-c0062ad28124,122d36ee-c160-448f-91be-8d9f60ce9789,Natty Radio [Live In Mexico],2004,MX,Bootleg
Alika,2023,Bridges,Estonia,8,a0e43881-6f84-4019-b251-c0062ad28124,2516bf1e-e6ca-4b87-a044-09489d5df0de,Mi palabra mi alma,2014,AR,Official
Alika,2023,Bridges,Estonia,8,a0e43881-6f84-4019-b251-c0062ad28124,2f6344d4-f65a-4db0-ae85-6a3d41a28d27,Mas de 18,2016-04-27,XW,Official
Alika,2023,Bridges,Estonia,8,a0e43881-6f84-4019-b251-c0062ad28124,38c6eb23-1639-4b34-8cc2-14f69e0f74aa,Razón meditación acción,2006,AR,Official
Alika,2023,Bridges,Estonia,8,a0e43881-6f84-4019-b251-c0062ad28124,3f8c495b-1641-480e-9896-21a96c20b94b,Revolucionario,2020,XW,Official
Alika,2023,Bridges,Estonia,8,a0e43881-6f84-4019-b251-c0062ad28124,408856ce-cc58-46ff-aee6-3909032fed12,Niceto Club en vivo,2017-03-03,XW,Official
Alika,2023,Bridges,Estonia,8,a0e43881-6f84-4019-b251-c0062ad28124,43123a94-f0bb-40d0-a532-898c7681da37,Inspirame (Remix by Benzii),2020,XW,Official
Alika,2023,Bridges,Estonia,8,a0e43881-6f84-4019-b251-c0062ad28124,449a4f01-1294-472c-8e6e-a4313ee7bcba,No Police,2017-02-14,XW,Official
Alika,2023,Bridges,Estonia,8,a0e43881-6f84-4019-b251-c0062ad28124,472a689e-b6ad-46ae-9238-ac3cba54f581,De donde ponga los pies,2016-11-25,XW,Official
Alika,2023,Bridges,Estonia,8,a0e43881-6f84-4019-b251-c0062ad28124,473314b9-6f0a-4f03-b80c-4946f3af151e,Educate Yourself,2008,AR,Official
Alika,2023,Bridges,Estonia,8,a0e43881-6f84-4019-b251-c0062ad28124,7010e027-d0e3-4252-9708-72a4e5aa14b6,No dejes que te paren,2000,AR,Official
Alika,2023,Bridges,Estonia,8,a0e43881-6f84-4019-b251-c0062ad28124,707cae9e-8750-4037-b61e-dc86096b2711,Dreadlocks Dub (Remix),2020,XW,Official
Alika,2023,Bridges,Estonia,8,a0e43881-6f84-4019-b251-c0062ad28124,747ee38c-6b57-4de6-91ec-956cb5691e5d,Ejercito despierta,2005-12-12,XW,Official
Alika,2023,Bridges,Estonia,8,a0e43881-6f84-4019-b251-c0062ad28124,74ad9439-0c39-4be0-815b-cd3a0425dc20,No dejes que te paren,2012,XW,Official
Alika,2023,Bridges,Estonia,8,a0e43881-6f84-4019-b251-c0062ad28124,863abdfe-5e99-499e-bdab-5458d92236bf,Se alborotan,2014-06-24,XW,Official
Alika,2023,Bridges,Estonia,8,a0e43881-6f84-4019-b251-c0062ad28124,91bb16f6-8c26-4557-a1b1-6d70e5941088,Why?,2018-10-01,XW,Official
Alika,2023,Bridges,Estonia,8,a0e43881-6f84-4019-b251-c0062ad28124,970f3618-45f6-4eaa-babb-b46090023112,DubYourSelf,2012,XW,Official
Alika,2023,Bridges,Estonia,8,a0e43881-6f84-4019-b251-c0062ad28124,adcfc9cb-4b18-4b90-8e61-96e2304e1d10,Inspirame,2019-01-19,XW,Official
Alika,2023,Bridges,Estonia,8,a0e43881-6f84-4019-b251-c0062ad28124,af03cf3d-fbc1-4fd7-bbd8-737c09e42527,Unidad & Respeto Mixtape,2011,AR,Official
Alika,2023,Bridges,Estonia,8,a0e43881-6f84-4019-b251-c0062ad28124,b27f4e5e-30d4-4f7e-954d-e0221df7ef2c,Septimo,2018-07-20,XW,Official
Alika,2023,Bridges,Estonia,8,a0e43881-6f84-4019-b251-c0062ad28124,b5d00797-385a-4afa-a26e-82cf37581eca,Abrazarte,2011-12-08,XW,Official
Alika,2023,Bridges,Estonia,8,a0e43881-6f84-4019-b251-c0062ad28124,c3820a15-7a12-4032-a478-ef924d82a726,Mad Professor Meets Alika,2009-02-16,,Official
Alika,2023,Bridges,Estonia,8,a0e43881-6f84-4019-b251-c0062ad28124,c6c97765-a2f4-4be7-bfb0-548ae1089ac8,Jengibre,2013,XW,Official
Alika,2023,Bridges,Estonia,8,a0e43881-6f84-4019-b251-c0062ad28124,ddf038f7-83a1-4f09-9a81-3ab984f8ac20,Dub Yourself,2012,MX,Official
Alika,2023,Bridges,Estonia,8,a0e43881-6f84-4019-b251-c0062ad28124,e32cd776-75ae-4ac0-82b8-776a2716266c,The Vibes,2020-02-24,XW,Official
Alika,2023,Bridges,Estonia,8,a0e43881-6f84-4019-b251-c0062ad28124,e475e5a9-7585-474e-b3a0-ea517fa47e00,Sin intermediarios,2003,AR,Official
Alika,2023,Bridges,Estonia,8,a0e43881-6f84-4019-b251-c0062ad28124,ec17d103-df78-43f5-98db-a19839a9ec3d,Cumbia crónica,2019-07-23,XW,Official
Alika,2023,Bridges,Estonia,8,a0e43881-6f84-4019-b251-c0062ad28124,ef475e00-52ca-4777-a54c-dd1b181ec098,528,2018-04-20,XW,Official
Alika,2023,Bridges,Estonia,8,a0e43881-6f84-4019-b251-c0062ad28124,fd0b7fe1-d918-4676-bbe5-60110583da18,Keep it Simple,2020-03-03,XW,Official
Monika Linkytė,2023,Stay,Lithuania,9,3ceeee5a-6062-49f9-bd5e-586bd0ee3be7,195c575b-14f3-4f62-b933-3c2dacafb1a2,Walk With Me,2015-09-17,XW,Official
Monika Linkytė,2023,Stay,Lithuania,9,3ceeee5a-6062-49f9-bd5e-586bd0ee3be7,4427815d-6efe-41da-af12-517d85280fd2,Healing,2023-05-11,XW,Official
Monika Linkytė,2023,Stay,Lithuania,9,3ceeee5a-6062-49f9-bd5e-586bd0ee3be7,4985f901-008a-4779-8a80-80707bf953cf,Stay (ČIŪTO TŪTO),2023-02-24,,Official
Monika Linkytė,2023,Stay,Lithuania,9,3ceeee5a-6062-49f9-bd5e-586bd0ee3be7,55a1092c-5ea2-41e7-9528-fc795c51fdcc,Paskutinįkart,2021-11-23,XW,Official
Monika Linkytė,2023,Stay,Lithuania,9,3ceeee5a-6062-49f9-bd5e-586bd0ee3be7,70635329-cca8-4c7b-bca1-babc07a7f968,Degtukas,2022-06-29,XW,Official
Monika Linkytė,2023,Stay,Lithuania,9,3ceeee5a-6062-49f9-bd5e-586bd0ee3be7,99e56f0f-45be-4c80-b4a7-7b0084fefc6b,Prisimink mane,2018-06-30,XW,Official
Monika Linkytė,2023,Stay,Lithuania,9,3ceeee5a-6062-49f9-bd5e-586bd0ee3be7,9fbbff16-9fbe-401b-b3bb-6ae712bfc365,Perfect Times,2019-10-09,XW,Official
Monika Linkytė,2023,Stay,Lithuania,9,3ceeee5a-6062-49f9-bd5e-586bd0ee3be7,a51c28fa-6dc2-466a-83e6-a9b78ad14789,Prisimink mane,2016,LT,Official
Monika Linkytė,2023,Stay,Lithuania,9,3ceeee5a-6062-49f9-bd5e-586bd0ee3be7,ac7eb652-a788-4105-8d99-702dc1ea0a63,Paskutinįkart,2021-11-23,,Official
Monika Linkytė,2023,Stay,Lithuania,9,3ceeee5a-6062-49f9-bd5e-586bd0ee3be7,f0532351-a2ba-4f88-8d2d-be515550ec86,Stay,2023-02-14,XW,Official
Monika Linkytė,2023,Stay,Lithuania,9,3ceeee5a-6062-49f9-bd5e-586bd0ee3be7,f9a98f1d-bc5a-4357-80d8-725881faadec,Dūšia / Sakai man lyk,2022-11-17,XW,Official
Voyager,2023,Promise,Australia,10,3c83f73e-1917-4667-9e6b-27f1194c9408,0853ad38-0110-4002-8196-04808572b121,Sober,2006-07-28,AU,Official
Voyager,2023,Promise,Australia,10,3c83f73e-1917-4667-9e6b-27f1194c9408,0ef8597a-99b2-4a09-bd10-14107ff67012,Colours,2019-08-29,XW,Official
Voyager,2023,Promise,Australia,10,3c83f73e-1917-4667-9e6b-27f1194c9408,161d7c3a-81b6-49b9-803a-094146b60a64,Entropy,2019-10-09,XW,Official
Voyager,2023,Promise,Australia,10,3c83f73e-1917-4667-9e6b-27f1194c9408,1c828445-e78e-47ee-bff7-765742186fa9,Dreamer,2022-01-21,XW,Official
Voyager,2023,Promise,Australia,10,3c83f73e-1917-4667-9e6b-27f1194c9408,27298230-de36-4175-876a-87a10cd1247a,Brightstar,2019-03-01,XW,Official
Voyager,2023,Promise,Australia,10,3c83f73e-1917-4667-9e6b-27f1194c9408,2e4c8f54-a99a-4911-8e69-0d9c3b107948,Ascension,2017-03-31,XW,Official
Voyager,2023,Promise,Australia,10,3c83f73e-1917-4667-9e6b-27f1194c9408,31e861d1-0c85-4b95-bfa3-671455eb1951,Promise (house remix),2023-04-22,XW,Official
Voyager,2023,Promise,Australia,10,3c83f73e-1917-4667-9e6b-27f1194c9408,348ebcb3-5c79-430d-bd18-19c2205df3ba,Promise – Producer Pack,2023-03-31,XW,Official
Voyager,2023,Promise,Australia,10,3c83f73e-1917-4667-9e6b-27f1194c9408,351d91c2-59ea-47d2-9264-714ec3f75801,Dreamer,2022-08-01,XW,Official
Voyager,2023,Promise,Australia,10,3c83f73e-1917-4667-9e6b-27f1194c9408,36205cf8-44f8-47a4-85a7-0e62c33c4112,V,2023-08-04,AU,Official
Voyager,2023,Promise,Australia,10,3c83f73e-1917-4667-9e6b-27f1194c9408,477f51b9-6268-48df-a501-43c0a2852d69,Colours in the Sun,2019-11-01,XW,Official
Voyager,2023,Promise,Australia,10,3c83f73e-1917-4667-9e6b-27f1194c9408,4f7165a5-59ff-4d76-8bad-8bd5989d6f0d,Element V,2018-06-25,XW,Official
Voyager,2023,Promise,Australia,10,3c83f73e-1917-4667-9e6b-27f1194c9408,51c820ae-de80-486d-864d-ad77c896fe4e,Seen Better Days,2025-04-25,XW,Official
Voyager,2023,Promise,Australia,10,3c83f73e-1917-4667-9e6b-27f1194c9408,53ee86df-0b3a-4f35-85a7-5ae6b27a900c,This Boy’s in Love,2021-01-15,XW,Official
Voyager,2023,Promise,Australia,10,3c83f73e-1917-4667-9e6b-27f1194c9408,58e07af9-062f-458c-a56e-ccc35ddc9e69,Promise (electric string version),2023-05-19,XW,Official
Voyager,2023,Promise,Australia,10,3c83f73e-1917-4667-9e6b-27f1194c9408,5f4b9907-fcba-4360-9445-588c3baf79f9,uniVers,2007,US,Official
Voyager,2023,Promise,Australia,10,3c83f73e-1917-4667-9e6b-27f1194c9408,6897bbe9-b8f4-49aa-bb8a-9799bd3dcfda,Univers,2019-01-30,XW,Official
Voyager,2023,Promise,Australia,10,3c83f73e-1917-4667-9e6b-27f1194c9408,6aed7c27-64ca-4bde-b875-0fac0d58a6a6,The Meaning of I,2011-10-11,US,Official
Voyager,2023,Promise,Australia,10,3c83f73e-1917-4667-9e6b-27f1194c9408,6b3e2ed9-5dac-47f3-8e23-a6d4f286c40a,Fearless in Love,2023-07-14,XE,Official
Voyager,2023,Promise,Australia,10,3c83f73e-1917-4667-9e6b-27f1194c9408,6e9b4607-e642-3c9e-a321-575a21a32317,Element V,2004-03,XE,Official
Voyager,2023,Promise,Australia,10,3c83f73e-1917-4667-9e6b-27f1194c9408,773f8f83-7330-4c12-b3de-1e7218e69c54,I Am the Revolution,2009-09-25,AU,Official
Voyager,2023,Promise,Australia,10,3c83f73e-1917-4667-9e6b-27f1194c9408,79b9a133-c0d9-4f84-af40-abf53bf7371a,Prince of Fire,2023-05-04,XW,Official
Voyager,2023,Promise,Australia,10,3c83f73e-1917-4667-9e6b-27f1194c9408,7b8662fd-41ca-4c12-a9ac-e81e36be8bec,Ghost Mile,2020-07-10,XW,Official
Voyager,2023,Promise,Australia,10,3c83f73e-1917-4667-9e6b-27f1194c9408,8484f5fb-a3e6-4b7d-a4b6-d2390aa3532d,Ultraviolet,2023-10-07,XW,Official
Voyager,2023,Promise,Australia,10,3c83f73e-1917-4667-9e6b-27f1194c9408,851225fb-2519-4ff2-9f1a-35688911de8f,Colours in the Sun,2019-11-01,XW,Official
Voyager,2023,Promise,Australia,10,3c83f73e-1917-4667-9e6b-27f1194c9408,876bf15e-40ca-485f-a2ea-73fe2619cd94,The Meaning of I,2018,XW,Official
Voyager,2023,Promise,Australia,10,3c83f73e-1917-4667-9e6b-27f1194c9408,8a724c06-8e17-4b68-9117-ababea54a138,‘Dreamer’ Remix and Creator Pack,2021-03-25,XW,Official
Voyager,2023,Promise,Australia,10,3c83f73e-1917-4667-9e6b-27f1194c9408,90d79963-d829-4064-badb-739730d7dc0f,Water Over the Bridge,2019-09-18,XW,Official
Voyager,2023,Promise,Australia,10,3c83f73e-1917-4667-9e6b-27f1194c9408,93b414e1-48e6-4501-a360-0687832d7057,I Am the Revolution,2018,XW,Official
Voyager,2023,Promise,Australia,10,3c83f73e-1917-4667-9e6b-27f1194c9408,94aa3657-1af9-4a2e-9ae1-409280d2a9c5,V,2014,GB,Official
Voyager,2023,Promise,Australia,10,3c83f73e-1917-4667-9e6b-27f1194c9408,96b59cb8-b0f8-40cf-8db4-aa255f4974b5,A Voyage Through Time,2022-08-28,AU,Official
Voyager,2023,Promise,Australia,10,3c83f73e-1917-4667-9e6b-27f1194c9408,9afa0d79-abeb-43ab-8011-cc02ce818128,V,2014-06-02,AU,Official
Voyager,2023,Promise,Australia,10,3c83f73e-1917-4667-9e6b-27f1194c9408,9dc43acb-b64b-4fef-9928-19d1c3eaad74,Element V,2003-04,AU,Official
Voyager,2023,Promise,Australia,10,3c83f73e-1917-4667-9e6b-27f1194c9408,a16a9ac2-b8e8-4d41-812f-b2fc9728bfbb,Element V,2004-10-28,JP,Official
Voyager,2023,Promise,Australia,10,3c83f73e-1917-4667-9e6b-27f1194c9408,a40e7ff4-4de8-4310-b946-efe8712fa44c,Breaking Down,2014-02-19,XW,Official
Voyager,2023,Promise,Australia,10,3c83f73e-1917-4667-9e6b-27f1194c9408,a5c3d92a-4812-4b4a-b31e-2e53f989c5c8,A Voyage Through Time,2022-08-26,AU,Official
Voyager,2023,Promise,Australia,10,3c83f73e-1917-4667-9e6b-27f1194c9408,a79b7af8-8f5b-4cd4-97d2-a7fb0fdc13a9,uniVers,2007-01-10,AU,Official
Voyager,2023,Promise,Australia,10,3c83f73e-1917-4667-9e6b-27f1194c9408,a8b6dbdb-1bfe-44fb-abc6-457ff395541c,The Early Years,2024-06-21,XE,Official
Voyager,2023,Promise,Australia,10,3c83f73e-1917-4667-9e6b-27f1194c9408,a8e423cf-cd3b-40c2-9118-8f24572a1cc3,White Shadow (live),2022-06-09,XW,Official
Voyager,2023,Promise,Australia,10,3c83f73e-1917-4667-9e6b-27f1194c9408,aa476c97-2ecf-4c03-8bbf-2803cdf565b1,Break a Broken Heart,2023-04-19,XW,Official
Voyager,2023,Promise,Australia,10,3c83f73e-1917-4667-9e6b-27f1194c9408,aaeddad5-4c61-4ea9-9aca-60b9bca45584,Promise (Neurotech remix),2023-06-30,XW,Official
Voyager,2023,Promise,Australia,10,3c83f73e-1917-4667-9e6b-27f1194c9408,b0e226d5-4c26-466d-ac76-5dec96274b47,A Voyage Through Time,2022-08-26,XW,Official
Voyager,2023,Promise,Australia,10,3c83f73e-1917-4667-9e6b-27f1194c9408,bafc5c12-0afa-4d59-bed8-f2dc372c3d6a,I Am the Revolution,2009-10-11,XW,Official
Voyager,2023,Promise,Australia,10,3c83f73e-1917-4667-9e6b-27f1194c9408,d060dd22-d4b1-4d23-9d95-5752f2234327,Promise (instrumental),2023-03-23,XW,Official
Voyager,2023,Promise,Australia,10,3c83f73e-1917-4667-9e6b-27f1194c9408,db8a88a1-e2f2-4c3e-a5e1-94bd4479e41f,Promise / Dreamer,2023-03-14,XW,Official
Voyager,2023,Promise,Australia,10,3c83f73e-1917-4667-9e6b-27f1194c9408,db8c11d4-a6b9-4fbc-8d23-7dfabe998bcf,Promise,2023-02-22,XW,Official
Voyager,2023,Promise,Australia,10,3c83f73e-1917-4667-9e6b-27f1194c9408,dd219fca-3e8e-4112-8aea-44dc5e693faf,Fearless in Love,2023-07-14,XW,Official
Voyager,2023,Promise,Australia,10,3c83f73e-1917-4667-9e6b-27f1194c9408,dd2e283a-f922-400e-9787-c236843cca69,Hyperventilating (live),2022-07-28,XW,Official
Voyager,2023,Promise,Australia,10,3c83f73e-1917-4667-9e6b-27f1194c9408,dd7228f0-c6e0-4682-8f72-ffff134b6768,Ghost Mile,2019-03-01,XW,Official
Voyager,2023,Promise,Australia,10,3c83f73e-1917-4667-9e6b-27f1194c9408,e97f744c-caab-47fa-bde3-15d3f135d615,Submarine,2022-07-14,XW,Official
Voyager,2023,Promise,Australia,10,3c83f73e-1917-4667-9e6b-27f1194c9408,e9cfbadb-f90d-4afb-b690-497a391077af,Ghost Mile,2017-05-19,AU,Official
Voyager,2023,Promise,Australia,10,3c83f73e-1917-4667-9e6b-27f1194c9408,f1b1d743-5206-4c89-be04-e16fcbb943c6,Ghost Mile,,,
Voyager,2023,Promise,Australia,10,3c83f73e-1917-4667-9e6b-27f1194c9408,f28b870d-00be-4526-93a7-99d23f989f93,The Meaning of I,2011-10,AU,Official
Voyager,2023,Promise,Australia,10,3c83f73e-1917-4667-9e6b-27f1194c9408,fcede8b2-10a6-4dda-b621-4ee3672edca7,Misery Is Only Company,2016-01-27,,Official
Nemo,2024,The Code,Switzerland,1,f7e720e5-42ba-44fb-9c4e-27328e605e5c,04732128-907b-4eba-b3f4-a9da52e0de98,Coma,2015,FR,Official
Nemo,2024,The Code,Switzerland,1,f7e720e5-42ba-44fb-9c4e-27328e605e5c,1f6ce744-e202-4cc5-bb47-9b7ce0f813cd,Barbares,2009-01,FR,Official
Nemo,2024,The Code,Switzerland,1,f7e720e5-42ba-44fb-9c4e-27328e605e5c,20d834da-4a68-4107-b531-767754fd7972,Prélude à la ruine,2004,FR,Official
Nemo,2024,The Code,Switzerland,1,f7e720e5-42ba-44fb-9c4e-27328e605e5c,3dea4863-3775-4823-9d8b-33c400833817,Eve et le Génie du Mal,2004,FR,Official
Nemo,2024,The Code,Switzerland,1,f7e720e5-42ba-44fb-9c4e-27328e605e5c,430d90d7-4880-4a0c-9d7b-968f735ffcd8,Les Nouveaux Mondes,2002,FR,Official
Nemo,2024,The Code,Switzerland,1,f7e720e5-42ba-44fb-9c4e-27328e605e5c,433805f2-a632-4be6-9695-95fc287dcc38,Présages,2003,FR,Official
Nemo,2024,The Code,Switzerland,1,f7e720e5-42ba-44fb-9c4e-27328e605e5c,43d5dc2a-1a10-423d-ad28-a6195ef5e752,Barbares,2009,FR,Official
Nemo,2024,The Code,Switzerland,1,f7e720e5-42ba-44fb-9c4e-27328e605e5c,5b5ca30f-b771-3c5f-927f-437038e86c20,Les Nouveaux Mondes,2007,FR,Official
Nemo,2024,The Code,Switzerland,1,f7e720e5-42ba-44fb-9c4e-27328e605e5c,64ec7a2f-bc46-4b99-b69e-c59afc1e9e8f,R€volu$ion,2011-05,FR,Official
Nemo,2024,The Code,Switzerland,1,f7e720e5-42ba-44fb-9c4e-27328e605e5c,6ac18ee9-f92d-4814-ae34-c42745337477,Les Nouveaux Mondes 2022,2022-08-29,FR,Official
Nemo,2024,The Code,Switzerland,1,f7e720e5-42ba-44fb-9c4e-27328e605e5c,81084b26-ef99-4f57-9ced-e0069e066e67,Live @ Das Rind 2010,2023-02-24,XW,Official
Nemo,2024,The Code,Switzerland,1,f7e720e5-42ba-44fb-9c4e-27328e605e5c,81a20f07-7d10-4784-b7ab-e3b91ccc0bc4,Les Nouveaux Mondes,2002,FR,Official
Nemo,2024,The Code,Switzerland,1,f7e720e5-42ba-44fb-9c4e-27328e605e5c,82d1c9b2-c149-4a9c-9707-9f99629b97b1,"Si, Partie II",2007-01-15,FR,Official
Nemo,2024,The Code,Switzerland,1,f7e720e5-42ba-44fb-9c4e-27328e605e5c,8811442c-b343-4620-a7d7-a07390a2539a,Présages 2018,2018-11-03,XW,Official
Nemo,2024,The Code,Switzerland,1,f7e720e5-42ba-44fb-9c4e-27328e605e5c,9203f196-f1be-4ded-941c-6384a7a766ef,Immersion publique,2005,FR,Official
Nemo,2024,The Code,Switzerland,1,f7e720e5-42ba-44fb-9c4e-27328e605e5c,9389dd1c-f01b-4795-97ee-2db6292bee2f,Coma,2015-08-28,FR,Official
Nemo,2024,The Code,Switzerland,1,f7e720e5-42ba-44fb-9c4e-27328e605e5c,a6b09218-6489-4f9a-8b87-54b0ea3303d7,La Machine à remonter le temps,2010,FR,Official
Nemo,2024,The Code,Switzerland,1,f7e720e5-42ba-44fb-9c4e-27328e605e5c,af5f858d-2e5c-43b2-a85e-e9a51629d070,Les Enfants Rois,2006-12-15,FR,Official
Nemo,2024,The Code,Switzerland,1,f7e720e5-42ba-44fb-9c4e-27328e605e5c,b04a41a3-41d2-3875-8c8b-9fe803799c30,Présages,2007,FR,Official
Nemo,2024,The Code,Switzerland,1,f7e720e5-42ba-44fb-9c4e-27328e605e5c,dc4edd24-c8e0-4c3a-95f7-75d53a5437eb,Le ver dans le fruit Live,2020-05-19,XW,Official
Nemo,2024,The Code,Switzerland,1,f7e720e5-42ba-44fb-9c4e-27328e605e5c,e1f12058-2284-4b7c-a9f2-dea8fddbfd58,"Si, Partie I",2006,FR,Official
Nemo,2024,The Code,Switzerland,1,f7e720e5-42ba-44fb-9c4e-27328e605e5c,e46d7bcf-1b8b-4ecc-8961-fbc45489dd49,Les nouveaux mondes 2022,2022-08-29,XW,Official
Nemo,2024,The Code,Switzerland,1,f7e720e5-42ba-44fb-9c4e-27328e605e5c,e7c45920-6c55-490d-a8c0-1b15a4e092be,Le ver dans le fruit,2013,FR,Official
Baby Lasagna,2024,Rim Tim Tagi Dim,Croatia,2,ac1739a6-4378-42fb-89f6-1f89e32e4369,090eb672-fee0-4345-9365-561e09ffc50b,#eurodab,2025-05-16,XW,Official
Baby Lasagna,2024,Rim Tim Tagi Dim,Croatia,2,ac1739a6-4378-42fb-89f6-1f89e32e4369,55e23dc8-0121-49ff-b165-e454031d61d7,Cha Cha Cha / Rim Tim Tagi Dim (Battle Mashup),2025-06-06,XW,Official
Baby Lasagna,2024,Rim Tim Tagi Dim,Croatia,2,ac1739a6-4378-42fb-89f6-1f89e32e4369,67264f18-38d7-492d-8ad1-b7b312bfb2de,Cha Cha Cha / Rim Tim Tagi Dim (Battle Mashup),2025-06-06,,Official
Baby Lasagna,2024,Rim Tim Tagi Dim,Croatia,2,ac1739a6-4378-42fb-89f6-1f89e32e4369,6cc5d3c9-b453-476b-9cb7-7198821900a1,Rim Tim Tagi Dim,2024-01-12,XW,Official
Baby Lasagna,2024,Rim Tim Tagi Dim,Croatia,2,ac1739a6-4378-42fb-89f6-1f89e32e4369,77682dd7-4aaa-403f-bc96-e67a3dfe694c,"Don’t Hate Yourself, but Don’t Love Yourself Too Much",2023-12-21,XW,Official
Baby Lasagna,2024,Rim Tim Tagi Dim,Croatia,2,ac1739a6-4378-42fb-89f6-1f89e32e4369,7a007302-3e29-4ee0-8652-e8d4becb43e2,Biggie Boom Boom,2024-08-30,,Official
Baby Lasagna,2024,Rim Tim Tagi Dim,Croatia,2,ac1739a6-4378-42fb-89f6-1f89e32e4369,99a16b95-586d-4751-8f28-df1635e58b84,Catch Me If You Can,2024-11-15,HR,Official
Baby Lasagna,2024,Rim Tim Tagi Dim,Croatia,2,ac1739a6-4378-42fb-89f6-1f89e32e4369,a74302e0-8401-4927-8864-88b7e4435cf9,IG BOY,2023-10-21,XW,Official
Baby Lasagna,2024,Rim Tim Tagi Dim,Croatia,2,ac1739a6-4378-42fb-89f6-1f89e32e4369,b3e1cdfa-2a63-454d-9400-c212006d8df8,and I,2024-06-28,HR,Official
Baby Lasagna,2024,Rim Tim Tagi Dim,Croatia,2,ac1739a6-4378-42fb-89f6-1f89e32e4369,c63488eb-4012-4109-b251-52fddeb42901,DMNS & Mosquitoes,2025-02-07,HR,Official
Baby Lasagna,2024,Rim Tim Tagi Dim,Croatia,2,ac1739a6-4378-42fb-89f6-1f89e32e4369,cef90863-d26d-4cb6-bd3a-50d6802b798e,#eurodab,2025-05-16,XW,Official
Slimane,2024,Mon amour,France,4,26358518-6dac-4c5c-94d3-de849206097b,03ef9d27-3a59-4561-933e-96fec5d87876,Tourne le monde,2011-04-05,FR,Official
Slimane,2024,Mon amour,France,4,26358518-6dac-4c5c-94d3-de849206097b,049db8cf-8e9d-4e1f-ac85-a9859479765b,MILLE RAISONS,2023-09-29,FR,Official
Slimane,2024,Mon amour,France,4,26358518-6dac-4c5c-94d3-de849206097b,0ae6f1e0-7015-43bf-b027-a53984f62608,Abîmée,2017-05-05,XW,Official
Slimane,2024,Mon amour,France,4,26358518-6dac-4c5c-94d3-de849206097b,142c1952-38f6-461d-81bb-6ce29cf65a58,Bella Ciao,2018-06-04,FR,Official
Slimane,2024,Mon amour,France,4,26358518-6dac-4c5c-94d3-de849206097b,1f995fc7-94a7-4144-be9d-ead5bdf4c1f0,Solune,2018-01-26,FR,Official
Slimane,2024,Mon amour,France,4,26358518-6dac-4c5c-94d3-de849206097b,25739132-0989-49ef-83c3-8846170b8e64,Solune,2018-10-26,XW,Official
Slimane,2024,Mon amour,France,4,26358518-6dac-4c5c-94d3-de849206097b,2c688b01-7ca1-4e44-aeaf-3e53b0ddd035,Mon amour,2023-11-08,XW,Official
Slimane,2024,Mon amour,France,4,26358518-6dac-4c5c-94d3-de849206097b,2d968812-eef0-4b81-b247-ef51f7d72c15,VersuS : En mode sport,2020-12-15,,Official
Slimane,2024,Mon amour,France,4,26358518-6dac-4c5c-94d3-de849206097b,2f35a7ad-7d85-4dcb-b3a8-ddcb3db8e398,VersuS : L’Ultime Chapitre,2021-11,FR,Official
Slimane,2024,Mon amour,France,4,26358518-6dac-4c5c-94d3-de849206097b,316836ce-72a9-4e06-ae2b-095b3e7e9b39,Solune,2018-01-26,FR,Official
Slimane,2024,Mon amour,France,4,26358518-6dac-4c5c-94d3-de849206097b,33333e54-deff-4e61-9298-1e069ca26038,Je te le donne,2018-08-24,XW,Official
Slimane,2024,Mon amour,France,4,26358518-6dac-4c5c-94d3-de849206097b,38a635de-11fc-46bc-8b07-f98ed30a744f,VersuS : L’ultime chapitre,2021-11-26,XW,Official
Slimane,2024,Mon amour,France,4,26358518-6dac-4c5c-94d3-de849206097b,3a009da0-454e-47b2-a3fb-68d5999f11f1,VersuS : by Slimane,2020-12-24,,Official
Slimane,2024,Mon amour,France,4,26358518-6dac-4c5c-94d3-de849206097b,3a4a1db8-5410-4d52-ad9f-2eb04bf86e5b,"Bref, j'ai besoin d'une pause",2021-12-15,FR,Official
Slimane,2024,Mon amour,France,4,26358518-6dac-4c5c-94d3-de849206097b,4201a25e-6452-413a-8ae0-c6105b9c8061,VersuS - CHAPITRE II,2020-10-01,XW,Official
Slimane,2024,Mon amour,France,4,26358518-6dac-4c5c-94d3-de849206097b,4b9367b3-7344-4984-92ed-cda84e2d770a,Mieux que moi,2025-10-16,FR,Official
Slimane,2024,Mon amour,France,4,26358518-6dac-4c5c-94d3-de849206097b,502df8a3-8476-466f-962d-aa89c1c0dabe,Hasta la vista,2019-08-23,XW,Official
Slimane,2024,Mon amour,France,4,26358518-6dac-4c5c-94d3-de849206097b,55d0fd49-7927-487e-b428-a6ccbe226000,VersuS : À la maison,2020-12-04,,Official
Slimane,2024,Mon amour,France,4,26358518-6dac-4c5c-94d3-de849206097b,55f79a0c-6c25-4955-b699-537100a233c1,Il faut que tu saches,2025-12-05,FR,Official
Slimane,2024,Mon amour,France,4,26358518-6dac-4c5c-94d3-de849206097b,594a4a19-7143-49cb-9e64-aaf5da9ca401,Marie,2017-11-17,XW,Official
Slimane,2024,Mon amour,France,4,26358518-6dac-4c5c-94d3-de849206097b,5a1cc021-933d-45c2-acf3-2d68cab97550,Mon amour,2023-11-08,,Official
Slimane,2024,Mon amour,France,4,26358518-6dac-4c5c-94d3-de849206097b,5de83cc6-4e7f-450e-942d-42475c4ebf0c,Le blues de toi,2021-01-25,FR,
Slimane,2024,Mon amour,France,4,26358518-6dac-4c5c-94d3-de849206097b,63fbc19c-588b-4a3c-8074-e601e52c6bca,Resister (What About Peace?),2024-06-13,XW,Official
Slimane,2024,Mon amour,France,4,26358518-6dac-4c5c-94d3-de849206097b,684a76b6-64bb-489f-b25a-da30066cfba8,À bout de rêves,2016-12-02,FR,Official
Slimane,2024,Mon amour,France,4,26358518-6dac-4c5c-94d3-de849206097b,6b2930bf-66aa-476a-88a4-13e924e021fa,Je te promets,2021-07-25,FR,
Slimane,2024,Mon amour,France,4,26358518-6dac-4c5c-94d3-de849206097b,6c6a5080-2d2d-4fd0-902f-395725c57d26,VersuS : En famille,2020-12-11,,Official
Slimane,2024,Mon amour,France,4,26358518-6dac-4c5c-94d3-de849206097b,6e5b21f5-b50a-41db-b46a-5588ed0d2e5f,On My Skin,2019-08-22,AF,Official
Slimane,2024,Mon amour,France,4,26358518-6dac-4c5c-94d3-de849206097b,764fa1aa-908c-40bc-8189-299143abe350,Essentiels,2024-05-10,XW,Official
Slimane,2024,Mon amour,France,4,26358518-6dac-4c5c-94d3-de849206097b,7ddb6fa7-1738-40fb-96a0-45eebc93c2ed,Mon amour (live à Paris / 2023),2023-11-08,,Official
Slimane,2024,Mon amour,France,4,26358518-6dac-4c5c-94d3-de849206097b,7fbea6c5-77ad-4c63-ac05-6ce0374ffd51,VersuS,2019-08-22,XW,Official
Slimane,2024,Mon amour,France,4,26358518-6dac-4c5c-94d3-de849206097b,86de9b37-0529-4e2d-b880-a9ec02751251,Ça va ça vient,2019-06-21,XW,Official
Slimane,2024,Mon amour,France,4,26358518-6dac-4c5c-94d3-de849206097b,94db293d-e3d7-49d4-a71d-18ad81e8c3f5,À bout de rêves,2016-07-08,XE,Official
Slimane,2024,Mon amour,France,4,26358518-6dac-4c5c-94d3-de849206097b,99ed66ed-28f2-445b-b98f-c252406e51df,Chroniques d’un cupidon,2022-09-02,,Official
Slimane,2024,Mon amour,France,4,26358518-6dac-4c5c-94d3-de849206097b,9dc66448-1887-4663-ab68-9fc4c99a3af2,Solune,2018-01-26,,Official
Slimane,2024,Mon amour,France,4,26358518-6dac-4c5c-94d3-de849206097b,a00646b8-8a52-4df4-8cf2-a33e55f9482e,VersuS,2019,FR,Official
Slimane,2024,Mon amour,France,4,26358518-6dac-4c5c-94d3-de849206097b,a231f0d5-10f6-47ad-944e-8cc28602a330,Chroniques d’un cupidon,2022-09-02,FR,Official
Slimane,2024,Mon amour,France,4,26358518-6dac-4c5c-94d3-de849206097b,a2362b2e-1f7a-40e0-8f00-e7083c14b8cd,Chroniques d’un cupidon,2022,FR,Official
Slimane,2024,Mon amour,France,4,26358518-6dac-4c5c-94d3-de849206097b,a475996f-73f2-43a7-a909-631748266127,Adieu,2016-08-19,FR,Official
Slimane,2024,Mon amour,France,4,26358518-6dac-4c5c-94d3-de849206097b,ac07680d-2454-4e0e-b3fe-30f72b6c565c,La recette,2023-05-20,FR,Official
Slimane,2024,Mon amour,France,4,26358518-6dac-4c5c-94d3-de849206097b,b5a68462-80c7-4ab1-b21f-c2e6c02f249c,VersuS,2019-08-23,FR,Official
Slimane,2024,Mon amour,France,4,26358518-6dac-4c5c-94d3-de849206097b,b81dc586-5803-408a-aec9-136d7b5c6dd4,Il faut que tu saches,2025-12-11,XW,Official
Slimane,2024,Mon amour,France,4,26358518-6dac-4c5c-94d3-de849206097b,b9784b6b-67e0-447d-9b92-02315513c07e,Essentiels,2024-05-10,FR,Official
Slimane,2024,Mon amour,France,4,26358518-6dac-4c5c-94d3-de849206097b,bb614bfb-c66a-471e-b417-8bcfd31fdab4,VersuS,2020-08-21,XW,Official
Slimane,2024,Mon amour,France,4,26358518-6dac-4c5c-94d3-de849206097b,c1082bff-8319-446b-9d9a-50f1380823ba,Chroniques d’un Cupidon,2022,XE,Official
Slimane,2024,Mon amour,France,4,26358518-6dac-4c5c-94d3-de849206097b,c6f5f172-8cf3-4c21-8e6c-afdd74d2f019,VersuS : En concert,2020-12-31,FR,Official
Slimane,2024,Mon amour,France,4,26358518-6dac-4c5c-94d3-de849206097b,d0114b90-4e85-4c98-955c-8ccb109f283f,Fais comme ça,2019-08-23,FR,Official
Slimane,2024,Mon amour,France,4,26358518-6dac-4c5c-94d3-de849206097b,d56a00f6-ffc5-4006-a602-6a6b988438e3,VersuS - CHAPITRE II,2020-10-01,XW,Official
Slimane,2024,Mon amour,France,4,26358518-6dac-4c5c-94d3-de849206097b,d5a7b2e4-ea46-42a2-a923-986970f6b2fb,VersuS - Chapitre II,2020-10-02,FR,Official
Slimane,2024,Mon amour,France,4,26358518-6dac-4c5c-94d3-de849206097b,df80924a-d77d-45b3-abc0-60eb84dbe778,À bout de rêves,2016-07-08,FR,Official
Slimane,2024,Mon amour,France,4,26358518-6dac-4c5c-94d3-de849206097b,e7966934-00eb-4ca2-86da-1f7475af0aaa,BELLE,2021-04-05,,Official
Slimane,2024,Mon amour,France,4,26358518-6dac-4c5c-94d3-de849206097b,ef80051f-3e40-47fb-a590-07a98487c921,Ça ira,2020-08-14,XW,Official
Slimane,2024,Mon amour,France,4,26358518-6dac-4c5c-94d3-de849206097b,fa603a18-f8c2-49ee-8dbb-c06db28b0470,Viens on s'aime,2017-09-22,FR,Official
Slimane,2024,Mon amour,France,4,26358518-6dac-4c5c-94d3-de849206097b,fac4b761-a511-4a33-9f6c-7867f62f37eb,Solune,2018-11-26,FR,Official
Eden Golan,2024,Hurricane,Israel,5,86a4c009-aee7-47bb-b1cf-a8db9d216916,2065be6d-503c-4d8a-a316-1a7bfeb23fe1,Ghost Town,2022-10-07,,Official
Eden Golan,2024,Hurricane,Israel,5,86a4c009-aee7-47bb-b1cf-a8db9d216916,35324351-2652-4146-89e7-659c30bef6bf,Hurricane,2024-03-11,,Official
Eden Golan,2024,Hurricane,Israel,5,86a4c009-aee7-47bb-b1cf-a8db9d216916,54a7f77f-d666-43cf-929e-c8c14a45077f,Beautiful Horizon,2025-03-02,XW,Official
Eden Golan,2024,Hurricane,Israel,5,86a4c009-aee7-47bb-b1cf-a8db9d216916,6036ab42-9d16-4297-a67c-9c32e2544450,Older,2024-09-25,XW,Official
Eden Golan,2024,Hurricane,Israel,5,86a4c009-aee7-47bb-b1cf-a8db9d216916,debb9ed1-1cd0-4806-b634-b74455334ec8,TAXI,2023-05-11,IL,Official
Eden Golan,2024,Hurricane,Israel,5,86a4c009-aee7-47bb-b1cf-a8db9d216916,fc88d302-aa82-45c9-b447-46617d54ba72,Wait for You,2025-04-08,,Official
Bambie Thug,2024,Doomsday Blue,Ireland,6,1c7c518e-5037-4ced-b89f-6879b60c2c42,003d2834-112b-4839-92b6-e270f1f536e4,Maybe,2018-02-20,XW,Official
Bambie Thug,2024,Doomsday Blue,Ireland,6,1c7c518e-5037-4ced-b89f-6879b60c2c42,0239ffb9-d340-4af5-9ff8-706db0f37d55,Amore Harmonies,2017-08-07,XW,Official
Bambie Thug,2024,Doomsday Blue,Ireland,6,1c7c518e-5037-4ced-b89f-6879b60c2c42,023cdb9e-a400-4721-8260-dbcfd5d9c9f1,Mean (edbl remix),2020-12-11,XW,Official
Bambie Thug,2024,Doomsday Blue,Ireland,6,1c7c518e-5037-4ced-b89f-6879b60c2c42,05aa54c2-e1be-4c32-b92d-6803d8332e8c,Talk to Me,,XW,Official
Bambie Thug,2024,Doomsday Blue,Ireland,6,1c7c518e-5037-4ced-b89f-6879b60c2c42,06e7b2a0-b992-429e-9a58-d43b05b4d2e2,Crocodile - Passion Isn't Violent,2020-02-01,XW,Official
Bambie Thug,2024,Doomsday Blue,Ireland,6,1c7c518e-5037-4ced-b89f-6879b60c2c42,07119e5d-9871-4178-baa9-f3da96864f8b,Careless,2023-08-11,XW,Official
Bambie Thug,2024,Doomsday Blue,Ireland,6,1c7c518e-5037-4ced-b89f-6879b60c2c42,0e1ecee7-22ff-4b42-bd26-a1ebe3403573,Cant Help Falling in Love,2013-03-13,XW,Official
Bambie Thug,2024,Doomsday Blue,Ireland,6,1c7c518e-5037-4ced-b89f-6879b60c2c42,101775d7-a79f-40a2-bec7-1c45c7f158e7,Talk to Me,2018-09-21,,Official
Bambie Thug,2024,Doomsday Blue,Ireland,6,1c7c518e-5037-4ced-b89f-6879b60c2c42,101e9305-4f8d-46e3-a81e-fd1b7ff6d185,Mean (Pastel remix),2020-11-18,XW,Official
Bambie Thug,2024,Doomsday Blue,Ireland,6,1c7c518e-5037-4ced-b89f-6879b60c2c42,18df3b36-4354-4d03-ae6f-43ef7c7663a9,Doomsday Blue (intimate),2024-04-22,XW,Official
Bambie Thug,2024,Doomsday Blue,Ireland,6,1c7c518e-5037-4ced-b89f-6879b60c2c42,1d1e577e-d412-473c-9776-c4c5ee2257b5,Talk to Me (Remixes),,XW,Official
Bambie Thug,2024,Doomsday Blue,Ireland,6,1c7c518e-5037-4ced-b89f-6879b60c2c42,227d9d8b-432e-49b8-aa00-0ff4c8194056,Talk to Me (The Remixes),2018-12-07,,Official
Bambie Thug,2024,Doomsday Blue,Ireland,6,1c7c518e-5037-4ced-b89f-6879b60c2c42,2a500093-7434-49e8-a69d-56701dc75250,Coffee & Clouds,2021-11-04,XW,Official
Bambie Thug,2024,Doomsday Blue,Ireland,6,1c7c518e-5037-4ced-b89f-6879b60c2c42,2b1df4cd-126d-4f4d-9ae2-c776c124f51f,P.M.P,2021-10-13,XW,Official
Bambie Thug,2024,Doomsday Blue,Ireland,6,1c7c518e-5037-4ced-b89f-6879b60c2c42,37b7672d-c91e-439a-af1e-0cce3a9b6a5a,Me and My Love,2019-10-22,XW,Official
Bambie Thug,2024,Doomsday Blue,Ireland,6,1c7c518e-5037-4ced-b89f-6879b60c2c42,3e202c19-5821-404b-ac9c-6a0685e187fc,Lessons in Love,,XW,Official
Bambie Thug,2024,Doomsday Blue,Ireland,6,1c7c518e-5037-4ced-b89f-6879b60c2c42,43e4653a-95d1-4f56-aa7e-580e26fb6fa1,lost ones,2017-09-16,XW,Official
Bambie Thug,2024,Doomsday Blue,Ireland,6,1c7c518e-5037-4ced-b89f-6879b60c2c42,53f2e7df-66ea-4b7a-b831-be47fcb166c5,Talk to Me,2018-09-21,XW,Official
Bambie Thug,2024,Doomsday Blue,Ireland,6,1c7c518e-5037-4ced-b89f-6879b60c2c42,5dea2051-43f6-461d-917f-2b8388fcdf2e,Coffee & Clouds,2021-11-04,,Official
Bambie Thug,2024,Doomsday Blue,Ireland,6,1c7c518e-5037-4ced-b89f-6879b60c2c42,60a580d3-6603-49a2-ba2c-a55dee5441e1,Moments of pleasure,2019-09-27,XW,Official
Bambie Thug,2024,Doomsday Blue,Ireland,6,1c7c518e-5037-4ced-b89f-6879b60c2c42,6184bbc9-a47a-49a4-9da0-b2c52e7fa46f,Cathexis,2023-10-13,XW,Official
Bambie Thug,2024,Doomsday Blue,Ireland,6,1c7c518e-5037-4ced-b89f-6879b60c2c42,690c99db-9237-442d-b9af-357d3f2012bc,Headbang,2022-09-23,XW,Official
Bambie Thug,2024,Doomsday Blue,Ireland,6,1c7c518e-5037-4ced-b89f-6879b60c2c42,6abfc5c2-7f93-405f-8e22-68d1771e3815,Egregore,2023-04-21,XW,Official
Bambie Thug,2024,Doomsday Blue,Ireland,6,1c7c518e-5037-4ced-b89f-6879b60c2c42,6d637fac-52a7-4c63-816e-bc5538b8b6a3,Hex So Heavy,2024-08-30,XW,Official
Bambie Thug,2024,Doomsday Blue,Ireland,6,1c7c518e-5037-4ced-b89f-6879b60c2c42,73c96673-90c7-452d-ab0a-54e1c2056c88,Love Like Mine,2021-09-30,,Official
Bambie Thug,2024,Doomsday Blue,Ireland,6,1c7c518e-5037-4ced-b89f-6879b60c2c42,750236c7-1f21-47c6-8051-05712ba63c0d,High Romancy,2021-10-27,XW,Official
Bambie Thug,2024,Doomsday Blue,Ireland,6,1c7c518e-5037-4ced-b89f-6879b60c2c42,79ce1e0d-9952-4cb0-92bd-11e1ca63df5a,Bad Witch (Bambie Thug version),2024-09-26,XW,Official
Bambie Thug,2024,Doomsday Blue,Ireland,6,1c7c518e-5037-4ced-b89f-6879b60c2c42,7dbf9458-7f83-4fe3-af96-12c3634f6eb2,High Romancy,,,
Bambie Thug,2024,Doomsday Blue,Ireland,6,1c7c518e-5037-4ced-b89f-6879b60c2c42,8026c210-6dca-4160-96f4-e50bafbbe875,Ecstasy,2019-10-04,XW,Official
Bambie Thug,2024,Doomsday Blue,Ireland,6,1c7c518e-5037-4ced-b89f-6879b60c2c42,86783895-c4f7-4950-8938-07d24a50d471,Talk to Me,2018-12-07,XW,Official
Bambie Thug,2024,Doomsday Blue,Ireland,6,1c7c518e-5037-4ced-b89f-6879b60c2c42,8939cb66-dc03-46e3-895c-6d96f75d2a39,Mean,2020-06-26,XW,Official
Bambie Thug,2024,Doomsday Blue,Ireland,6,1c7c518e-5037-4ced-b89f-6879b60c2c42,8b26f5d2-e35c-435e-807f-16028219fc62,Tsunami (11:11),2022-11-11,XW,Official
Bambie Thug,2024,Doomsday Blue,Ireland,6,1c7c518e-5037-4ced-b89f-6879b60c2c42,8cf19522-8679-42f1-9ba0-d77167a1823e,Merry Christmas Baby,2022-12-09,XW,Official
Bambie Thug,2024,Doomsday Blue,Ireland,6,1c7c518e-5037-4ced-b89f-6879b60c2c42,8d95902e-474b-440d-b173-8862a1b9b6c2,KAWASAKI (I love it),2022-07-22,XW,Official
Bambie Thug,2024,Doomsday Blue,Ireland,6,1c7c518e-5037-4ced-b89f-6879b60c2c42,92793faf-fc55-431d-b12c-c6109e965629,How Can I Love? (When I Can’t Get Away From You),2021-08-26,,Official
Bambie Thug,2024,Doomsday Blue,Ireland,6,1c7c518e-5037-4ced-b89f-6879b60c2c42,936d3beb-5498-4b2f-9896-c1fe40f9c2fd,Smoke Rings,2017-08-11,XW,Official
Bambie Thug,2024,Doomsday Blue,Ireland,6,1c7c518e-5037-4ced-b89f-6879b60c2c42,9c270597-3d62-4be6-964d-0acae13817e1,Fangtasy,2024-10-25,XW,Official
Bambie Thug,2024,Doomsday Blue,Ireland,6,1c7c518e-5037-4ced-b89f-6879b60c2c42,9f05bd33-f810-46ed-9d49-7b2222088a1a,Grocery Bags - ar.libeats - Up Dub,2017-08-12,XW,Official
Bambie Thug,2024,Doomsday Blue,Ireland,6,1c7c518e-5037-4ced-b89f-6879b60c2c42,a9d6798f-ca94-49d6-bb0d-bf3a321fdbf0,Psilocyber,2021-05-14,XW,Official
Bambie Thug,2024,Doomsday Blue,Ireland,6,1c7c518e-5037-4ced-b89f-6879b60c2c42,ac118bc6-5202-4e53-b4a3-68771047db5f,REDRUM,2025-08-15,,Official
Bambie Thug,2024,Doomsday Blue,Ireland,6,1c7c518e-5037-4ced-b89f-6879b60c2c42,b0454ae9-04f8-41d9-b040-0d9e9ee83a30,Waste of You xKri rough home rec,2018-02-13,XW,Official
Bambie Thug,2024,Doomsday Blue,Ireland,6,1c7c518e-5037-4ced-b89f-6879b60c2c42,bc69a680-c697-45c1-9455-5473af9ff3d8,Birthday,2021-03-05,XW,Official
Bambie Thug,2024,Doomsday Blue,Ireland,6,1c7c518e-5037-4ced-b89f-6879b60c2c42,e0da29c9-e7fe-40d4-953c-c4c682f45985,Spooky,2018-03-29,XW,Official
Bambie Thug,2024,Doomsday Blue,Ireland,6,1c7c518e-5037-4ced-b89f-6879b60c2c42,e77dcdfb-845c-4fc7-bd85-8c5221415b1f,Lessons in Love,2019-03-01,XW,Official
Bambie Thug,2024,Doomsday Blue,Ireland,6,1c7c518e-5037-4ced-b89f-6879b60c2c42,eaf99c7b-39c9-498e-8ef1-fe21ea582b26,Dial Me,2019-11-29,XW,Official
Bambie Thug,2024,Doomsday Blue,Ireland,6,1c7c518e-5037-4ced-b89f-6879b60c2c42,ed91c34f-a029-49ca-97b1-b8e38bbb06f4,Thin ice - rough,2017-09-15,XW,Official
Angelina Mango,2024,La noia,Italy,7,7d10b972-fb3e-4880-8bab-f64cacc5f4da,0515eb30-8cae-42f6-b536-cfcb6c5ac98d,Per due come noi,2024-09-05,XW,Official
Angelina Mango,2024,La noia,Italy,7,7d10b972-fb3e-4880-8bab-f64cacc5f4da,067cb4b7-08af-48b7-9fc3-e00db59f7845,Voglia di vivere,2023-01-11,,Official
Angelina Mango,2024,La noia,Italy,7,7d10b972-fb3e-4880-8bab-f64cacc5f4da,0da55865-2ab7-419f-a8e9-229232c8b799,Ci pensiamo domani,2023-05-12,,Official
Angelina Mango,2024,La noia,Italy,7,7d10b972-fb3e-4880-8bab-f64cacc5f4da,12c04ee3-429b-41ec-be61-d225ee8be54b,Melodrama,2024-05-23,XW,Official
Angelina Mango,2024,La noia,Italy,7,7d10b972-fb3e-4880-8bab-f64cacc5f4da,13b525fa-733e-4991-8155-2773a84fed87,Per due come noi,2024-09-06,XW,Official
Angelina Mango,2024,La noia,Italy,7,7d10b972-fb3e-4880-8bab-f64cacc5f4da,15b81be4-557c-4a5b-8cf2-da11b8e86999,La noia (Hypaton remix),2024-05-18,XW,Official
Angelina Mango,2024,La noia,Italy,7,7d10b972-fb3e-4880-8bab-f64cacc5f4da,1dc1a9dc-2104-4fc5-b54e-519a6bdec3c3,Fila indiana,2023-12-01,XW,Official
Angelina Mango,2024,La noia,Italy,7,7d10b972-fb3e-4880-8bab-f64cacc5f4da,1de1bcea-45b5-41e6-979e-b0a7c74c899b,Caramé,2025-10-16,XW,Official
Angelina Mango,2024,La noia,Italy,7,7d10b972-fb3e-4880-8bab-f64cacc5f4da,20262da7-3f5b-4fdc-aa02-8fe2a85d7552,Che t’o dico a fa’,2023-10-09,XW,Official
Angelina Mango,2024,La noia,Italy,7,7d10b972-fb3e-4880-8bab-f64cacc5f4da,30dea357-a34c-48fa-9271-82c6205fd049,Poké melodrama,2024-05-31,XE,Official
Angelina Mango,2024,La noia,Italy,7,7d10b972-fb3e-4880-8bab-f64cacc5f4da,33c36822-4d62-4ce0-adf7-6f4bc30f29d4,Per due come noi,2024-09-06,XW,Official
Angelina Mango,2024,La noia,Italy,7,7d10b972-fb3e-4880-8bab-f64cacc5f4da,383b03d5-acf4-4ec9-969b-47d136f52604,Va tutto bene,2020-11-13,,Official
Angelina Mango,2024,La noia,Italy,7,7d10b972-fb3e-4880-8bab-f64cacc5f4da,38f7857d-ab5c-45ea-a5c7-ad8dcc9fe0f4,Formica,2022-01-26,XW,Official
Angelina Mango,2024,La noia,Italy,7,7d10b972-fb3e-4880-8bab-f64cacc5f4da,3adcf00c-aa8b-4b61-9765-dac11d6af854,Caramé,2026-03-27,XW,Official
Angelina Mango,2024,La noia,Italy,7,7d10b972-fb3e-4880-8bab-f64cacc5f4da,3d405d62-2023-4899-a675-9ea12cfc11ac,La noia (Hypaton remix),2024-05-04,XW,Official
Angelina Mango,2024,La noia,Italy,7,7d10b972-fb3e-4880-8bab-f64cacc5f4da,457d1226-edbb-4054-a5dd-0fa82b336322,La noia,2024-05-03,XW,Official
Angelina Mango,2024,La noia,Italy,7,7d10b972-fb3e-4880-8bab-f64cacc5f4da,540ec1b6-cb40-4217-8412-afa3e52a7c60,Velo sugli occhi,2025-10-16,XW,Official
Angelina Mango,2024,La noia,Italy,7,7d10b972-fb3e-4880-8bab-f64cacc5f4da,6595c7e8-117a-4b5f-b721-29e7a27202cc,Sono aggrappata a te,2021-02-13,,Official
Angelina Mango,2024,La noia,Italy,7,7d10b972-fb3e-4880-8bab-f64cacc5f4da,69fa433e-7cd8-4359-81f9-218bf6e058ad,Melodrama (spanish version),2024-09-20,XW,Official
Angelina Mango,2024,La noia,Italy,7,7d10b972-fb3e-4880-8bab-f64cacc5f4da,806b060e-3fed-463e-af71-a05964be603d,Melodrama (spanish version),2024-09-20,XW,Official
Angelina Mango,2024,La noia,Italy,7,7d10b972-fb3e-4880-8bab-f64cacc5f4da,8325efef-cd37-46b2-9533-ea96afac8fb7,Poké melodrama,2024-05-31,IT,Official
Angelina Mango,2024,La noia,Italy,7,7d10b972-fb3e-4880-8bab-f64cacc5f4da,8d3f6f32-9b12-40c4-9136-f4d9b6021d32,Sentire,2025-11-28,,Official
Angelina Mango,2024,La noia,Italy,7,7d10b972-fb3e-4880-8bab-f64cacc5f4da,8da7805d-d2ca-41d4-83c4-52964f224f69,La noia,2024-02-07,XW,Official
Angelina Mango,2024,La noia,Italy,7,7d10b972-fb3e-4880-8bab-f64cacc5f4da,8e316495-79ca-49d5-aae5-88cd6e5f9aff,Melodrama,2024-05-24,XW,Official
Angelina Mango,2024,La noia,Italy,7,7d10b972-fb3e-4880-8bab-f64cacc5f4da,90a0a3a6-fa93-4736-83f5-65caea03a2b9,Monolocale,2020-11-13,XW,Official
Angelina Mango,2024,La noia,Italy,7,7d10b972-fb3e-4880-8bab-f64cacc5f4da,9142dc8a-4a5a-4cc0-b66a-3db0a3b10105,Apple Music Sessions,2024-07-12,XW,Official
Angelina Mango,2024,La noia,Italy,7,7d10b972-fb3e-4880-8bab-f64cacc5f4da,9293f15b-f26b-4517-8de7-2ca89cb98522,Caramé (NCNT),2026-03-26,,Official
Angelina Mango,2024,La noia,Italy,7,7d10b972-fb3e-4880-8bab-f64cacc5f4da,951eb9b1-30c8-461d-a5ba-ea768baf2265,Walkman,2022-04-08,XW,Official
Angelina Mango,2024,La noia,Italy,7,7d10b972-fb3e-4880-8bab-f64cacc5f4da,99d2269c-febb-45a6-827b-e5e21df746d7,Formica,2022-01-07,,Official
Angelina Mango,2024,La noia,Italy,7,7d10b972-fb3e-4880-8bab-f64cacc5f4da,9a95b3b7-357f-43d8-8ca7-1ec26d8554f4,Ci pensiamo domani,2023-06-19,XW,Official
Angelina Mango,2024,La noia,Italy,7,7d10b972-fb3e-4880-8bab-f64cacc5f4da,9cc50eaf-4fd5-4ccc-a47a-940259ce1821,Che t’o dico a fa’,2023-10-06,XW,Official
Angelina Mango,2024,La noia,Italy,7,7d10b972-fb3e-4880-8bab-f64cacc5f4da,a328be2b-1993-4f7a-b77f-f929273e0373,Poké melodrama,2024-05-31,IT,Official
Angelina Mango,2024,La noia,Italy,7,7d10b972-fb3e-4880-8bab-f64cacc5f4da,a973ccd7-b681-421f-9745-35a43abb05bc,Poké melodrama,2024-05-31,IT,Official
Angelina Mango,2024,La noia,Italy,7,7d10b972-fb3e-4880-8bab-f64cacc5f4da,aa03b3ba-a879-4b7e-89c0-2045e41e8b3e,Fila indiana,2023-10-05,XW,Official
Angelina Mango,2024,La noia,Italy,7,7d10b972-fb3e-4880-8bab-f64cacc5f4da,aa6fd896-446a-4ef6-b24a-b3dcfd6b3bf7,Poké melodrama,2024-05-31,XW,Official
Angelina Mango,2024,La noia,Italy,7,7d10b972-fb3e-4880-8bab-f64cacc5f4da,b326b36c-5c58-423c-bfcd-e121481cb5d9,La noia,2024-02-07,XW,Official
Angelina Mango,2024,La noia,Italy,7,7d10b972-fb3e-4880-8bab-f64cacc5f4da,b38e6fbf-82d0-4154-83c0-299a005f289d,La noia,2024-02-07,XW,Official
Angelina Mango,2024,La noia,Italy,7,7d10b972-fb3e-4880-8bab-f64cacc5f4da,b3ef11ad-ebfa-45c3-92b6-a9746f4c1aa7,Poké melodrama,2024-05-31,IT,Official
Angelina Mango,2024,La noia,Italy,7,7d10b972-fb3e-4880-8bab-f64cacc5f4da,b4c9264a-51c4-4ece-b2a2-de362933a8fa,Melodrama (spanish version),2024-09-19,XW,Official
Angelina Mango,2024,La noia,Italy,7,7d10b972-fb3e-4880-8bab-f64cacc5f4da,bea0d455-a3af-4569-8d51-2fe1f6e7ccac,Mani vuote,2023-03-13,,Official
Angelina Mango,2024,La noia,Italy,7,7d10b972-fb3e-4880-8bab-f64cacc5f4da,bf9ad180-684a-4723-8715-becce1ad80f5,Melodrama,2024-05-24,XW,Official
Angelina Mango,2024,La noia,Italy,7,7d10b972-fb3e-4880-8bab-f64cacc5f4da,cf4bff36-6bd2-4f69-bdd8-8600b967fa39,Velo sugli occhi,2025-10-17,,Official
Angelina Mango,2024,La noia,Italy,7,7d10b972-fb3e-4880-8bab-f64cacc5f4da,dcfc0773-8ce9-4cf8-bb8f-a91491fa6b0a,Fila indiana,2023-12-01,XW,Official
Angelina Mango,2024,La noia,Italy,7,7d10b972-fb3e-4880-8bab-f64cacc5f4da,e2d3bdfa-b5fb-4871-986d-846dec4f03e4,La noia,2024-05-02,XW,Official
Angelina Mango,2024,La noia,Italy,7,7d10b972-fb3e-4880-8bab-f64cacc5f4da,e6535641-7731-4efd-a4b8-f228a5db98e6,Rituali,2022-10-14,XW,Official
Angelina Mango,2024,La noia,Italy,7,7d10b972-fb3e-4880-8bab-f64cacc5f4da,ee482d69-5e63-4273-83fe-a6ee0c66067a,Voglia di vivere,2023-05-19,IT,Official
Angelina Mango,2024,La noia,Italy,7,7d10b972-fb3e-4880-8bab-f64cacc5f4da,f1499d02-2cdc-4942-b090-d89b9a4812d9,Caramé,2025-12-05,XW,Official
Angelina Mango,2024,La noia,Italy,7,7d10b972-fb3e-4880-8bab-f64cacc5f4da,f31fb06d-1346-40a5-9f84-f23108db983a,La noia,2024-05-03,XW,Official
Angelina Mango,2024,La noia,Italy,7,7d10b972-fb3e-4880-8bab-f64cacc5f4da,f3bbed65-4985-4398-9022-02f5c8f7a7d1,Voglia di vivere,2023-05-19,XW,Official
Ladaniva,2024,Jako,Armenia,8,bf5b5110-784a-4211-b8f4-d33abe881da3,0de204a9-2969-41aa-89e1-a5ca9bdfd3b0,Pourquoi t’as fait ça ?,2021-03-26,XW,Official
Ladaniva,2024,Jako,Armenia,8,bf5b5110-784a-4211-b8f4-d33abe881da3,0f198f0c-a363-45f6-a36c-cc9d0fbcbea0,Jako,2024-03-13,XW,Official
Ladaniva,2024,Jako,Armenia,8,bf5b5110-784a-4211-b8f4-d33abe881da3,256d7014-a070-4061-945e-e7d49cb90643,Ladaniva,2023-09-29,XW,Official
Ladaniva,2024,Jako,Armenia,8,bf5b5110-784a-4211-b8f4-d33abe881da3,2e609434-6384-410b-8be7-e6e16ccaa553,Ladaniva,2023-09-29,FR,Official
Ladaniva,2024,Jako,Armenia,8,bf5b5110-784a-4211-b8f4-d33abe881da3,3c445833-2835-4ecc-bab7-e8ae2f7b0ffe,Here’s to You Ararat,2024-05-16,XW,Official
Ladaniva,2024,Jako,Armenia,8,bf5b5110-784a-4211-b8f4-d33abe881da3,5ef804f5-cb14-43ad-91d2-d3b6e73d06a5,Kef Chilini,2020-10-02,XW,Official
Ladaniva,2024,Jako,Armenia,8,bf5b5110-784a-4211-b8f4-d33abe881da3,637ab0e3-b0dc-4d06-b9e3-67bddcbd0e4e,Wayo Waya,2023-04-12,XW,Official
Ladaniva,2024,Jako,Armenia,8,bf5b5110-784a-4211-b8f4-d33abe881da3,773d3293-f228-4d39-a82c-8555a5488b9a,Wayo Waya (hard music edit),2023-10-27,XW,Official
Ladaniva,2024,Jako,Armenia,8,bf5b5110-784a-4211-b8f4-d33abe881da3,91663ab5-d068-43e8-9e5c-07afe00e000f,Ladaniva (Postcards),2024-06-14,XW,Official
Ladaniva,2024,Jako,Armenia,8,bf5b5110-784a-4211-b8f4-d33abe881da3,9c1b8241-e322-483f-8d9f-ac485a884c64,Shakar,2023-02-16,XW,Official
Ladaniva,2024,Jako,Armenia,8,bf5b5110-784a-4211-b8f4-d33abe881da3,b7ba6f70-7f75-40a5-b84f-52b866e39fe7,Ladaniva,,FR,Official
Ladaniva,2024,Jako,Armenia,8,bf5b5110-784a-4211-b8f4-d33abe881da3,ba81e379-fb36-47b7-acca-ad580a0d36ad,Saraiman,2024-06-06,XW,Official
Ladaniva,2024,Jako,Armenia,8,bf5b5110-784a-4211-b8f4-d33abe881da3,baa15913-969b-4dd0-97f0-b361a462ab1f,Je t’aime tellement,2023-09-13,XW,Official
Ladaniva,2024,Jako,Armenia,8,bf5b5110-784a-4211-b8f4-d33abe881da3,c337e51c-a2ff-4280-acb6-20eafd7f3884,Ladaniva,2020-06-13,XW,Official
Ladaniva,2024,Jako,Armenia,8,bf5b5110-784a-4211-b8f4-d33abe881da3,cbf0e20b-4062-4ee0-a5f5-5d62a8202af9,Oror,2020-11-27,XW,Official
Ladaniva,2024,Jako,Armenia,8,bf5b5110-784a-4211-b8f4-d33abe881da3,d13eb21a-f3e0-42cd-a9e9-41ed887ebb15,Je Voulais,2023-07-12,XW,Official
Marcus and Martinus,2024,Unforgettable,Sweden,9,439e6703-1920-4b85-87c8-24ff1d06d3a5,05e7cce6-3654-41e3-91f3-f2e010e35595,Moments (deluxe),2018-04-09,XW,Official
Marcus and Martinus,2024,Unforgettable,Sweden,9,439e6703-1920-4b85-87c8-24ff1d06d3a5,06d25865-3c90-4c4c-9b91-4ce4d6f53e0d,Feel,2021-11-05,,Official
Marcus and Martinus,2024,Unforgettable,Sweden,9,439e6703-1920-4b85-87c8-24ff1d06d3a5,0f6f9a61-3d67-4f69-ae35-9634ff0fd8a3,Bae (Remixes),2017-03-10,AF,Official
Marcus and Martinus,2024,Unforgettable,Sweden,9,439e6703-1920-4b85-87c8-24ff1d06d3a5,15983ff7-7850-4e1e-859a-589020e08681,Endless Summer,2025-05-09,XW,Official
Marcus and Martinus,2024,Unforgettable,Sweden,9,439e6703-1920-4b85-87c8-24ff1d06d3a5,1760e388-70c5-48d6-bcc5-ee1b47f5d0de,Without You,2016-11-02,DK,Official
Marcus and Martinus,2024,Unforgettable,Sweden,9,439e6703-1920-4b85-87c8-24ff1d06d3a5,1920470e-9e43-4733-a8a4-ab34b72c269c,Wicked Game,2022-09-09,XW,Official
Marcus and Martinus,2024,Unforgettable,Sweden,9,439e6703-1920-4b85-87c8-24ff1d06d3a5,192545c7-6149-4a85-961b-598c260d3087,Wonder,2025-04-04,XW,Official
Marcus and Martinus,2024,Unforgettable,Sweden,9,439e6703-1920-4b85-87c8-24ff1d06d3a5,1d38d948-c404-4a98-8289-4daf7c4d33bf,Pocket Dial,2019-06-06,XW,Official
Marcus and Martinus,2024,Unforgettable,Sweden,9,439e6703-1920-4b85-87c8-24ff1d06d3a5,23bba329-3002-4e4f-992b-52124a6e891f,Belinda,2021-06-04,,Official
Marcus and Martinus,2024,Unforgettable,Sweden,9,439e6703-1920-4b85-87c8-24ff1d06d3a5,24e6018e-defc-42d6-b80c-956112d6293f,Nattevandrer,2026-01-02,,Official
Marcus and Martinus,2024,Unforgettable,Sweden,9,439e6703-1920-4b85-87c8-24ff1d06d3a5,270fad46-9f94-4b2a-9554-f69d6f288582,Heartbeat,2016-05-24,XW,Official
Marcus and Martinus,2024,Unforgettable,Sweden,9,439e6703-1920-4b85-87c8-24ff1d06d3a5,2de9fad2-0b4f-442c-b468-4a40eddda8ba,I Don't Wanna Fall in Love,2016-05-27,XW,Official
Marcus and Martinus,2024,Unforgettable,Sweden,9,439e6703-1920-4b85-87c8-24ff1d06d3a5,3abdc784-b6b4-429a-8782-70eade2837e4,Unforgettable,2024-05-31,,Official
Marcus and Martinus,2024,Unforgettable,Sweden,9,439e6703-1920-4b85-87c8-24ff1d06d3a5,3c5fbb5c-4d2e-42fa-a32b-1eabbf219287,Together,2016-11-04,XW,Official
Marcus and Martinus,2024,Unforgettable,Sweden,9,439e6703-1920-4b85-87c8-24ff1d06d3a5,409b306c-5ed3-4cf0-b45f-5e06fd912977,The Room,2025-11-14,XW,Official
Marcus and Martinus,2024,Unforgettable,Sweden,9,439e6703-1920-4b85-87c8-24ff1d06d3a5,41185b07-3e97-427b-b7aa-caacbbc92725,Air (YouNotUs remix),2023-05-05,XW,Official
Marcus and Martinus,2024,Unforgettable,Sweden,9,439e6703-1920-4b85-87c8-24ff1d06d3a5,416510da-25bf-4e6f-a41e-70db722ea03f,247365,2023-07-14,XW,Official
Marcus and Martinus,2024,Unforgettable,Sweden,9,439e6703-1920-4b85-87c8-24ff1d06d3a5,4187f717-5ad1-4040-8cd0-dbe6f84f3fc4,Air,2023-02-25,XW,Official
Marcus and Martinus,2024,Unforgettable,Sweden,9,439e6703-1920-4b85-87c8-24ff1d06d3a5,4bf684c6-3d92-4e05-84d1-6f7f8bb7aa46,Moments (instrumental),2018-08-16,XW,Official
Marcus and Martinus,2024,Unforgettable,Sweden,9,439e6703-1920-4b85-87c8-24ff1d06d3a5,4cc2d4f8-2f8a-4849-97d0-64943bf00e65,Wonder,2025-01-10,XW,Official
Marcus and Martinus,2024,Unforgettable,Sweden,9,439e6703-1920-4b85-87c8-24ff1d06d3a5,4dc90660-7247-4ec2-9bd9-69e3a61dded1,We Are Not the Same,2024-01-26,XW,Official
Marcus and Martinus,2024,Unforgettable,Sweden,9,439e6703-1920-4b85-87c8-24ff1d06d3a5,4e4ca76f-653e-40f4-b1bc-651f1d6142ab,Hei,2015-02-23,NO,Official
Marcus and Martinus,2024,Unforgettable,Sweden,9,439e6703-1920-4b85-87c8-24ff1d06d3a5,50ba79e4-a51c-4237-9245-0b80ba7b603d,Make You Believe in Love,2017-09-29,,Official
Marcus and Martinus,2024,Unforgettable,Sweden,9,439e6703-1920-4b85-87c8-24ff1d06d3a5,524524a8-ab08-4f59-9eb6-82deb8dca248,Invited,2018-09-28,XW,Official
Marcus and Martinus,2024,Unforgettable,Sweden,9,439e6703-1920-4b85-87c8-24ff1d06d3a5,5957cc53-865f-49a4-b3d5-e8f130ea9838,Belinda,2021-06-04,,Official
Marcus and Martinus,2024,Unforgettable,Sweden,9,439e6703-1920-4b85-87c8-24ff1d06d3a5,618c00c5-774b-43b1-a3d6-c42fc063053f,Alt jeg ønsker meg,2015-10-30,XW,Official
Marcus and Martinus,2024,Unforgettable,Sweden,9,439e6703-1920-4b85-87c8-24ff1d06d3a5,6af17abb-3054-419b-bf6c-5ac62056ec5a,First Kiss,2017-06-16,XW,Official
Marcus and Martinus,2024,Unforgettable,Sweden,9,439e6703-1920-4b85-87c8-24ff1d06d3a5,6f17f162-a933-4878-893c-2798cdfbd834,Love You Less,2020-10-02,AL,Official
Marcus and Martinus,2024,Unforgettable,Sweden,9,439e6703-1920-4b85-87c8-24ff1d06d3a5,736ae02a-ebbb-46f8-afb0-9c5295678168,Remind Me,2018-01-25,,Official
Marcus and Martinus,2024,Unforgettable,Sweden,9,439e6703-1920-4b85-87c8-24ff1d06d3a5,79c767c8-4244-478e-83c7-8d21013bdad6,Another Life,2024-10-25,XW,Official
Marcus and Martinus,2024,Unforgettable,Sweden,9,439e6703-1920-4b85-87c8-24ff1d06d3a5,7d5ec590-4c31-4e0d-b146-54b2a6c01232,Another Life,2024-10-25,XW,Official
Marcus and Martinus,2024,Unforgettable,Sweden,9,439e6703-1920-4b85-87c8-24ff1d06d3a5,80869b3d-67a6-42af-bdbd-9b0bce4a0a18,Moments,2018-04-09,NO,Official
Marcus and Martinus,2024,Unforgettable,Sweden,9,439e6703-1920-4b85-87c8-24ff1d06d3a5,85208577-3a38-4b18-81b7-1801d823cd71,Unforgettable,2024-05-31,,Official
Marcus and Martinus,2024,Unforgettable,Sweden,9,439e6703-1920-4b85-87c8-24ff1d06d3a5,86cfe80a-211c-4e5a-9e1e-a51cba757fae,Hei (Instrumental),2015-12-24,XW,Official
Marcus and Martinus,2024,Unforgettable,Sweden,9,439e6703-1920-4b85-87c8-24ff1d06d3a5,8ac826c8-bb1e-43a0-bac5-e1d4bed7da67,Ei som deg,2015-09-25,,Official
Marcus and Martinus,2024,Unforgettable,Sweden,9,439e6703-1920-4b85-87c8-24ff1d06d3a5,8bd572a2-ff3a-416c-820d-97dedd77da6b,Another Life,2024-10-25,XW,Official
Marcus and Martinus,2024,Unforgettable,Sweden,9,439e6703-1920-4b85-87c8-24ff1d06d3a5,92dbd27e-602e-4442-a9f6-37a0e1d0f550,Christmas to Me,2023-11-10,XW,Official
Marcus and Martinus,2024,Unforgettable,Sweden,9,439e6703-1920-4b85-87c8-24ff1d06d3a5,94b26873-d8f1-4572-9e84-db53d91b30b2,Elektrisk,2015-07-24,,Official
Marcus and Martinus,2024,Unforgettable,Sweden,9,439e6703-1920-4b85-87c8-24ff1d06d3a5,9a45885c-b961-49c0-9dd0-236394b58b9c,Moments,2018-04-09,NO,Official
Marcus and Martinus,2024,Unforgettable,Sweden,9,439e6703-1920-4b85-87c8-24ff1d06d3a5,9ebe903a-d39a-49b7-986d-fbe583d7dfd0,Light It Up,2016-07-29,XW,Official
Marcus and Martinus,2024,Unforgettable,Sweden,9,439e6703-1920-4b85-87c8-24ff1d06d3a5,b5bf28aa-64fb-493e-a65e-5c346de05fb5,Together (instrumental),2018-08-19,XW,Official
Marcus and Martinus,2024,Unforgettable,Sweden,9,439e6703-1920-4b85-87c8-24ff1d06d3a5,ba67a43e-c26e-440f-bf80-a7642e118e3c,SOON,2019-06-09,XW,Official
Marcus and Martinus,2024,Unforgettable,Sweden,9,439e6703-1920-4b85-87c8-24ff1d06d3a5,bd4bd23e-89fc-475f-ba8d-746f2a8346f1,Hei (Fan Spesial),2015-12-17,XW,Official
Marcus and Martinus,2024,Unforgettable,Sweden,9,439e6703-1920-4b85-87c8-24ff1d06d3a5,c2f8a874-1aaf-4a4a-8ea6-49eb71530067,Unforgettable,2024-03-02,XW,Official
Marcus and Martinus,2024,Unforgettable,Sweden,9,439e6703-1920-4b85-87c8-24ff1d06d3a5,cb4d23d6-d31c-4ada-bb61-d271dda3f9ba,Air,2023-02-25,XW,Official
Marcus and Martinus,2024,Unforgettable,Sweden,9,439e6703-1920-4b85-87c8-24ff1d06d3a5,cca1dfc7-a7e1-43be-a10a-f962a8655312,Dance With You,2017-07-28,XW,Official
Marcus and Martinus,2024,Unforgettable,Sweden,9,439e6703-1920-4b85-87c8-24ff1d06d3a5,d87887d9-fc9c-4967-9145-cdcb2eb983aa,Love You Less,2020-10-02,AL,Official
Marcus and Martinus,2024,Unforgettable,Sweden,9,439e6703-1920-4b85-87c8-24ff1d06d3a5,e011c8e9-8eed-47ac-ac91-f56c4afeb4d9,Hei (Fan Spesial),2015-11-06,XW,Official
Marcus and Martinus,2024,Unforgettable,Sweden,9,439e6703-1920-4b85-87c8-24ff1d06d3a5,e6a02f91-5e96-4eea-8096-ebd13177d0e0,Gimme Your Love,2022-10-21,,Official
Marcus and Martinus,2024,Unforgettable,Sweden,9,439e6703-1920-4b85-87c8-24ff1d06d3a5,ed91d95a-8257-4775-8428-dbc5b0571517,The Room,2025-09-26,XW,Official
Marcus and Martinus,2024,Unforgettable,Sweden,9,439e6703-1920-4b85-87c8-24ff1d06d3a5,ee662574-1515-4b49-8a9d-d92d1037cff7,Girls,2016-05-19,XW,Official
Marcus and Martinus,2024,Unforgettable,Sweden,9,439e6703-1920-4b85-87c8-24ff1d06d3a5,f2997214-d714-43f2-8a07-7a799137420f,Together,2016,NO,Official
Marcus and Martinus,2024,Unforgettable,Sweden,9,439e6703-1920-4b85-87c8-24ff1d06d3a5,fa39c202-2d94-417c-8db2-2335ad3dc9d5,Like It Like It,2017-05-19,XW,Official
Iolanda,2024,Grito,Portugal,10,aa3fecd9-8dbc-44f1-864d-b5e20e188669,6dd6a8b7-1a27-4e6b-b26d-1dc382f40991,Laurinda,2024-09-27,XW,Official
Iolanda,2024,Grito,Portugal,10,aa3fecd9-8dbc-44f1-864d-b5e20e188669,7118bf1d-81b5-47e7-9622-612ffb9fb062,Mudar a canção,2024-12-10,XW,Official
Iolanda,2024,Grito,Portugal,10,aa3fecd9-8dbc-44f1-864d-b5e20e188669,92c8cf33-e9b1-426f-af05-303a54d314a4,Ne partez pas sans moi,2025-05-13,XW,Official
Iolanda,2024,Grito,Portugal,10,aa3fecd9-8dbc-44f1-864d-b5e20e188669,b4b1dcb0-1279-4d9e-a358-621ae03c0934,Cura,2023-03-31,XW,Official
Iolanda,2024,Grito,Portugal,10,aa3fecd9-8dbc-44f1-864d-b5e20e188669,d83dc0ae-41c8-4553-a265-2794e966a7db,Contratempo,2024-11-29,XW,Official
JJ,2025,Wasted Love,Austria,1,4b0be624-6b87-47e8-bbf0-588a2c6c0439,023fd3b2-577c-300e-b34a-273205e83af5,Special Edition,1984,DE,Official
JJ,2025,Wasted Love,Austria,1,4b0be624-6b87-47e8-bbf0-588a2c6c0439,03f8c5fc-5be5-4d6f-8043-7a6f88272133,Shock Hop / Sneaky,1958-10-06,US,Official
JJ,2025,Wasted Love,Austria,1,4b0be624-6b87-47e8-bbf0-588a2c6c0439,0634f230-4eb5-4651-b66c-47a0ce224413,Number 10,1992,XE,Official
JJ,2025,Wasted Love,Austria,1,4b0be624-6b87-47e8-bbf0-588a2c6c0439,063c3a34-8aed-49ee-8009-80f11f425761,Travel-Log,1989,XE,Official
JJ,2025,Wasted Love,Austria,1,4b0be624-6b87-47e8-bbf0-588a2c6c0439,072ca706-ac4a-4df2-b463-b2ee9b2d8d8a,Live USA,1992,DE,Bootleg
JJ,2025,Wasted Love,Austria,1,4b0be624-6b87-47e8-bbf0-588a2c6c0439,07a95e9f-d322-4a66-b363-06f08de81563,Naturally,1980,IT,Official
JJ,2025,Wasted Love,Austria,1,4b0be624-6b87-47e8-bbf0-588a2c6c0439,0a2828ff-9c9c-46c7-b831-2d889a61edf5,Guitar Man,1996-06-25,XE,Official
JJ,2025,Wasted Love,Austria,1,4b0be624-6b87-47e8-bbf0-588a2c6c0439,0afdbb89-c41c-4118-bef9-f7c44e0f63cd,Closer to You,1994,AU,Official
JJ,2025,Wasted Love,Austria,1,4b0be624-6b87-47e8-bbf0-588a2c6c0439,0ebe1fa9-6025-4a18-81de-417f8a419e29,Grasshopper,1982,US,Official
JJ,2025,Wasted Love,Austria,1,4b0be624-6b87-47e8-bbf0-588a2c6c0439,122d17f5-6665-4adf-857f-37c09e107c8a,Shades,1982,NL,Official
JJ,2025,Wasted Love,Austria,1,4b0be624-6b87-47e8-bbf0-588a2c6c0439,15edf969-2aa2-440c-9e06-523dc3fe92bf,To Tulsa and Back,2004,FR,Official
JJ,2025,Wasted Love,Austria,1,4b0be624-6b87-47e8-bbf0-588a2c6c0439,1b335bbf-03cd-4d9c-84d5-9b4972385989,Naturally,1971-12,US,Official
JJ,2025,Wasted Love,Austria,1,4b0be624-6b87-47e8-bbf0-588a2c6c0439,1df7fecf-ec93-40c4-9369-e9a6eefea668,#8,1991-03-05,JP,
JJ,2025,Wasted Love,Austria,1,4b0be624-6b87-47e8-bbf0-588a2c6c0439,21d062e3-b9d3-4dfa-a2ed-714a1addbea2,Live in London,1994,,Bootleg
JJ,2025,Wasted Love,Austria,1,4b0be624-6b87-47e8-bbf0-588a2c6c0439,24083c94-e300-4d18-8583-e2fb9691fb3a,Live USA,1992,DE,Bootleg
JJ,2025,Wasted Love,Austria,1,4b0be624-6b87-47e8-bbf0-588a2c6c0439,2d4a7625-3df4-4806-b805-0c7af947e4bf,Classic JJ Cale,1999,XE,Official
JJ,2025,Wasted Love,Austria,1,4b0be624-6b87-47e8-bbf0-588a2c6c0439,2fc8202c-2870-3495-ac63-97d00ad019f5,Guitar Man,1996-04,GB,Official
JJ,2025,Wasted Love,Austria,1,4b0be624-6b87-47e8-bbf0-588a2c6c0439,30439824-d775-4dba-8b72-920a7b164a06,5,1979,GB,Official
JJ,2025,Wasted Love,Austria,1,4b0be624-6b87-47e8-bbf0-588a2c6c0439,3311f9ba-c363-419f-837e-cd9e4cd02336,Naturally,1976,GB,Official
JJ,2025,Wasted Love,Austria,1,4b0be624-6b87-47e8-bbf0-588a2c6c0439,37021431-f5a6-401a-9775-fecbafa0b8c4,Troubadour,1980,US,Official
JJ,2025,Wasted Love,Austria,1,4b0be624-6b87-47e8-bbf0-588a2c6c0439,3b799787-a8c5-41e3-931d-b2c9dc4f2d88,Shades,1981,US,Official
JJ,2025,Wasted Love,Austria,1,4b0be624-6b87-47e8-bbf0-588a2c6c0439,3ea3c8d7-1923-425f-9829-bd1a68882aaf,"In Session at the Paradise Studios, Los Angeles, 1979",2003,GB,Official
JJ,2025,Wasted Love,Austria,1,4b0be624-6b87-47e8-bbf0-588a2c6c0439,40330825-ddfd-4a79-91d2-21230a9e73d0,Number 10,1992-11-10,US,Official
JJ,2025,Wasted Love,Austria,1,4b0be624-6b87-47e8-bbf0-588a2c6c0439,40a9b272-bf36-47ee-935c-523ca4930583,Okie,1990,NL,Official
JJ,2025,Wasted Love,Austria,1,4b0be624-6b87-47e8-bbf0-588a2c6c0439,43e7ccf4-2307-4da8-980c-f8de6206713d,Troubadour,1976,NO,Official
JJ,2025,Wasted Love,Austria,1,4b0be624-6b87-47e8-bbf0-588a2c6c0439,43fd6e57-01bd-4ee7-888a-aaa7cdba8505,Naturally,1972,GB,Official
JJ,2025,Wasted Love,Austria,1,4b0be624-6b87-47e8-bbf0-588a2c6c0439,4828b1ff-2d04-3b5f-ae34-a1fc1b583409,Troubadour,1976,GB,Official
JJ,2025,Wasted Love,Austria,1,4b0be624-6b87-47e8-bbf0-588a2c6c0439,4b14fa68-73a6-4f7b-9754-31a318f3445c,Okie,1974,US,Official
JJ,2025,Wasted Love,Austria,1,4b0be624-6b87-47e8-bbf0-588a2c6c0439,4b3491f2-2cf9-424b-99c0-9652ed353c99,Best of J.J. Cale,1989,DE,Official
JJ,2025,Wasted Love,Austria,1,4b0be624-6b87-47e8-bbf0-588a2c6c0439,4c02f7e7-120c-49b2-8452-9247d649ace7,Shades,1983,XE,Official
JJ,2025,Wasted Love,Austria,1,4b0be624-6b87-47e8-bbf0-588a2c6c0439,4c3011c9-6b24-435e-9e9c-eadfa83c6b7a,After Midnight,1977-05-20,GB,Promotion
JJ,2025,Wasted Love,Austria,1,4b0be624-6b87-47e8-bbf0-588a2c6c0439,4c942b47-632d-43ab-b762-939e32bdf0df,La femme de mon pote,1983,FR,Official
JJ,2025,Wasted Love,Austria,1,4b0be624-6b87-47e8-bbf0-588a2c6c0439,4d9650c0-b6ef-4460-8057-05e893bac4b8,Okie,1976,NL,Official
JJ,2025,Wasted Love,Austria,1,4b0be624-6b87-47e8-bbf0-588a2c6c0439,4f600f71-8991-406e-976d-b9651681f860,Shades,1982,NL,Official
JJ,2025,Wasted Love,Austria,1,4b0be624-6b87-47e8-bbf0-588a2c6c0439,51384201-9881-3147-821e-349ff21ca3d6,Special Edition,1984,DE,Official
JJ,2025,Wasted Love,Austria,1,4b0be624-6b87-47e8-bbf0-588a2c6c0439,5c1ca245-d522-4e40-86f1-f68a09cab0d6,Really,1982,NL,Official
JJ,2025,Wasted Love,Austria,1,4b0be624-6b87-47e8-bbf0-588a2c6c0439,5f53283a-f970-41dc-9fa2-c48ae2eef066,The Very Best of J.J. Cale,1997,US,Official
JJ,2025,Wasted Love,Austria,1,4b0be624-6b87-47e8-bbf0-588a2c6c0439,5fc15898-92bb-4d4c-a5c2-fe297a481680,Hold On Baby,1990,US,Promotion
JJ,2025,Wasted Love,Austria,1,4b0be624-6b87-47e8-bbf0-588a2c6c0439,6030c288-8fd6-4cda-bf90-d4e3c1d10255,I Hate Myself,1974,,Official
JJ,2025,Wasted Love,Austria,1,4b0be624-6b87-47e8-bbf0-588a2c6c0439,617fa5c8-66fa-4014-adc9-bc20da22dadb,The Ultimate Collection,2004,US,Official
JJ,2025,Wasted Love,Austria,1,4b0be624-6b87-47e8-bbf0-588a2c6c0439,62122417-c036-3730-8d0c-eeb8035f65ae,Number 10,1997-01-27,DE,Official
JJ,2025,Wasted Love,Austria,1,4b0be624-6b87-47e8-bbf0-588a2c6c0439,67a41f66-f37b-3a5d-984d-5b0555fc4751,Really,1975,US,Official
JJ,2025,Wasted Love,Austria,1,4b0be624-6b87-47e8-bbf0-588a2c6c0439,698aaaaa-ea11-3a1c-8973-8a9bc99a65be,Naturally,1975,US,Official
JJ,2025,Wasted Love,Austria,1,4b0be624-6b87-47e8-bbf0-588a2c6c0439,6af904a5-f412-4694-a948-9c4e183dbba3,Guitar Man,1996-06-25,US,Official
JJ,2025,Wasted Love,Austria,1,4b0be624-6b87-47e8-bbf0-588a2c6c0439,6b94e79c-3238-4d45-b968-5f2fc722dc41,Grasshopper,1983,DE,Official
JJ,2025,Wasted Love,Austria,1,4b0be624-6b87-47e8-bbf0-588a2c6c0439,6ff27b99-60b3-463a-92cf-843b5b78cda7,Millennium Edition,2001-01-17,DE,Official
JJ,2025,Wasted Love,Austria,1,4b0be624-6b87-47e8-bbf0-588a2c6c0439,738faafc-1b04-474d-92a3-071ad0fd25a3,Grasshopper,1983,XE,Official
JJ,2025,Wasted Love,Austria,1,4b0be624-6b87-47e8-bbf0-588a2c6c0439,77518f33-3158-492a-a7e1-da1dc77e9296,Okie,1974,GB,Official
JJ,2025,Wasted Love,Austria,1,4b0be624-6b87-47e8-bbf0-588a2c6c0439,791f3272-ae6f-41f5-8fd2-490feceea4b3,Anyway the Wind Blows: The Anthology,1997-06-17,US,Official
JJ,2025,Wasted Love,Austria,1,4b0be624-6b87-47e8-bbf0-588a2c6c0439,7bab733d-4999-3ede-9f24-628da1ed2e03,Troubadour,1983-10,GB,Official
JJ,2025,Wasted Love,Austria,1,4b0be624-6b87-47e8-bbf0-588a2c6c0439,7c9f2198-a69a-3782-8016-4ce99a155d7f,The Very Best of J.J. Cale,1997,XE,Official
JJ,2025,Wasted Love,Austria,1,4b0be624-6b87-47e8-bbf0-588a2c6c0439,7e6c5352-35c0-49b7-974b-9f9b222a9700,Live,2001,US,Official
JJ,2025,Wasted Love,Austria,1,4b0be624-6b87-47e8-bbf0-588a2c6c0439,803a0869-5233-4f4f-9de8-d02e7cd526c5,Closer to You,1994-08-23,US,Official
JJ,2025,Wasted Love,Austria,1,4b0be624-6b87-47e8-bbf0-588a2c6c0439,84edb31c-3201-33a2-847d-64c759952035,5,1990-05,GB,Official
JJ,2025,Wasted Love,Austria,1,4b0be624-6b87-47e8-bbf0-588a2c6c0439,8676d725-beff-3b76-96a4-b17a0c0971cf,Really,1990,NL,Official
JJ,2025,Wasted Love,Austria,1,4b0be624-6b87-47e8-bbf0-588a2c6c0439,8b903798-53f7-409d-bcad-9ce4db46c921,Really,1990-03-12,US,Official
JJ,2025,Wasted Love,Austria,1,4b0be624-6b87-47e8-bbf0-588a2c6c0439,9048dd6d-09b9-4660-aa97-59c969ac095d,Naturally,1998-12,GB,Official
JJ,2025,Wasted Love,Austria,1,4b0be624-6b87-47e8-bbf0-588a2c6c0439,94f87984-413c-48c2-851b-ca2a2010dbd1,Really,1987,DE,Official
JJ,2025,Wasted Love,Austria,1,4b0be624-6b87-47e8-bbf0-588a2c6c0439,99638d04-bc1a-48da-9075-14af62f71bf3,5,1983,GB,Official
JJ,2025,Wasted Love,Austria,1,4b0be624-6b87-47e8-bbf0-588a2c6c0439,9b4b226c-5073-4f75-a977-e374470409dd,Really,1972-12,US,Official
JJ,2025,Wasted Love,Austria,1,4b0be624-6b87-47e8-bbf0-588a2c6c0439,9dd60477-17f1-4914-9b36-10e717d720bc,Okie,1990-04-03,US,Official
JJ,2025,Wasted Love,Austria,1,4b0be624-6b87-47e8-bbf0-588a2c6c0439,a3bb8990-d6df-434c-b176-2e8fdcb6d292,Travel-Log,1989,NL,Official
JJ,2025,Wasted Love,Austria,1,4b0be624-6b87-47e8-bbf0-588a2c6c0439,a48d2474-bfb4-431c-ad5e-421d20b1e741,USA 1991,1994,DE,Bootleg
JJ,2025,Wasted Love,Austria,1,4b0be624-6b87-47e8-bbf0-588a2c6c0439,a55d570f-6493-47cf-88c4-0782cdb5bd87,After Midnight,2003,XE,Official
JJ,2025,Wasted Love,Austria,1,4b0be624-6b87-47e8-bbf0-588a2c6c0439,a593199a-cd44-4933-b0dc-7eba3788b8ae,5,1979,US,Official
JJ,2025,Wasted Love,Austria,1,4b0be624-6b87-47e8-bbf0-588a2c6c0439,a61599b9-3205-3099-97aa-c91ea0bf2603,Troubadour,1976,US,Official
JJ,2025,Wasted Love,Austria,1,4b0be624-6b87-47e8-bbf0-588a2c6c0439,a753c688-eac8-4225-aaf7-94c259df3a75,The Troubadour Plays Live,1992,IT,Bootleg
JJ,2025,Wasted Love,Austria,1,4b0be624-6b87-47e8-bbf0-588a2c6c0439,a78980bf-b549-4223-8147-af71c11af959,Live,2001-05-21,XE,Official
JJ,2025,Wasted Love,Austria,1,4b0be624-6b87-47e8-bbf0-588a2c6c0439,a7ebbb2c-256f-4e68-874c-f7ddb97ee7fb,Special Edition,1984,US,Official
JJ,2025,Wasted Love,Austria,1,4b0be624-6b87-47e8-bbf0-588a2c6c0439,a8e2dc49-edc7-4efe-bd96-3bad831758b4,"KFOG Private Show, San Francisco 2002",2002,XW,Bootleg
JJ,2025,Wasted Love,Austria,1,4b0be624-6b87-47e8-bbf0-588a2c6c0439,ab56cf33-60fb-4b2a-81b7-2e0568dfb113,#8,1983,DE,Official
JJ,2025,Wasted Love,Austria,1,4b0be624-6b87-47e8-bbf0-588a2c6c0439,adea96a0-a6a2-4b8d-afa0-b9c29afae2cc,Guitar Man,1996,FR,Official
JJ,2025,Wasted Love,Austria,1,4b0be624-6b87-47e8-bbf0-588a2c6c0439,aedc0327-cbe4-48ac-9fc4-ce379aa436c3,Strummin’ on the Porch…a Beer in Reach,1990-06-30,AU,Official
JJ,2025,Wasted Love,Austria,1,4b0be624-6b87-47e8-bbf0-588a2c6c0439,b19fb5c3-069a-4804-b4c1-b8097303e244,Really,1983,GB,Official
JJ,2025,Wasted Love,Austria,1,4b0be624-6b87-47e8-bbf0-588a2c6c0439,b763748d-3ecf-4f87-aa1b-f83361b8aa27,Naturally,1987-11-02,US,Official
JJ,2025,Wasted Love,Austria,1,4b0be624-6b87-47e8-bbf0-588a2c6c0439,b7fa23d8-0c77-474a-ab9d-cb57fbf98dec,To Tulsa and Back,2004-06-08,US,Official
JJ,2025,Wasted Love,Austria,1,4b0be624-6b87-47e8-bbf0-588a2c6c0439,bd433139-6f49-4741-8fb1-79a533ec8fcd,Grasshopper,1982,DE,Official
JJ,2025,Wasted Love,Austria,1,4b0be624-6b87-47e8-bbf0-588a2c6c0439,bda8fb84-58be-4245-81a2-3adfe158d12c,To Tulsa and Back,2004,XE,Official
JJ,2025,Wasted Love,Austria,1,4b0be624-6b87-47e8-bbf0-588a2c6c0439,c195bd83-0663-4f5f-a018-94fe58b74f88,5,1979,DE,Official
JJ,2025,Wasted Love,Austria,1,4b0be624-6b87-47e8-bbf0-588a2c6c0439,cc0d1844-59f7-4261-a715-801ccd033a24,#8,1983,DE,Official
JJ,2025,Wasted Love,Austria,1,4b0be624-6b87-47e8-bbf0-588a2c6c0439,d5c1305c-7514-496e-9718-70778d4f145c,Travel‐Log,1990-02,US,Official
JJ,2025,Wasted Love,Austria,1,4b0be624-6b87-47e8-bbf0-588a2c6c0439,d69258a4-c8ab-3950-9b20-58bf3a5568a8,Travel-Log,1989,DE,Official
JJ,2025,Wasted Love,Austria,1,4b0be624-6b87-47e8-bbf0-588a2c6c0439,db5a8c14-6a06-4633-9886-3e2cdb757574,Number 10,1992,CA,Official
JJ,2025,Wasted Love,Austria,1,4b0be624-6b87-47e8-bbf0-588a2c6c0439,de8783f9-a434-4c4e-abfe-b74151d4e853,After Midnight / Slow Motion,1966,US,Promotion
JJ,2025,Wasted Love,Austria,1,4b0be624-6b87-47e8-bbf0-588a2c6c0439,e1f72694-8758-4e59-a6a8-0e99b5770c9b,Lonesome Train,1992,GB,Official
JJ,2025,Wasted Love,Austria,1,4b0be624-6b87-47e8-bbf0-588a2c6c0439,e27c9783-fbe0-431f-9b5b-dba9646eef96,Grasshopper,1984,US,Official
JJ,2025,Wasted Love,Austria,1,4b0be624-6b87-47e8-bbf0-588a2c6c0439,e2f61230-3981-4021-a540-690d15314c21,Shades,1991-04-09,DE,Official
JJ,2025,Wasted Love,Austria,1,4b0be624-6b87-47e8-bbf0-588a2c6c0439,e51029a8-8008-4903-983e-2079c90f7c81,Naturally,1978,DE,Official
JJ,2025,Wasted Love,Austria,1,4b0be624-6b87-47e8-bbf0-588a2c6c0439,e6ccee0c-079e-4759-b067-220b3cda8836,20th Century Masters: The Millennium Collection: The Best of J.J. Cale,2002-07-23,US,Official
JJ,2025,Wasted Love,Austria,1,4b0be624-6b87-47e8-bbf0-588a2c6c0439,e8e08221-518e-469e-8e8e-aadf45bc9648,Shades,1981,IT,Official
JJ,2025,Wasted Love,Austria,1,4b0be624-6b87-47e8-bbf0-588a2c6c0439,ea616710-96b2-497c-a232-6b8bdf65a6a8,Universal Masters Collection,2000-01-03,GB,Official
JJ,2025,Wasted Love,Austria,1,4b0be624-6b87-47e8-bbf0-588a2c6c0439,ea91e07a-58ce-44cc-a62c-59c81fdfffc8,Live,2001-05-21,,Official
JJ,2025,Wasted Love,Austria,1,4b0be624-6b87-47e8-bbf0-588a2c6c0439,f2023772-0e12-47ea-9e0d-fb76e4a3fe71,Troubadour,1979-06-20,FR,Official
JJ,2025,Wasted Love,Austria,1,4b0be624-6b87-47e8-bbf0-588a2c6c0439,f3cec832-2b23-483b-9adb-1c478af1adba,Special Edition,1984,US,Official
JJ,2025,Wasted Love,Austria,1,4b0be624-6b87-47e8-bbf0-588a2c6c0439,f7494977-f8f4-4f13-ac9f-fadc60382881,For Radio Use Only,1976,US,Promotion
JJ,2025,Wasted Love,Austria,1,4b0be624-6b87-47e8-bbf0-588a2c6c0439,f7a52684-413e-4447-82bc-b08dd6a4a104,To Tulsa and Back,2004-06-08,XW,Official
JJ,2025,Wasted Love,Austria,1,4b0be624-6b87-47e8-bbf0-588a2c6c0439,f9f5ab11-9182-4b10-9bfd-24f8ee6f7615,Closer to You,1994-05-30,XE,Official
JJ,2025,Wasted Love,Austria,1,4b0be624-6b87-47e8-bbf0-588a2c6c0439,f9f80cbc-291b-48ab-9abc-4ec7ccbb3d03,Troubadour,2005-05-07,US,Official
JJ,2025,Wasted Love,Austria,1,4b0be624-6b87-47e8-bbf0-588a2c6c0439,fbf8ce01-99b5-4ec7-803a-88a11c775af8,Travel-Log,1989,XE,Official
JJ,2025,Wasted Love,Austria,1,4b0be624-6b87-47e8-bbf0-588a2c6c0439,fea00fb2-f0bc-4cee-9512-a6dcb9eeb195,To Tulsa and Back,2004-06-07,XE,Official
JJ,2025,Wasted Love,Austria,1,4b0be624-6b87-47e8-bbf0-588a2c6c0439,08e1134e-c0ca-4939-816c-6117146e8f39,Live,,XW,Official
JJ,2025,Wasted Love,Austria,1,4b0be624-6b87-47e8-bbf0-588a2c6c0439,0a3f24c6-1432-46a7-baf7-a1565473cd14,Live in San Diego,2016-09-30,,Official
JJ,2025,Wasted Love,Austria,1,4b0be624-6b87-47e8-bbf0-588a2c6c0439,0c26d2f2-88c3-4a78-aa75-4e7d61432b31,Shades,2013-06-26,JP,Official
JJ,2025,Wasted Love,Austria,1,4b0be624-6b87-47e8-bbf0-588a2c6c0439,0cdee128-f03f-4be6-9161-ee4625565160,Hammersmith ’94,,,Bootleg
JJ,2025,Wasted Love,Austria,1,4b0be624-6b87-47e8-bbf0-588a2c6c0439,115af062-a8c6-4d93-b671-1b37337050ee,Stay Around,2019-04-26,XW,Official
JJ,2025,Wasted Love,Austria,1,4b0be624-6b87-47e8-bbf0-588a2c6c0439,11eed1e1-cb9c-4dd0-8e47-d8b0832545fa,Stay Around,2019,XE,Official
JJ,2025,Wasted Love,Austria,1,4b0be624-6b87-47e8-bbf0-588a2c6c0439,137f8f6d-e33c-4f8b-8b18-d29a6aa04556,5,2013-06-26,JP,Official
JJ,2025,Wasted Love,Austria,1,4b0be624-6b87-47e8-bbf0-588a2c6c0439,13a6caab-1e07-42f0-af9d-686c2e114857,"1983‐11‐02: The Old Town Bar & Grill, Eureka, CA, USA",,XW,Bootleg
JJ,2025,Wasted Love,Austria,1,4b0be624-6b87-47e8-bbf0-588a2c6c0439,1a7cda18-9dc6-4015-b489-6278dda00ec6,Troubadour,,US,Official
JJ,2025,Wasted Love,Austria,1,4b0be624-6b87-47e8-bbf0-588a2c6c0439,1dcdecfd-18c3-4134-89be-1902ecd089c3,After Midnight at the Apollo,2020,XW,Bootleg
JJ,2025,Wasted Love,Austria,1,4b0be624-6b87-47e8-bbf0-588a2c6c0439,1e575566-98f3-463f-b9f6-511475479cf3,Number 10,2014-07-22,DE,Official
JJ,2025,Wasted Love,Austria,1,4b0be624-6b87-47e8-bbf0-588a2c6c0439,222df78d-7cf1-47eb-afc8-0be7b8a69bef,Best Of,,,
JJ,2025,Wasted Love,Austria,1,4b0be624-6b87-47e8-bbf0-588a2c6c0439,22a592f1-dd00-4868-9c5f-0966be2a3d2d,In Session,2016-07-15,XW,Bootleg
JJ,2025,Wasted Love,Austria,1,4b0be624-6b87-47e8-bbf0-588a2c6c0439,2705349d-df1a-42f9-a1de-f6155bdd3195,After Midnight: The Best Of,,,Official
JJ,2025,Wasted Love,Austria,1,4b0be624-6b87-47e8-bbf0-588a2c6c0439,2b8c84b6-04da-409e-8a63-9e46dee170f8,After Hours in Minneapolis,2019,,
JJ,2025,Wasted Love,Austria,1,4b0be624-6b87-47e8-bbf0-588a2c6c0439,2d02e1f3-461f-4ffb-aae1-b259350051d5,Grasshopper,,XW,Official
JJ,2025,Wasted Love,Austria,1,4b0be624-6b87-47e8-bbf0-588a2c6c0439,305c67d3-1376-3b3a-838f-d239d0a6eaeb,Naturally,,,Official
JJ,2025,Wasted Love,Austria,1,4b0be624-6b87-47e8-bbf0-588a2c6c0439,325e40fb-37dd-4029-9951-fcda85513cc3,Okie,,XW,Official
JJ,2025,Wasted Love,Austria,1,4b0be624-6b87-47e8-bbf0-588a2c6c0439,3d94531d-d3da-479b-b294-90ad3f4e05d5,Roll On,2009-03-06,XE,Official
JJ,2025,Wasted Love,Austria,1,4b0be624-6b87-47e8-bbf0-588a2c6c0439,3e1e04e0-6298-4816-b825-9745b57ab791,Naturally,,CA,Official
JJ,2025,Wasted Love,Austria,1,4b0be624-6b87-47e8-bbf0-588a2c6c0439,3e6a1f39-8768-4b4f-9016-33ae87e3e289,Roll On,2009-03-09,XE,Official
JJ,2025,Wasted Love,Austria,1,4b0be624-6b87-47e8-bbf0-588a2c6c0439,3f37845d-ed13-4a0b-967b-72c820286370,The Road to Escondido,2006-11-07,ZA,Official
JJ,2025,Wasted Love,Austria,1,4b0be624-6b87-47e8-bbf0-588a2c6c0439,40b7b452-5eb5-43a4-a73b-5fcafa28c148,"1975‐02‐13: Ebbets Field, Denver, CO, USA",,XW,Bootleg
JJ,2025,Wasted Love,Austria,1,4b0be624-6b87-47e8-bbf0-588a2c6c0439,47fcde5f-77e0-419c-abf9-4a39bb6646b3,The Definitive Collection,,XW,Official
JJ,2025,Wasted Love,Austria,1,4b0be624-6b87-47e8-bbf0-588a2c6c0439,49f90c8d-4a1a-434a-87d9-a12bb78f80e4,5,,XW,Official
JJ,2025,Wasted Love,Austria,1,4b0be624-6b87-47e8-bbf0-588a2c6c0439,4ae48b2f-3769-4444-8fcb-bcf50c71d5d2,Really,2013,JP,Official
JJ,2025,Wasted Love,Austria,1,4b0be624-6b87-47e8-bbf0-588a2c6c0439,4e2dd55e-ec7a-47fb-ab87-4b665bef818e,Cajun Moon,,,Official
JJ,2025,Wasted Love,Austria,1,4b0be624-6b87-47e8-bbf0-588a2c6c0439,520bc37a-60d7-4be9-a69f-602078c42b11,Rewind: Unreleased Recordings,2007,FR,Official
JJ,2025,Wasted Love,Austria,1,4b0be624-6b87-47e8-bbf0-588a2c6c0439,5bc3bba2-c531-4acf-a25b-5f1262be71b7,Ebbets Field: The 1975 Broadcast,,,Bootleg
JJ,2025,Wasted Love,Austria,1,4b0be624-6b87-47e8-bbf0-588a2c6c0439,5ca39caf-5c45-4386-9517-2244f100f985,5,,XE,Official
JJ,2025,Wasted Love,Austria,1,4b0be624-6b87-47e8-bbf0-588a2c6c0439,5e8e4d90-634a-44c5-bce2-df30e8d78b9e,Audiophile Collection,2021,,Bootleg
JJ,2025,Wasted Love,Austria,1,4b0be624-6b87-47e8-bbf0-588a2c6c0439,62239605-1015-4528-82f1-3877ece165df,Stay Around,2019-04-26,XW,Official
JJ,2025,Wasted Love,Austria,1,4b0be624-6b87-47e8-bbf0-588a2c6c0439,63f349bb-51bb-4941-862f-c2c6dcdfe9c2,Rewind: Unreleased Recordings,2007-10-02,XW,Official
JJ,2025,Wasted Love,Austria,1,4b0be624-6b87-47e8-bbf0-588a2c6c0439,6a374e48-81e0-4c72-99b9-11b1139d1739,Rewind: Unreleased Recordings,2007-10-08,GB,Official
JJ,2025,Wasted Love,Austria,1,4b0be624-6b87-47e8-bbf0-588a2c6c0439,6ace793a-2cf6-4913-8d21-f11f3a2f44b2,Independence Day,2018-12-07,US,Bootleg
JJ,2025,Wasted Love,Austria,1,4b0be624-6b87-47e8-bbf0-588a2c6c0439,6e0fe65b-2bbd-46a1-aff7-d8720f14f0eb,#8,,XW,Official
JJ,2025,Wasted Love,Austria,1,4b0be624-6b87-47e8-bbf0-588a2c6c0439,7ef0fbae-b8c2-44b3-926b-7e33463a1a3a,ザ・ロード・トゥ・エスコンディード,2006-11-08,JP,Pseudo-Release
JJ,2025,Wasted Love,Austria,1,4b0be624-6b87-47e8-bbf0-588a2c6c0439,7f46e8ca-c947-4285-906f-031d6c316b8f,Special Edition,2020-12-23,JP,Official
JJ,2025,Wasted Love,Austria,1,4b0be624-6b87-47e8-bbf0-588a2c6c0439,7fcd2c82-7d93-4302-855e-13a78c88b0bd,The Road to Escondido,2006-11-08,JP,Official
JJ,2025,Wasted Love,Austria,1,4b0be624-6b87-47e8-bbf0-588a2c6c0439,81439d84-d4a0-49ef-b117-aa1ea5dd9a34,Roll On,2019-08-23,XW,Official
JJ,2025,Wasted Love,Austria,1,4b0be624-6b87-47e8-bbf0-588a2c6c0439,82274906-3f70-4f9c-baf6-41d82d163e70,Number 10,,XE,Official
JJ,2025,Wasted Love,Austria,1,4b0be624-6b87-47e8-bbf0-588a2c6c0439,84443121-31fc-4066-9ec9-a7afc11780a3,5,,XE,Official
JJ,2025,Wasted Love,Austria,1,4b0be624-6b87-47e8-bbf0-588a2c6c0439,874ac5ef-f034-4065-bec4-a1e2412c54a6,Collected,2006-07-13,NL,Official
JJ,2025,Wasted Love,Austria,1,4b0be624-6b87-47e8-bbf0-588a2c6c0439,9057d12b-64e1-43f0-b0ca-126ac47a115c,Breezin at the Cafe,2013,XE,Bootleg
JJ,2025,Wasted Love,Austria,1,4b0be624-6b87-47e8-bbf0-588a2c6c0439,9409e431-86ff-42ea-aae9-a64f0cf4e264,Travel‐Log,,XW,Official
JJ,2025,Wasted Love,Austria,1,4b0be624-6b87-47e8-bbf0-588a2c6c0439,9a52caaa-6469-4e60-b457-535de1c68b7e,Best: Carry On,2009,DE,Official
JJ,2025,Wasted Love,Austria,1,4b0be624-6b87-47e8-bbf0-588a2c6c0439,9d4677db-c793-4f30-a755-019e73f2e422,Roll On,2009,FR,Official
JJ,2025,Wasted Love,Austria,1,4b0be624-6b87-47e8-bbf0-588a2c6c0439,a07372d0-b5fc-47ab-b6c0-2b93cd35c1bf,The Road to Escondido,2006-10-31,XW,Official
JJ,2025,Wasted Love,Austria,1,4b0be624-6b87-47e8-bbf0-588a2c6c0439,a67a292e-71a4-40ba-9c2c-e29e737875f9,The Silvertone Years,2011-02-07,XE,Official
JJ,2025,Wasted Love,Austria,1,4b0be624-6b87-47e8-bbf0-588a2c6c0439,a6968d34-d5d7-4e06-bfce-04f4ec664c5e,Guitar Man,2019,XE,Official
JJ,2025,Wasted Love,Austria,1,4b0be624-6b87-47e8-bbf0-588a2c6c0439,a69f3338-d3d8-4a55-9cf1-b52c2d5c1856,"In Session at the Paradise Studios, Los Angeles, 1979",2012,XE,Official
JJ,2025,Wasted Love,Austria,1,4b0be624-6b87-47e8-bbf0-588a2c6c0439,a8955372-7b9a-42b0-a295-ea0a44feb2a4,Troubadour,,XW,Official
JJ,2025,Wasted Love,Austria,1,4b0be624-6b87-47e8-bbf0-588a2c6c0439,aa200e33-e88c-4a9f-90c7-2706192921c2,Troubadour,,DE,Official
JJ,2025,Wasted Love,Austria,1,4b0be624-6b87-47e8-bbf0-588a2c6c0439,aa395637-1159-3876-b55e-204244579f7d,Rewind: Unreleased Recordings,2007,US,Official
JJ,2025,Wasted Love,Austria,1,4b0be624-6b87-47e8-bbf0-588a2c6c0439,ad47fc8c-ce29-4a59-95c2-ffc7663075a5,Troubadour,2013-06-26,JP,Official
JJ,2025,Wasted Love,Austria,1,4b0be624-6b87-47e8-bbf0-588a2c6c0439,b0f45b6b-fc98-4d89-aa23-0d21d30e3e0d,Dirty Space Disco Volume 1 Sampler,2007-06,FR,Official
JJ,2025,Wasted Love,Austria,1,4b0be624-6b87-47e8-bbf0-588a2c6c0439,b9df964d-5f81-459d-9d9a-69bf3890b007,5,,US,Official
JJ,2025,Wasted Love,Austria,1,4b0be624-6b87-47e8-bbf0-588a2c6c0439,bc524ba1-b380-4bc5-9c48-39073c43e316,Closer to You,2012-09-23,XW,Official
JJ,2025,Wasted Love,Austria,1,4b0be624-6b87-47e8-bbf0-588a2c6c0439,c0cca6d7-69b5-4af7-b29b-225a55ed4d1a,Okie,,DE,Official
JJ,2025,Wasted Love,Austria,1,4b0be624-6b87-47e8-bbf0-588a2c6c0439,c3754a5b-3266-4ffc-a7e3-d0c524933777,Naturally,2016-06-26,JP,Official
JJ,2025,Wasted Love,Austria,1,4b0be624-6b87-47e8-bbf0-588a2c6c0439,c3dc471b-3860-4474-b166-46ed7c70746b,5 Original Albums,2013,DE,Official
JJ,2025,Wasted Love,Austria,1,4b0be624-6b87-47e8-bbf0-588a2c6c0439,c768c96a-2f0e-4c42-8d15-5fa71c187186,Rewind: Unreleased Recordings,2007,XE,Official
JJ,2025,Wasted Love,Austria,1,4b0be624-6b87-47e8-bbf0-588a2c6c0439,ca54f5a4-861d-486f-9210-e7865b1886ce,New Year’s Eve in Tulsa 1975: Live Radio Broadcast,2019-10-30,AF,Bootleg
JJ,2025,Wasted Love,Austria,1,4b0be624-6b87-47e8-bbf0-588a2c6c0439,caf7329a-f2f8-4611-98d9-74af87967c39,Troubadour,,XE,Official
JJ,2025,Wasted Love,Austria,1,4b0be624-6b87-47e8-bbf0-588a2c6c0439,cc30407f-1952-4f4f-97b9-a65e975ff096,#8,2013-06-26,JP,Official
JJ,2025,Wasted Love,Austria,1,4b0be624-6b87-47e8-bbf0-588a2c6c0439,cd44f190-874e-4ebd-a35c-c533f66b4044,The J.J. Cale Collection,2011-04-08,XE,Official
JJ,2025,Wasted Love,Austria,1,4b0be624-6b87-47e8-bbf0-588a2c6c0439,d098cda8-9049-49cc-8b6b-d72dc4707ea0,Collected,2018-03-23,XE,Official
JJ,2025,Wasted Love,Austria,1,4b0be624-6b87-47e8-bbf0-588a2c6c0439,d3aed368-ad75-49c6-9307-9feccaa7789e,Let’s Paint the Town Red,,US,Official
JJ,2025,Wasted Love,Austria,1,4b0be624-6b87-47e8-bbf0-588a2c6c0439,d50ef1c9-f9f1-4f4f-86c5-953bbd93fef4,Okie,2013-06-26,JP,Official
JJ,2025,Wasted Love,Austria,1,4b0be624-6b87-47e8-bbf0-588a2c6c0439,d55d81d7-639d-4012-9c19-36e0514afe7c,The Road to Escondido,2007-01-23,US,Official
JJ,2025,Wasted Love,Austria,1,4b0be624-6b87-47e8-bbf0-588a2c6c0439,d5cfec32-32ac-4a2f-9a19-3e5db60d2cb7,Gold,2007-04-27,DE,Official
JJ,2025,Wasted Love,Austria,1,4b0be624-6b87-47e8-bbf0-588a2c6c0439,d5d712db-3c2e-4e86-ab18-b54b517285cd,The Definitive Collection,2005-05-07,US,Official
JJ,2025,Wasted Love,Austria,1,4b0be624-6b87-47e8-bbf0-588a2c6c0439,d68802e9-9a50-4f2b-943f-a9457050a49f,Shades,,US,Official
JJ,2025,Wasted Love,Austria,1,4b0be624-6b87-47e8-bbf0-588a2c6c0439,d6937738-822c-4c09-91d6-bb19ea41c1ed,Shades,,XW,Official
JJ,2025,Wasted Love,Austria,1,4b0be624-6b87-47e8-bbf0-588a2c6c0439,d697e901-f194-4d1e-b625-cfe65435d1c9,Naturally,,XW,Official
JJ,2025,Wasted Love,Austria,1,4b0be624-6b87-47e8-bbf0-588a2c6c0439,d74f5665-e75d-41d5-acc3-d6cae394aca3,Special Edition,,US,Official
JJ,2025,Wasted Love,Austria,1,4b0be624-6b87-47e8-bbf0-588a2c6c0439,d89df478-3c6b-4bcb-b9a3-0e934ff07f8a,"In Session at the Paradise Studios, Los Angeles, 1979",2012,US,Official
JJ,2025,Wasted Love,Austria,1,4b0be624-6b87-47e8-bbf0-588a2c6c0439,d9d4a1a8-9d66-49b1-8aa7-120bf935605a,Cocaine / After Midnight,,DE,Official
JJ,2025,Wasted Love,Austria,1,4b0be624-6b87-47e8-bbf0-588a2c6c0439,dac782e8-e1ab-4735-8523-485132a70426,#8,,XE,Official
JJ,2025,Wasted Love,Austria,1,4b0be624-6b87-47e8-bbf0-588a2c6c0439,e0650a21-7960-49c8-ba2a-2c875c6847e1,The Low Down: Quincy ’93,2024-10-09,,Official
JJ,2025,Wasted Love,Austria,1,4b0be624-6b87-47e8-bbf0-588a2c6c0439,e09cfb2a-521e-4fc3-8ca5-d292c098d1ec,The Road to Escondido,2006-11-03,XE,Official
JJ,2025,Wasted Love,Austria,1,4b0be624-6b87-47e8-bbf0-588a2c6c0439,e4c940dc-f7d4-4331-89ed-ebfce90c0e0b,The Road to Escondido,2006-11-07,US,Official
JJ,2025,Wasted Love,Austria,1,4b0be624-6b87-47e8-bbf0-588a2c6c0439,ebe743b3-9a3b-4f26-a396-56e044a6247a,Number 10,,XW,Official
JJ,2025,Wasted Love,Austria,1,4b0be624-6b87-47e8-bbf0-588a2c6c0439,ed6c999e-fce5-4bdb-92d5-e0824b5e6fd1,Live,,,Official
JJ,2025,Wasted Love,Austria,1,4b0be624-6b87-47e8-bbf0-588a2c6c0439,f2219c4c-3691-4361-b0b3-29f5965ea117,Guitar Man,,XW,Official
JJ,2025,Wasted Love,Austria,1,4b0be624-6b87-47e8-bbf0-588a2c6c0439,f62baee0-687e-4c11-8cba-2120fc29255c,Roll On,2009-02-24,US,Official
JJ,2025,Wasted Love,Austria,1,4b0be624-6b87-47e8-bbf0-588a2c6c0439,f88a4605-6ed1-4730-9c0b-79f0faff75d2,Really,,XW,Official
JJ,2025,Wasted Love,Austria,1,4b0be624-6b87-47e8-bbf0-588a2c6c0439,fbee4f0a-2fdc-47f6-9c21-6c171d921136,The Silvertone Years,2011,ZA,Official
Tommy Cash,2025,Espresso Macchiato,Estonia,3,d8c5c228-0dff-4236-beae-3e2982714a72,098ae8ee-a63f-43ca-af7a-979ad8f60387,"A Musical Tribute: ""My Brother Johnny Cash""",2004,US,Official
Tommy Cash,2025,Espresso Macchiato,Estonia,3,d8c5c228-0dff-4236-beae-3e2982714a72,1c555bf3-0b38-486e-aa85-daf8a7f686ee,26 Country Hits,2007-04-12,XW,Official
Tommy Cash,2025,Espresso Macchiato,Estonia,3,d8c5c228-0dff-4236-beae-3e2982714a72,24fefaf2-80c1-4b82-a997-cf5a0f18810c,The New Spirit,1978,US,Official
Tommy Cash,2025,Espresso Macchiato,Estonia,3,d8c5c228-0dff-4236-beae-3e2982714a72,25bda1b9-f74e-44a5-846c-9befc0f5b1f2,Fade to Black (Memories of Johnny),2008,US,Official
Tommy Cash,2025,Espresso Macchiato,Estonia,3,d8c5c228-0dff-4236-beae-3e2982714a72,27a4ba26-d929-4a5f-a6ca-9c7ff5ca465a,Rise and Shine,1970,US,Official
Tommy Cash,2025,Espresso Macchiato,Estonia,3,d8c5c228-0dff-4236-beae-3e2982714a72,2f068688-d04c-4e02-843a-960622213fd8,The 25th Anniversary Album,1992,GB,Official
Tommy Cash,2025,Espresso Macchiato,Estonia,3,d8c5c228-0dff-4236-beae-3e2982714a72,31a8e794-c8ca-4db4-89a5-661ee353b5d1,Six White Horses,1970,US,Official
Tommy Cash,2025,Espresso Macchiato,Estonia,3,d8c5c228-0dff-4236-beae-3e2982714a72,3e727eab-2149-4b98-abae-0d95890f22a4,The American Way of Life,1971,CA,Official
Tommy Cash,2025,Espresso Macchiato,Estonia,3,d8c5c228-0dff-4236-beae-3e2982714a72,45396200-ac95-4ab0-a407-2e6eebba67db,Radio Lover,1987,US,Promotion
Tommy Cash,2025,Espresso Macchiato,Estonia,3,d8c5c228-0dff-4236-beae-3e2982714a72,6045c95c-cbe4-484e-8b48-dd68c8d386a3,Cashin' In,1982,US,Official
Tommy Cash,2025,Espresso Macchiato,Estonia,3,d8c5c228-0dff-4236-beae-3e2982714a72,692ba0ca-c3a0-4cc5-901b-8e5b8f64a964,The Very Best of Tommy Cash,1999,US,Official
Tommy Cash,2025,Espresso Macchiato,Estonia,3,d8c5c228-0dff-4236-beae-3e2982714a72,878168c7-7f08-42a5-a8cd-826761988dc2,Your Lovin' Takes the Leavin' Out of Me,1969,US,Official
Tommy Cash,2025,Espresso Macchiato,Estonia,3,d8c5c228-0dff-4236-beae-3e2982714a72,8982f1df-f836-4b8d-bbe1-27fff633bdc9,Let an Old Racehorse Run,1993,US,Official
Tommy Cash,2025,Espresso Macchiato,Estonia,3,d8c5c228-0dff-4236-beae-3e2982714a72,8d9af768-4b69-4e22-9b45-646931bb05ad,Only a Stone,1975,US,Official
Tommy Cash,2025,Espresso Macchiato,Estonia,3,d8c5c228-0dff-4236-beae-3e2982714a72,988e8e7a-e30f-4b15-8733-1ad3a1e19f8c,Classics,1999,US,Official
Tommy Cash,2025,Espresso Macchiato,Estonia,3,d8c5c228-0dff-4236-beae-3e2982714a72,b9d57551-8425-406a-9c87-4498f75605e5,Here Comes Tommy Cash,1967,US,Official
Tommy Cash,2025,Espresso Macchiato,Estonia,3,d8c5c228-0dff-4236-beae-3e2982714a72,ccbfa4c8-9da4-4c0c-9022-5aded45f72dd,The 25th Anniversary Album,1990,US,Official
Tommy Cash,2025,Espresso Macchiato,Estonia,3,d8c5c228-0dff-4236-beae-3e2982714a72,e47b5bab-3594-4b6d-9704-2555b497a396,Cash Country,1971,US,Official
Tommy Cash,2025,Espresso Macchiato,Estonia,3,d8c5c228-0dff-4236-beae-3e2982714a72,e725b6b5-daa6-4d36-ada9-489a7b7ef784,Tommy Cash,2009,DK,Official
Tommy Cash,2025,Espresso Macchiato,Estonia,3,d8c5c228-0dff-4236-beae-3e2982714a72,e73e9d5a-3add-4d85-aeb5-741559bb4c25,All Around Cowboy,1982,US,Official
KAJ,2025,Bara bada bastu,Sweden,4,f9655d9e-fd87-4f64-be7d-0bd0fe17f19d,0ca65544-5e78-4032-b09c-672c669d7cb2,Kom ti Byin,2016,XW,Official
KAJ,2025,Bara bada bastu,Sweden,4,f9655d9e-fd87-4f64-be7d-0bd0fe17f19d,1ac3a096-f3ad-409c-8384-f30f79c7eb04,Text-TV,2019-11-10,XW,Official
KAJ,2025,Bara bada bastu,Sweden,4,f9655d9e-fd87-4f64-be7d-0bd0fe17f19d,1b7faff5-4a14-4372-ac5b-91a42abfae9e,Jåo nåo e ja jåo YOLO ja nåo,2014-07-12,XW,Official
KAJ,2025,Bara bada bastu,Sweden,4,f9655d9e-fd87-4f64-be7d-0bd0fe17f19d,3bf8898c-08c7-46e3-afb6-3a713ddeb0bc,Heimani i skick,2013-05-18,XW,Official
KAJ,2025,Bara bada bastu,Sweden,4,f9655d9e-fd87-4f64-be7d-0bd0fe17f19d,4200569e-eae5-454e-aa5b-2b00c7841671,Paavos barkbrö (live at Skolmusik 2017),2017-05-19,XW,Official
KAJ,2025,Bara bada bastu,Sweden,4,f9655d9e-fd87-4f64-be7d-0bd0fe17f19d,52106ec5-7d2c-4414-81b2-d974616ea9d5,Dansgolv,2024-04-19,XW,Official
KAJ,2025,Bara bada bastu,Sweden,4,f9655d9e-fd87-4f64-be7d-0bd0fe17f19d,62de7419-073f-4a2a-b76b-3766fd888dda,Firmans man,2024-03-28,XW,Official
KAJ,2025,Bara bada bastu,Sweden,4,f9655d9e-fd87-4f64-be7d-0bd0fe17f19d,6431f7a0-0ee1-4827-b44c-5b92d853fe6c,Karaoke,2025-10-17,XW,Official
KAJ,2025,Bara bada bastu,Sweden,4,f9655d9e-fd87-4f64-be7d-0bd0fe17f19d,6b42586b-67a6-42ba-af0f-dface20b1b8b,Professionella pjasalappar,2012,FI,Official
KAJ,2025,Bara bada bastu,Sweden,4,f9655d9e-fd87-4f64-be7d-0bd0fe17f19d,79f09ef2-47d0-443f-94a0-1133b36bb8f4,Sauna Collection,2025-05-09,XW,Official
KAJ,2025,Bara bada bastu,Sweden,4,f9655d9e-fd87-4f64-be7d-0bd0fe17f19d,8274535b-3f95-45e1-8ab0-f471c2a7e176,Economy Plus,2026-05-01,XW,Official
KAJ,2025,Bara bada bastu,Sweden,4,f9655d9e-fd87-4f64-be7d-0bd0fe17f19d,879aeae3-0c89-4321-8633-e61c38e2c3ae,Karar i arbeit,2024-05-10,FI,Official
KAJ,2025,Bara bada bastu,Sweden,4,f9655d9e-fd87-4f64-be7d-0bd0fe17f19d,89671e81-6b4f-4f4f-8747-66c1f238b35d,Lokalproducerat Pjas,2014,FI,Official
KAJ,2025,Bara bada bastu,Sweden,4,f9655d9e-fd87-4f64-be7d-0bd0fe17f19d,afc3bb6e-621e-4e0b-8a48-45ad7d8cfa4f,Bara bada bastu,2025-02-21,XW,Official
KAJ,2025,Bara bada bastu,Sweden,4,f9655d9e-fd87-4f64-be7d-0bd0fe17f19d,b641e4fc-b168-4ab3-9f00-b438cd9f3903,Pa to ta na kako?,2015-07-10,XW,Official
KAJ,2025,Bara bada bastu,Sweden,4,f9655d9e-fd87-4f64-be7d-0bd0fe17f19d,be2eb375-009e-4211-9918-5081c3acd112,Vems pojk e do?,2019-11-21,XW,Official
KAJ,2025,Bara bada bastu,Sweden,4,f9655d9e-fd87-4f64-be7d-0bd0fe17f19d,c4075944-4b59-43e1-85f4-d814f28cf163,Bara bada bastu (Trauma edition),2026-02-28,XW,Official
KAJ,2025,Bara bada bastu,Sweden,4,f9655d9e-fd87-4f64-be7d-0bd0fe17f19d,c5fb0c96-5064-4d27-b4cb-4871d8140e3a,KAJ 10: Live i Botniahallen 30.11.2019,2020,FI,Official
KAJ,2025,Bara bada bastu,Sweden,4,f9655d9e-fd87-4f64-be7d-0bd0fe17f19d,ca2e3f7a-c7e2-4090-b0a0-ce0630a90a68,Botnia Paradise,2021-12-10,FI,Official
KAJ,2025,Bara bada bastu,Sweden,4,f9655d9e-fd87-4f64-be7d-0bd0fe17f19d,ca939ac0-656a-493e-98dd-14d23a6f4c7e,Sauna Collection,2025-05-09,FI,Official
KAJ,2025,Bara bada bastu,Sweden,4,f9655d9e-fd87-4f64-be7d-0bd0fe17f19d,d70d06a1-9760-42fb-a6ea-5855e7737a24,Lokalproducerat Pjas,2014-09-27,XW,Official
KAJ,2025,Bara bada bastu,Sweden,4,f9655d9e-fd87-4f64-be7d-0bd0fe17f19d,e4dc873f-5bea-4e95-b6b3-8691eae4943d,Mosquito,2025-07-04,XW,Official
KAJ,2025,Bara bada bastu,Sweden,4,f9655d9e-fd87-4f64-be7d-0bd0fe17f19d,ea9f8eab-e0ff-487f-9a9a-99d2d96094a2,Gambämark,2018,XW,Official
KAJ,2025,Bara bada bastu,Sweden,4,f9655d9e-fd87-4f64-be7d-0bd0fe17f19d,eb0db14e-76cd-41f6-9edf-89cf4cc13211,Botnia Paradise,,,Official
KAJ,2025,Bara bada bastu,Sweden,4,f9655d9e-fd87-4f64-be7d-0bd0fe17f19d,ef00e81a-e62b-46ea-a7f6-7d60914c1544,KAJ 10,2020-05-07,XW,Official
KAJ,2025,Bara bada bastu,Sweden,4,f9655d9e-fd87-4f64-be7d-0bd0fe17f19d,f0480d3c-9007-4adf-ac27-e98f85649c2f,Botnia Paradise,2021-12-10,XW,Official
KAJ,2025,Bara bada bastu,Sweden,4,f9655d9e-fd87-4f64-be7d-0bd0fe17f19d,f8792e14-87fd-4008-b4f3-b9c082399cd6,Taco hej (me. GU$TA),2016-08-04,XW,Official
Lucio Corsi,2025,Volevo essere un duro,Italy,5,c84ada8b-18d7-4081-85ea-31cf66b42724,02ac288a-0675-4522-b9eb-71e98c59ddfa,Volevo essere un duro,2025-02-12,XW,Official
Lucio Corsi,2025,Volevo essere un duro,Italy,5,c84ada8b-18d7-4081-85ea-31cf66b42724,29bb6b7d-35e3-48ce-b73e-5ede6385825e,Volevo essere un duro,2025-04-11,IT,Official
Lucio Corsi,2025,Volevo essere un duro,Italy,5,c84ada8b-18d7-4081-85ea-31cf66b42724,3a002490-025b-4ab0-9041-8c4ce74dfe76,Bestiario Musicale,2026-03-21,IT,Official
Lucio Corsi,2025,Volevo essere un duro,Italy,5,c84ada8b-18d7-4081-85ea-31cf66b42724,3aaeaed9-cc30-457e-8dc5-7b35f6c0771e,Bestiario musicale,2017-03-10,IT,Official
Lucio Corsi,2025,Volevo essere un duro,Italy,5,c84ada8b-18d7-4081-85ea-31cf66b42724,41d01b8d-bbd9-44c0-bc85-daf1b66e2753,Vetulonia Dakar,2014-04-29,,Official
Lucio Corsi,2025,Volevo essere un duro,Italy,5,c84ada8b-18d7-4081-85ea-31cf66b42724,4e10aa8a-1acc-4e46-b167-15bb7a0e094f,Notte di Natale,2025-11-20,XW,
Lucio Corsi,2025,Volevo essere un duro,Italy,5,c84ada8b-18d7-4081-85ea-31cf66b42724,5d605af7-8e52-46c1-82c8-9dc6d89ab0ab,Cosa faremo da grandi?,2020-01-17,IT,
Lucio Corsi,2025,Volevo essere un duro,Italy,5,c84ada8b-18d7-4081-85ea-31cf66b42724,6d058fa8-c760-42bb-a5d5-2b3549f9032b,La Chitarra Nella Roccia,2025-11-14,XW,Official
Lucio Corsi,2025,Volevo essere un duro,Italy,5,c84ada8b-18d7-4081-85ea-31cf66b42724,6fd2a25c-69ed-4d1c-97ac-b1c181cd651d,Altalena Boy,2015-01-16,IT,Official
Lucio Corsi,2025,Volevo essere un duro,Italy,5,c84ada8b-18d7-4081-85ea-31cf66b42724,85e04499-8a0c-414c-827d-e4a23cd634d7,Volevo essere un duro,2025-03-21,,Official
Lucio Corsi,2025,Volevo essere un duro,Italy,5,c84ada8b-18d7-4081-85ea-31cf66b42724,89bb22fb-e71f-4c69-901d-4a6bcb651355,Volevo essere un duro,2025-02-12,XW,Official
Lucio Corsi,2025,Volevo essere un duro,Italy,5,c84ada8b-18d7-4081-85ea-31cf66b42724,89f855aa-80c8-4c46-a1da-451b1d1516ed,Altalena Boy / Vetulonia Dakar,2015-01-16,IT,Official
Lucio Corsi,2025,Volevo essere un duro,Italy,5,c84ada8b-18d7-4081-85ea-31cf66b42724,9853ed5d-5533-4724-8208-a2a8fba8a9b5,Cosa faremo da grandi?,2020-01-17,IT,Official
Lucio Corsi,2025,Volevo essere un duro,Italy,5,c84ada8b-18d7-4081-85ea-31cf66b42724,b0a60854-1b3e-4b84-a506-5026304f3f34,La gente che sogna,2023-04-21,IT,Official
Lucio Corsi,2025,Volevo essere un duro,Italy,5,c84ada8b-18d7-4081-85ea-31cf66b42724,cef94e8c-e44a-4762-9c12-50464046f293,Altalena Boy / Vetulonia Dakar,2015-01-16,XW,Official
Lucio Corsi,2025,Volevo essere un duro,Italy,5,c84ada8b-18d7-4081-85ea-31cf66b42724,fc1225ff-dc28-41c1-b4bb-41bcfd7a3bee,La chitarra nella roccia (live),2025-11-14,,Official
Klavdia,2025,Asteromata,Greece,6,5217ac8c-98ae-4f0b-9db2-bd61af728d07,0f69f8e7-10d8-40c9-9218-6f320e6b7bde,Lonely Heart (Yone remix),2022-10-14,XW,Official
Klavdia,2025,Asteromata,Greece,6,5217ac8c-98ae-4f0b-9db2-bd61af728d07,17e384e7-004c-4338-859f-d68e63f12b0a,CATHARTICUS (Greek Version),2026-04-17,XW,Official
Klavdia,2025,Asteromata,Greece,6,5217ac8c-98ae-4f0b-9db2-bd61af728d07,22d8b488-7323-4ba7-9db4-61fb40a1ea86,Lonely Heart (Arcade remix),2022-10-07,XW,Official
Klavdia,2025,Asteromata,Greece,6,5217ac8c-98ae-4f0b-9db2-bd61af728d07,2bba423d-e9e8-4435-b580-7d1b1e92305f,Lonely Heart (acoustic remix),2022-09-30,XW,Official
Klavdia,2025,Asteromata,Greece,6,5217ac8c-98ae-4f0b-9db2-bd61af728d07,458f683e-8449-4523-b6b6-82daba436c8c,Holy Water (Arcade Midnight remix),2023-02-28,XW,Official
Klavdia,2025,Asteromata,Greece,6,5217ac8c-98ae-4f0b-9db2-bd61af728d07,4932ec7f-2678-4c22-9fc4-54123b493893,Holy Water,2023-02-17,XW,Official
Klavdia,2025,Asteromata,Greece,6,5217ac8c-98ae-4f0b-9db2-bd61af728d07,57373614-870c-469e-8959-5247b5cd85ad,Fire in the Sky,2023-06-16,XW,Official
Klavdia,2025,Asteromata,Greece,6,5217ac8c-98ae-4f0b-9db2-bd61af728d07,5fac13ae-77f8-40ff-a1ee-8e2aa30fa870,Lonely Heart,2022-05-18,XW,Official
Klavdia,2025,Asteromata,Greece,6,5217ac8c-98ae-4f0b-9db2-bd61af728d07,6ba0e2df-bd68-47ba-9cdc-7b5e8d5b5acd,Haramata,2023-01-16,XW,Official
Klavdia,2025,Asteromata,Greece,6,5217ac8c-98ae-4f0b-9db2-bd61af728d07,75bc040f-f707-4256-927d-f91fe0cc890d,Back to Blue,2025-09-05,XW,Official
Klavdia,2025,Asteromata,Greece,6,5217ac8c-98ae-4f0b-9db2-bd61af728d07,a9e1ac0e-295f-4e4c-a61a-5ed1f7fca0c9,Asteromata,2025-05-19,,Official
Klavdia,2025,Asteromata,Greece,6,5217ac8c-98ae-4f0b-9db2-bd61af728d07,b99ff39e-311c-4465-b883-fec704bdb20f,Back to Blue (acoustic),2025-11-14,XW,Official
Klavdia,2025,Asteromata,Greece,6,5217ac8c-98ae-4f0b-9db2-bd61af728d07,c487d968-a8ee-421e-9631-18f639989e6d,Asteromata,2025-01-31,,Official
Klavdia,2025,Asteromata,Greece,6,5217ac8c-98ae-4f0b-9db2-bd61af728d07,ca879fea-9c41-42e4-b919-49c4937f3b04,Edo Gyrnao,2022-09-15,XW,Official
Klavdia,2025,Asteromata,Greece,6,5217ac8c-98ae-4f0b-9db2-bd61af728d07,cf420139-7b6e-44e5-aaf8-da75925c3d7f,Vasanizomai,2024-02-05,XW,Official
Klavdia,2025,Asteromata,Greece,6,5217ac8c-98ae-4f0b-9db2-bd61af728d07,d65b6183-f54c-4125-8d57-84aa41b3bb1e,Holy Water (Arcade Sunset remix),2023-02-28,XW,Official
Klavdia,2025,Asteromata,Greece,6,5217ac8c-98ae-4f0b-9db2-bd61af728d07,e3ea8b69-82e8-4b73-b2b3-b6fad6308357,Holy Water (Kevin Adams remix),2023-03-30,XW,Official
Louane,2025,Maman,France,7,93a128e6-80eb-49b3-ab77-485518a0c45e,01ae1e49-25f8-4d4e-a455-50d4bd1c5d0a,Sassy Energy,2022-10-05,,Official
Louane,2025,Maman,France,7,93a128e6-80eb-49b3-ab77-485518a0c45e,05447149-ff2a-4d63-85b8-0aeb94987bd9,solo,2024-10-24,FR,Official
Louane,2025,Maman,France,7,93a128e6-80eb-49b3-ab77-485518a0c45e,081df288-f2a5-4764-87ef-3db428c0742a,Sentiments heureux,2023-09-15,,Official
Louane,2025,Maman,France,7,93a128e6-80eb-49b3-ab77-485518a0c45e,085d608e-31f4-4bb6-a829-53cf76b93a40,Chambre 12,2017-07-12,JP,Official
Louane,2025,Maman,France,7,93a128e6-80eb-49b3-ab77-485518a0c45e,0e9a7510-3bba-4085-8ed5-d2f735bdd2ce,Les Montgolfières,2024-05-15,XW,Official
Louane,2025,Maman,France,7,93a128e6-80eb-49b3-ab77-485518a0c45e,124a10eb-556d-4c39-a356-87d851e7207d,Si t’étais là,2017-10-13,FR,Official
Louane,2025,Maman,France,7,93a128e6-80eb-49b3-ab77-485518a0c45e,1494903a-0c15-4d37-94e0-9cac3c6540e7,Joie de vivre,2020-10-23,FR,Official
Louane,2025,Maman,France,7,93a128e6-80eb-49b3-ab77-485518a0c45e,24c97c0f-97cb-4522-a237-23faf9737af6,Chambre 12,2015-03-02,FR,Official
Louane,2025,Maman,France,7,93a128e6-80eb-49b3-ab77-485518a0c45e,28f65dab-bf2a-417e-a094-42e6efc59d9c,La Beauté (d’être à part),2023-11-23,CA,Official
Louane,2025,Maman,France,7,93a128e6-80eb-49b3-ab77-485518a0c45e,296ee0c6-848f-4bee-af87-d4d49744b6da,solo,2024-11-07,XW,Official
Louane,2025,Maman,France,7,93a128e6-80eb-49b3-ab77-485518a0c45e,297c35bc-c144-468e-bed5-fde2599591d4,Joie de vivre,2020-10-23,FR,Official
Louane,2025,Maman,France,7,93a128e6-80eb-49b3-ab77-485518a0c45e,2b2f3047-f15a-4c57-b954-b23e9a6a3d1b,solo,2024-10-25,FR,Official
Louane,2025,Maman,France,7,93a128e6-80eb-49b3-ab77-485518a0c45e,2cc170cd-acd0-49c3-b9ac-7c8d584316e5,Sentiments,2022-12-09,AF,Official
Louane,2025,Maman,France,7,93a128e6-80eb-49b3-ab77-485518a0c45e,2e589c4a-6191-4335-872d-04b3888b9e10,Je me demande,2024-12-06,XW,Official
Louane,2025,Maman,France,7,93a128e6-80eb-49b3-ab77-485518a0c45e,348cf979-91e1-4637-a5d4-8ffcf2b36d0d,solo,2024-11-14,XW,Official
Louane,2025,Maman,France,7,93a128e6-80eb-49b3-ab77-485518a0c45e,37227903-ad17-46cd-9daf-1c547623b244,Secret,2022-10-08,XW,Official
Louane,2025,Maman,France,7,93a128e6-80eb-49b3-ab77-485518a0c45e,37ede477-0362-438f-b1fb-e57f072ec229,Conduire,2026-03-27,,Official
Louane,2025,Maman,France,7,93a128e6-80eb-49b3-ab77-485518a0c45e,37f7060a-a6bc-44bc-82ee-14eb503bd26e,Chambre 12,2015-02-16,FR,Official
Louane,2025,Maman,France,7,93a128e6-80eb-49b3-ab77-485518a0c45e,38353a10-4717-47e8-8bf9-cd849bed965c,Louane,2018-11-09,,Official
Louane,2025,Maman,France,7,93a128e6-80eb-49b3-ab77-485518a0c45e,3a28f8b3-e9bd-4370-9ab5-87c2c320baa9,Game Girl,2021-08-26,,Official
Louane,2025,Maman,France,7,93a128e6-80eb-49b3-ab77-485518a0c45e,3c4c1598-851b-4b16-9ac2-20abb4453d26,solo,2024-11-21,XW,Official
Louane,2025,Maman,France,7,93a128e6-80eb-49b3-ab77-485518a0c45e,4856aac0-12a6-4584-b131-907bd7ffefcb,Midi sur novembre,2018-09-21,FR,
Louane,2025,Maman,France,7,93a128e6-80eb-49b3-ab77-485518a0c45e,4bdc2e06-5959-4dd8-99e7-d637d1db1d80,Pardonne-moi,2023-05-26,FR,Official
Louane,2025,Maman,France,7,93a128e6-80eb-49b3-ab77-485518a0c45e,4f08494b-91c7-4db8-afe0-bdadedf416b4,Joie de vivre,2021-02-26,XW,Official
Louane,2025,Maman,France,7,93a128e6-80eb-49b3-ab77-485518a0c45e,505a0561-0549-43ec-9f1f-20f7eadd4da5,Blizzard,2024-09-26,FR,Official
Louane,2025,Maman,France,7,93a128e6-80eb-49b3-ab77-485518a0c45e,5faff3fa-8bdd-4777-9b28-a369dcb7d527,Secrets (sad orchestra),2023-11-07,XW,Official
Louane,2025,Maman,France,7,93a128e6-80eb-49b3-ab77-485518a0c45e,65fc1789-bbd8-4e82-b245-c80a872ecc8d,Sentiments heureux (nan j’déconne),2023-09-18,,Official
Louane,2025,Maman,France,7,93a128e6-80eb-49b3-ab77-485518a0c45e,69b66403-c4e1-4c11-a783-2ad61ae5f8b7,maman (acoustique),2025-04-18,FR,Official
Louane,2025,Maman,France,7,93a128e6-80eb-49b3-ab77-485518a0c45e,6c0afb08-75eb-4262-b0eb-8db821e35012,Donne-moi ton coeur,2020-07-02,XW,Official
Louane,2025,Maman,France,7,93a128e6-80eb-49b3-ab77-485518a0c45e,6ec6a95a-1808-467b-a67c-42de435f60ee,Imagine,2013-05-05,FR,Official
Louane,2025,Maman,France,7,93a128e6-80eb-49b3-ab77-485518a0c45e,71a154be-cc26-4878-a2f2-412fa7940ee5,Sentiments,,FR,Official
Louane,2025,Maman,France,7,93a128e6-80eb-49b3-ab77-485518a0c45e,71eb80c7-85e5-4f2f-bc34-5f94c14fab65,Chambre 12,2015-11-06,FR,Official
Louane,2025,Maman,France,7,93a128e6-80eb-49b3-ab77-485518a0c45e,77ae16af-8ec8-471e-b791-68a89cee16ef,Louane,2018-11-09,FR,Official
Louane,2025,Maman,France,7,93a128e6-80eb-49b3-ab77-485518a0c45e,86b4fcc2-7f41-4ff8-967c-28ea20b72fe7,solo,2024-10-25,,Official
Louane,2025,Maman,France,7,93a128e6-80eb-49b3-ab77-485518a0c45e,87731cad-8b8c-4a37-a3af-4357350dd038,Joie de vivre,2021-09-23,XW,Official
Louane,2025,Maman,France,7,93a128e6-80eb-49b3-ab77-485518a0c45e,8b2cf24e-753d-4be5-b8a2-2595ca06219f,La Fille,2022-11-26,,Official
Louane,2025,Maman,France,7,93a128e6-80eb-49b3-ab77-485518a0c45e,94723ccc-bb43-4adc-80d5-0ad363570728,la pluie (Tornado Club),2024-10-11,XW,Official
Louane,2025,Maman,France,7,93a128e6-80eb-49b3-ab77-485518a0c45e,976210e3-6afa-4414-8489-5e58e66efde6,Chambre 12,2015-07-10,FR,Official
Louane,2025,Maman,France,7,93a128e6-80eb-49b3-ab77-485518a0c45e,98d4ac19-5c12-4fb9-857f-ab187a1f64cf,Louane,2018-09-21,XW,Official
Louane,2025,Maman,France,7,93a128e6-80eb-49b3-ab77-485518a0c45e,9cb34c7a-dad6-4d89-b757-e4160fcf7e96,Chambre 12,2015-08-07,DE,Official
Louane,2025,Maman,France,7,93a128e6-80eb-49b3-ab77-485518a0c45e,9ef53321-b4d5-458f-a707-946b9a5fdbc1,la pluie (dj watchout remix),2024-10-11,XW,Official
Louane,2025,Maman,France,7,93a128e6-80eb-49b3-ab77-485518a0c45e,a384c5f5-903e-4381-acd2-3838ad4cf6cc,Un Homme heureux,2013,,Official
Louane,2025,Maman,France,7,93a128e6-80eb-49b3-ab77-485518a0c45e,a44d8231-4427-4d85-a266-a33702384306,Louane,2017-11-10,FR,Official
Louane,2025,Maman,France,7,93a128e6-80eb-49b3-ab77-485518a0c45e,a495e855-4f3b-4841-840a-6d394cbdfbc4,solo,2025-03-15,XW,Official
Louane,2025,Maman,France,7,93a128e6-80eb-49b3-ab77-485518a0c45e,abf79295-c35e-4f33-9f19-ca6b6e7b306e,Chambre 12,2015-11-06,FR,Official
Louane,2025,Maman,France,7,93a128e6-80eb-49b3-ab77-485518a0c45e,ac4e6f41-bb51-4f08-ba40-56d00b1d96ad,Louane,2017-11-10,FR,Official
Louane,2025,Maman,France,7,93a128e6-80eb-49b3-ab77-485518a0c45e,add8e14d-75e5-42f3-aae3-34796e29a8db,Orchestra (20th Anniversary Version),2025-06-12,,Official
Louane,2025,Maman,France,7,93a128e6-80eb-49b3-ab77-485518a0c45e,b0c5cbd4-183a-42f5-80fc-27888af9d037,Joie de vivre (en couleurs),2021-11-12,FR,Official
Louane,2025,Maman,France,7,93a128e6-80eb-49b3-ab77-485518a0c45e,b3abb4d8-6b07-4096-a851-dda8fecb7c55,Love (for Nest Audio Sessions),2020-12-02,XW,Official
Louane,2025,Maman,France,7,93a128e6-80eb-49b3-ab77-485518a0c45e,b464e799-0a8c-4bd9-8471-9552ffab92bc,Désolée (Vize remix),2020-11-20,XW,Official
Louane,2025,Maman,France,7,93a128e6-80eb-49b3-ab77-485518a0c45e,b52d9a1f-4e6e-4474-81b5-efc045ccc43d,Sentiments heureux,2023-09-17,FR,Official
Louane,2025,Maman,France,7,93a128e6-80eb-49b3-ab77-485518a0c45e,b551677c-caa2-4fb6-897d-e65f7f66d03e,Comment Faire,2021-11-04,XW,Official
Louane,2025,Maman,France,7,93a128e6-80eb-49b3-ab77-485518a0c45e,b5b6d560-5724-43e3-a547-81c4bae0524e,Voyage,2025-06-20,XW,Official
Louane,2025,Maman,France,7,93a128e6-80eb-49b3-ab77-485518a0c45e,b8389736-eade-414e-9695-b6f2edc6d0b7,Joie de vivre (En couleurs),2021-11-12,XW,Official
Louane,2025,Maman,France,7,93a128e6-80eb-49b3-ab77-485518a0c45e,b9241a2c-02eb-45ed-90fc-8c795562f3d6,Tiens mon Best Of,2025-07-11,XW,Official
Louane,2025,Maman,France,7,93a128e6-80eb-49b3-ab77-485518a0c45e,b95948a2-3bb9-40b1-b145-d286614fd2c4,Sentiments heureux,2023-09-14,AF,Official
Louane,2025,Maman,France,7,93a128e6-80eb-49b3-ab77-485518a0c45e,bd279db7-a6da-4511-849a-c3518f79251f,Chambre 12,2025-03-04,,Official
Louane,2025,Maman,France,7,93a128e6-80eb-49b3-ab77-485518a0c45e,bf65496c-4885-4559-911a-8f8db401b6b7,Nos secrets (P.E.L remix),2016-06-17,,Official
Louane,2025,Maman,France,7,93a128e6-80eb-49b3-ab77-485518a0c45e,c119dd2f-18c9-4e83-bfee-66a3231b1e38,La pluie,2024-06-28,FR,Official
Louane,2025,Maman,France,7,93a128e6-80eb-49b3-ab77-485518a0c45e,c1f08d3b-9108-4341-b438-2fa3b5251dbd,In the Business,2023-10-13,XW,Official
Louane,2025,Maman,France,7,93a128e6-80eb-49b3-ab77-485518a0c45e,c5290ae8-1e4d-4c5e-9bc3-4caa46324fd4,Joie de vivre,2021,XE,Official
Louane,2025,Maman,France,7,93a128e6-80eb-49b3-ab77-485518a0c45e,c9a5105f-28bd-487b-a074-9465cd325bd3,Chambre 12,2016,,
Louane,2025,Maman,France,7,93a128e6-80eb-49b3-ab77-485518a0c45e,caa6105d-20db-4bfd-bebf-2e443dabb061,Sentiments heureux (nan j’déconne),2023-11-10,XW,Official
Louane,2025,Maman,France,7,93a128e6-80eb-49b3-ab77-485518a0c45e,cab3e399-2ea3-4f31-9fb7-a68c3456b383,Sentiments,2022-12-09,AF,Official
Louane,2025,Maman,France,7,93a128e6-80eb-49b3-ab77-485518a0c45e,d1428ba5-d675-4ae7-b47f-65ab72832e2b,et si,2024-12-19,XW,Official
Louane,2025,Maman,France,7,93a128e6-80eb-49b3-ab77-485518a0c45e,d8056b6c-ba2f-4197-b68e-bc2faa143bf3,Jour 1 (Birthday Party version),2024-03-22,XW,Official
Louane,2025,Maman,France,7,93a128e6-80eb-49b3-ab77-485518a0c45e,d9e9ec99-e405-41b7-b888-eb6afb0cd29c,Donne-moi ton cœur (acoustique),2020-07-30,XW,Official
Louane,2025,Maman,France,7,93a128e6-80eb-49b3-ab77-485518a0c45e,dc832b01-903d-450a-a7f3-c362dc0f6f0b,maman (English version),2025-05-23,XW,Official
Louane,2025,Maman,France,7,93a128e6-80eb-49b3-ab77-485518a0c45e,e731f7e7-bfe6-46cc-b36d-f2b788afef13,Sans repères,2022-10-19,XW,Official
Louane,2025,Maman,France,7,93a128e6-80eb-49b3-ab77-485518a0c45e,e9baee3e-f8c5-404c-829e-ce0380022d5c,Midi sur novembre,2018-09-21,FR,Promotion
Louane,2025,Maman,France,7,93a128e6-80eb-49b3-ab77-485518a0c45e,ea4f2531-3faf-421a-9f1a-e75e7e2ffaa3,Donne-moi ton cœur (8D Audio),2020-07-01,XW,Official
Louane,2025,Maman,France,7,93a128e6-80eb-49b3-ab77-485518a0c45e,ee9655c3-ec0c-4316-bf9c-c3ca849c574e,brise,2024-10-03,,Official
Louane,2025,Maman,France,7,93a128e6-80eb-49b3-ab77-485518a0c45e,f1019e0b-97cb-4d92-be6b-ec81cfceae43,la pluie (*Tornado Club*),2024-07-25,,Official
Louane,2025,Maman,France,7,93a128e6-80eb-49b3-ab77-485518a0c45e,f42e7292-d459-412c-b9ca-45f9fc7183b5,On était beau,2017-06-23,FR,Official
Louane,2025,Maman,France,7,93a128e6-80eb-49b3-ab77-485518a0c45e,f7c7030a-f9a8-4a51-a60b-63d1f789bba1,Tissues (French version),2022-11-18,XW,Official
Louane,2025,Maman,France,7,93a128e6-80eb-49b3-ab77-485518a0c45e,f857b2ff-221d-4b61-a3a2-e5d47723d187,Avenir,2014-12-01,FR,Official
Louane,2025,Maman,France,7,93a128e6-80eb-49b3-ab77-485518a0c45e,fd49fd51-051c-425f-9c13-59d2e6bc08db,foudre,2024-10-10,FR,Official
Louane,2025,Maman,France,7,93a128e6-80eb-49b3-ab77-485518a0c45e,fdc42cd0-862d-46f5-b13e-b2e53e92aef0,maman (instrumental),2025-04-24,XW,Official
Shkodra Elektronike,2025,Zjerm,Albania,8,550e40ef-8359-44da-a725-130570d13e84,199b948e-61f3-48ae-8df0-467febb94963,Vaj si kenka ba dynjaja,2023-03-16,XW,Official
Shkodra Elektronike,2025,Zjerm,Albania,8,550e40ef-8359-44da-a725-130570d13e84,488f38f9-e31a-4391-a3f5-cd6c7d500fe3,Turtulleshë,2022-01-07,XW,Official
Shkodra Elektronike,2025,Zjerm,Albania,8,550e40ef-8359-44da-a725-130570d13e84,4f3f8266-c4c8-4c73-b15c-e7265acc317b,Zjerm,2024-12-10,XW,Official
Shkodra Elektronike,2025,Zjerm,Albania,8,550e40ef-8359-44da-a725-130570d13e84,613ccec0-1882-4853-bb01-401818144a71,Synin si qershia,2020-10-14,XW,Official
Shkodra Elektronike,2025,Zjerm,Albania,8,550e40ef-8359-44da-a725-130570d13e84,6c71e43e-97b4-4419-ac71-d9ad909f1208,Ku e gjeta vedin,2020-01-05,XW,Official
Shkodra Elektronike,2025,Zjerm,Albania,8,550e40ef-8359-44da-a725-130570d13e84,77261bf8-9c0a-4f85-9d2d-2aa46f3d990d,shndrit!,2025-05-23,XW,Official
Shkodra Elektronike,2025,Zjerm,Albania,8,550e40ef-8359-44da-a725-130570d13e84,a683d25a-ba41-4659-b3f5-23bd12831c43,Turtulleshë (Kingja Remix),2023-05-26,XW,Official
Shkodra Elektronike,2025,Zjerm,Albania,8,550e40ef-8359-44da-a725-130570d13e84,dd65c006-7b8d-4447-ba7b-930570ebad3c,Live @ Uzina,2022-03-10,XW,Official
Ziferblat,2025,Bird of Pray,Ukraine,9,8ec95945-226e-4393-8a4e-186d4c6950cc,09dde85a-ae3a-4e71-9c9e-2a8a65a31996,Place I Call Home,2024-01-12,,Official
Ziferblat,2025,Bird of Pray,Ukraine,9,8ec95945-226e-4393-8a4e-186d4c6950cc,7ef663b0-eca0-4cec-a5cd-c0a1ea047dea,Of Us,2025-05-02,,Official
Ziferblat,2025,Bird of Pray,Ukraine,9,8ec95945-226e-4393-8a4e-186d4c6950cc,9210e88d-19cf-468b-9838-c872a6f44b34,Bird of Pray,2025-01-24,,Official
Ziferblat,2025,Bird of Pray,Ukraine,9,8ec95945-226e-4393-8a4e-186d4c6950cc,be84e456-63d8-4a6a-99f4-3c3a2c058f95,Перетворення,2023-04-07,UA,Official
Ziferblat,2025,Bird of Pray,Ukraine,9,8ec95945-226e-4393-8a4e-186d4c6950cc,e95abaf1-fd6e-482a-a945-2160c984fb4f,Земля,2022-05-07,XW,Official
Zoë Më,2025,Voyage,Switzerland,10,3f6c091d-b83b-4900-aafe-8c734ad77159,00f84e27-2b35-4ad8-8f71-41472c816221,Das Lied der Leichtigkeit,2021-04-16,XW,Official
Zoë Më,2025,Voyage,Switzerland,10,3f6c091d-b83b-4900-aafe-8c734ad77159,014af4ab-a37e-4f3a-ae8a-93836640da61,Itsuko,2020-04-03,XW,Official
Zoë Më,2025,Voyage,Switzerland,10,3f6c091d-b83b-4900-aafe-8c734ad77159,0c2caa0c-f40e-4b3b-97fa-d98f5a2bba40,Momoko,2020-09-04,XW,Official
Zoë Më,2025,Voyage,Switzerland,10,3f6c091d-b83b-4900-aafe-8c734ad77159,1ba97eaa-d30e-485b-badd-d18a5eb5ca22,Bärenbrüder,2018-10-12,XW,Official
Zoë Më,2025,Voyage,Switzerland,10,3f6c091d-b83b-4900-aafe-8c734ad77159,307a66eb-03df-4a05-91d7-406b0de426fc,Kartenhaus,2020-08-21,XW,Official
Zoë Më,2025,Voyage,Switzerland,10,3f6c091d-b83b-4900-aafe-8c734ad77159,452a80ef-3be1-4290-b7d0-361229b01f37,Overdose,2024-10-25,XW,Official
Zoë Më,2025,Voyage,Switzerland,10,3f6c091d-b83b-4900-aafe-8c734ad77159,483d50a0-3c0b-46d9-ba64-4546d2e3a9e6,Voyage (version festive),2025-11-28,,Official
Zoë Më,2025,Voyage,Switzerland,10,3f6c091d-b83b-4900-aafe-8c734ad77159,512e844d-bd4e-4fe5-90dd-b3e0c224f879,Loup Garou,2025-11-21,XW,Official
Zoë Më,2025,Voyage,Switzerland,10,3f6c091d-b83b-4900-aafe-8c734ad77159,5d785a39-301e-495f-acb8-06829961e9e3,Ok,2023-10-27,XW,Official
Zoë Më,2025,Voyage,Switzerland,10,3f6c091d-b83b-4900-aafe-8c734ad77159,679fc568-cb8d-4e88-b9fc-91eff1ffdfdc,Durch die Nacht,2025-08-29,XW,Official
Zoë Më,2025,Voyage,Switzerland,10,3f6c091d-b83b-4900-aafe-8c734ad77159,7c6a0419-b376-4af6-ba80-c2b71219f189,Liste des Interdits,2024-02-14,XW,Official
Zoë Më,2025,Voyage,Switzerland,10,3f6c091d-b83b-4900-aafe-8c734ad77159,8e3c4c0a-97fe-4843-8b01-2e74e2699420,Aimée,2020-06-26,XW,Official
Zoë Më,2025,Voyage,Switzerland,10,3f6c091d-b83b-4900-aafe-8c734ad77159,8fbf0b54-b774-4d86-acf8-be5917bc71c7,Dorienne Gris,2024-05-17,XW,Official
Zoë Më,2025,Voyage,Switzerland,10,3f6c091d-b83b-4900-aafe-8c734ad77159,9d395606-f781-4cc7-8ae1-80a40d3deb79,Valse à Demi,2026-02-13,,Official
Zoë Më,2025,Voyage,Switzerland,10,3f6c091d-b83b-4900-aafe-8c734ad77159,a4c01f47-734d-4f10-9ba0-95cc14750f9a,Lied ohne Ende,2023-12-08,XW,Official
Zoë Më,2025,Voyage,Switzerland,10,3f6c091d-b83b-4900-aafe-8c734ad77159,b5b6d560-5724-43e3-a547-81c4bae0524e,Voyage,2025-06-20,XW,Official
Zoë Më,2025,Voyage,Switzerland,10,3f6c091d-b83b-4900-aafe-8c734ad77159,b5f90ffc-346c-400a-838c-2f823ffc06d2,Freunde finden / Devenir Amis,2024-04-19,,Official
Zoë Më,2025,Voyage,Switzerland,10,3f6c091d-b83b-4900-aafe-8c734ad77159,bef50020-7a93-4aec-8936-4e792718ad4b,Million de Mois,2025-07-04,XW,Official
Zoë Më,2025,Voyage,Switzerland,10,3f6c091d-b83b-4900-aafe-8c734ad77159,c5aea610-f0fb-40e0-9b97-0161082db0e8,Ok,2024-07-12,XW,Official
Zoë Më,2025,Voyage,Switzerland,10,3f6c091d-b83b-4900-aafe-8c734ad77159,cee16e1f-d541-47b1-b6b1-07c205bb9fb8,Fallende Tänzer,2020-08-14,XW,Official
Zoë Më,2025,Voyage,Switzerland,10,3f6c091d-b83b-4900-aafe-8c734ad77159,d88cae1d-0e0c-46d6-8a05-b13b5b6e8ca6,Clair de Lune,2025-10-24,,Official
Zoë Më,2025,Voyage,Switzerland,10,3f6c091d-b83b-4900-aafe-8c734ad77159,da2b6699-1bbc-4820-986d-8c26a8c6338b,Endlose Strasse,2019-11-22,XW,Official
Zoë Më,2025,Voyage,Switzerland,10,3f6c091d-b83b-4900-aafe-8c734ad77159,df435f50-823f-40f4-9cde-b3c3651cc4ef,Voyage,2025-03-10,XW,Official
Zoë Më,2025,Voyage,Switzerland,10,3f6c091d-b83b-4900-aafe-8c734ad77159,ee57cedf-1c73-4f79-b194-ad010a37639f,Le Loup,2024-03-15,XW,Official
